address,checkIn,checkOut,city,country,currency,distanceFromCenterKm,freeCancellation,hasBreakfast,hasSecureDeposit,hotelId,isGuruHotel,isSuperhost,kind,latitude,longitude,masterId,metroNearby,minPrice,minPricePerNight,name,nameEn,nearestSubway,nearestSubwayDistanceM,otaChainId,priceEur,priceRub,priceUsd,rates/0/currency,rates/0/freeCancellation,rates/0/freeCancellationBefore,rates/0/hasBreakfast,rates/0/mealType,rates/0/price,rates/0/priceEur,rates/0/pricePerNight,rates/0/priceRub,rates/0/priceUsd,rates/0/roomName,ratesCount,rating,ratingCount,regionId,regionName,roomsNumber,scrapedAt,starRating,tripadvisorRating,tripadvisorReviews,type,source_city,source_season,source_file,nights,price_per_night_calc,distance_category,rating_category,photo_count
"Samarskaya street, 1, Москва",2026-10-15,2026-10-25,Москва,Россия,RUB,3.2495396,True,False,False,radisson_blu_olympiyskiy_hotel,True,False,Hotel,55.784706,37.626274,8869780,True,143000.0,14300,"Гостиница Radisson Blu Олимпийский, Москва","Radisson Blu Olympiyskiy Hotel, Moscow",Проспект Мира (Калужско-Рижская),548.0,18.0,1491.83,143000.0,1700.86,RUB,True,2026-10-14T21:00:00Z,False,nomeal,143000.0,1491.83,14300,143000.0,1700.86,Двухместный номер Стандартный с видом на город (2 отдельные кровати),1,9.1,728.0,2395,Москва,379.0,2026-09-27 07:36:50.471,5.0,,,awarded-hotel,Москва,октябрь,moscow_october.xlsx,10,14300.0,2-5 км,9+,10
"150 Mira Prospect, Москва",2026-10-15,2026-10-25,Москва,Россия,RUB,7.5816135,True,False,False,cosmos_hotel,True,False,Hotel,55.82206,37.6471,7466678,True,46200.0,4620,Cosmos Москва ВДНХ Отель,Cosmos Moscow VDNH Hotel,ВДНХ,384.0,873.0,481.97,46200.0,549.51,RUB,True,2026-10-14T21:00:00Z,False,nomeal,46200.0,481.97,4620,46200.0,549.51,Номер Стандарт,1,6.9,2533.0,2395,Москва,1644.0,2026-09-27 07:36:50.471,3.0,,,historic-hotel,Москва,октябрь,moscow_october.xlsx,10,4620.0,5-10 км,<7,10
"Ленинский проспект, д.158, Москва",2026-10-15,2026-10-25,Москва,Россия,RUB,14.356438,True,False,False,happy_home_apartment_hotel,True,False,Hotel,55.651367,37.48286,13647556,True,45600.0,4560,Апарт-отель Happy Home,Happy Home Apartment hotel,Тропарёво,892.0,,475.72,45600.0,542.37,RUB,True,2026-10-14T12:00:00Z,False,nomeal,45600.0,475.72,4560,45600.0,542.37,Апартаменты Comfort c 1 комнатой (двуспальная кровать),1,7.9,30.0,2395,Москва,25.0,2026-09-27 07:36:50.471,,,,,Москва,октябрь,moscow_october.xlsx,10,4560.0,10-20 км,7-8,10
"переулок Съезжинский, д.8 стр.1, Москва",2026-10-15,2026-10-25,Москва,Россия,RUB,3.592184,True,False,False,otel_andron,True,False,Hotel,55.7477,37.67328,6344401,True,32130.0,3213,Гостиница Андрон-Отель,Andron-Otel Hotel,Площадь Ильича,465.0,,335.19,32130.0,382.16,RUB,True,2026-10-15T11:00:00Z,False,nomeal,32130.0,335.19,3213,32130.0,382.16,Двухместный номер Economy (без окна) (двуспальная кровать) (без окна),1,7.3,847.0,2395,Москва,94.0,2026-09-27 07:36:50.471,3.0,2.7,130.0,,Москва,октябрь,moscow_october.xlsx,10,3213.0,2-5 км,7-8,10
"улица Петра Романова, д.7/2, Москва",2026-10-15,2026-10-25,Москва,Россия,RUB,6.6457863,True,False,False,aroma_hotel_on_kozhukhovskaya,True,False,Hotel,55.70816,37.681767,9084838,True,36180.0,3618,Отель Арома-Отель,Aroma-otel Hotel,Кожуховская,322.0,,377.44,36180.0,430.33,RUB,True,2026-10-15T11:00:00Z,False,nomeal,36180.0,377.44,3618,36180.0,430.33,Двухместный номер Budget Цокольный этаж (двуспальная кровать),1,8.0,631.0,2395,Москва,124.0,2026-09-27 07:36:50.472,3.0,,,,Москва,октябрь,moscow_october.xlsx,10,3618.0,5-10 км,7-8,10
"улица Большая Семеновская, д. 32, стр. 3, Москва",2026-10-15,2026-10-25,Москва,Россия,RUB,6.306223,True,False,False,shelterz_elektrozavodskaya,True,False,Hotel,55.7814,37.707794,9990836,True,29767.5,2977,Отель Shelterz Электрозаводская,Shelterz Elektrozavodskaya Hotel,Электрозаводская (Арбатско-Покровская),175.0,,310.55,29767.5,354.06,RUB,True,2026-10-14T11:00:00Z,False,nomeal,29767.5,310.55,2977,29767.5,354.06,Двухместный номер Стандартный без окна (общая ванная комната) (двуспальная кровать) (без окна),1,8.9,903.0,2395,Москва,90.0,2026-09-27 07:36:50.472,,2.0,6.0,,Москва,октябрь,moscow_october.xlsx,10,2976.75,5-10 км,8-9,10
"Измайловское шоссе, д. 71, корпус 4 Г-Д, Москва",2026-10-15,2026-10-25,Москва,Россия,RUB,9.12784,True,False,False,otel_izmailovo_gamma,True,False,Hotel,55.792057,37.748802,7402135,True,47295.0,4730,Отель Измайлово Гамма,Izmailovo Gamma Hotel,Партизанская,405.0,,493.4,47295.0,562.53,RUB,True,2026-10-14T11:00:00Z,False,nomeal,47295.0,493.4,4730,47295.0,562.53,Двухместный номер Plus Standard (2 отдельные кровати),1,8.4,3394.0,2395,Москва,1046.0,2026-09-27 07:36:50.472,3.0,,,business-hotel,Москва,октябрь,moscow_october.xlsx,10,4729.5,5-10 км,8-9,10
"улица Душинская, д.3А, помещ. 23, Москва",2026-10-15,2026-10-25,Москва,Россия,RUB,5.6028695,True,False,False,apartavia_living_quarters,True,False,Hotel,55.746082,37.70559,13663569,True,35609.0,3561,Отель АпартАвиа,ApartAvia Hotel,Авиамоторная (Калининская),914.0,,371.49,35609.0,423.54,RUB,True,2026-10-14T23:00:00Z,False,nomeal,35609.0,371.49,3561,35609.0,423.54,Двухместный номер Economy (двуспальная кровать),1,8.8,124.0,2395,Москва,30.0,2026-09-27 07:36:50.472,3.0,,,,Москва,октябрь,moscow_october.xlsx,10,3560.9,5-10 км,8-9,10
"Измайловское шоссе, д.71, стр. 2Б, Москва",2026-10-15,2026-10-25,Москва,Россия,RUB,8.933672,True,False,False,otel_izmailovo_beta,True,False,Hotel,55.789528,37.747498,7819740,True,46500.0,4650,Отель Измайлово Бета,Izmaylovo Beta Hotel,Партизанская,165.0,,485.1,46500.0,553.08,RUB,True,2026-10-14T21:00:00Z,False,nomeal,46500.0,485.1,4650,46500.0,553.08,Двухместный номер Стандарт (двуспальная кровать),1,8.5,4555.0,2395,Москва,1010.0,2026-09-27 07:36:50.472,3.0,,,business-hotel,Москва,октябрь,moscow_october.xlsx,10,4650.0,5-10 км,8-9,10
"улица Воронцово поле, д.16/4, Москва",2026-10-15,2026-10-25,Москва,Россия,RUB,2.2943478,True,False,False,hotel_agiosotel_na_kurskoy,False,False,Hotel,55.75365,37.65418,13288362,True,35978.0,3598,Отель  Агиос,Agios Hotel,Чкаловская,407.0,,375.34,35978.0,427.93,RUB,True,2026-10-15T11:00:00Z,False,nomeal,35978.0,375.34,3598,35978.0,427.93,Двухместный номер Стандарт Соло (двуспальная кровать) (тип кровати может измениться),1,8.2,804.0,2395,Москва,93.0,2026-09-27 07:36:50.472,,,,,Москва,октябрь,moscow_october.xlsx,10,3597.8,2-5 км,8-9,10
"Тверская улица, д.12с2, Москва",2026-10-15,2026-10-25,Москва,Россия,RUB,1.0865686,True,False,False,fratelli,True,False,Hotel,55.76376,37.60745,9292101,True,46490.0,4649,Отель Fratelli,Fratelli Hotel,Тверская,159.0,,485.0,46490.0,552.96,RUB,True,2026-10-14T21:00:00Z,False,nomeal,46490.0,485.0,4649,46490.0,552.96,Двухместный номер Стандарт (двуспальная кровать),1,7.8,339.0,2395,Москва,22.0,2026-09-27 07:36:50.472,3.0,2.6,14.0,,Москва,октябрь,moscow_october.xlsx,10,4649.0,0-2 км,7-8,10
"улица Малая Лубянка, д.16, Москва",2026-10-15,2026-10-25,Москва,Россия,RUB,1.2621101,True,False,False,aparthotel_naumov_lubyanka,True,False,Aparthotel,55.76413,37.631542,8568784,True,68000.0,6800,Апарт-Отель Наумов,Naumov Apartment Hotel,Сретенский бульвар,336.0,,709.4,68000.0,808.8,RUB,True,2026-10-15T11:00:00Z,False,nomeal,68000.0,709.4,6800,68000.0,808.8,Двухместный номер Комфорт с видом на внутренний двор (двуспальная кровать),1,8.7,156.0,2395,Москва,19.0,2026-09-27 07:36:50.472,,3.6,30.0,,Москва,октябрь,moscow_october.xlsx,10,6800.0,0-2 км,8-9,10
"улица Сретенка, д. 1, Москва",2026-10-15,2026-10-25,Москва,Россия,RUB,1.449291,True,False,False,aparthotel_naumov,True,False,Aparthotel,55.766567,37.630943,8880730,True,55525.0,5553,Апарт-отель Наумов,Naumov Apart Hotel,Сретенский бульвар,313.0,,579.26,55525.0,660.42,RUB,True,2026-10-13T21:00:00Z,False,nomeal,55525.0,579.26,5553,55525.0,660.42,Двухместный номер Standard (двуспальная кровать) (кровать king size),1,8.2,329.0,2395,Москва,48.0,2026-09-27 07:36:50.472,3.0,3.7,32.0,,Москва,октябрь,moscow_october.xlsx,10,5552.5,0-2 км,8-9,10
"Прямой переулок, 3с1, Москва",2026-10-15,2026-10-25,Москва,Россия,RUB,2.4630983,True,False,False,hotel_domus_8,True,False,Hotel,55.750805,37.57935,13368013,True,76114.0,7611,Отель Домус,Domus Hotel,Смоленская (Филёвская),424.0,,794.05,76114.0,905.31,RUB,True,2026-10-13T09:00:00Z,False,nomeal,76114.0,794.05,7611,76114.0,905.31,Двухместный номер Economy (двуспальная кровать),1,8.9,137.0,2395,Москва,25.0,2026-09-27 07:36:50.472,3.0,4.4,7.0,,Москва,октябрь,moscow_october.xlsx,10,7611.4,2-5 км,8-9,10
"Тверская улица, д.22, Москва",2026-10-15,2026-10-25,Москва,Россия,RUB,1.6393764,True,False,False,interkontinental_moskva,True,False,Hotel,55.767384,37.60132,7741106,True,160720.0,16072,Отель Континенталь,Continental Hotel,Пушкинская,285.0,,1676.69,160720.0,1911.63,RUB,True,2026-10-14T11:00:00Z,False,nomeal,160720.0,1676.69,16072,160720.0,1911.63,Двухместный номер Супериор (двуспальная кровать) (кровать king size),1,8.9,1424.0,2395,Москва,201.0,2026-09-27 07:36:50.472,5.0,4.5,1220.0,awarded-hotel,Москва,октябрь,moscow_october.xlsx,10,16072.0,0-2 км,8-9,10
"улица Татищева д. 3, помещ. 1Б/1, Москва",2026-10-15,2026-10-25,Москва,Россия,RUB,4.4709306,True,False,False,avtor_shabolovskaya_hotel,True,False,Hotel,55.71564,37.615883,13395628,True,38576.0,3858,Отель Автор Шаболовская,Avtor Shabolovskaya Hotel,Шаболовская,619.0,,402.44,38576.0,458.83,RUB,True,2026-10-14T11:00:00Z,False,nomeal,38576.0,402.44,3858,38576.0,458.83,Двухместный номер (Без окна) Economy (общая ванная комната) (двуспальная кровать) (без окна),1,9.1,133.0,2395,Москва,15.0,2026-09-27 07:36:50.473,,,,,Москва,октябрь,moscow_october.xlsx,10,3857.6,2-5 км,9+,10
"вн.тер.г. муниципальный округ Соколиная гора, ул Вельяминовская, д. 34А, Москва",2026-10-15,2026-10-25,Москва,Россия,RUB,7.3058023,True,False,False,hotel_cosmos_smart_semenovskaya,True,False,Hotel,55.784946,37.722523,11237350,True,59636.0,5964,Отель Cosmos Smart Москва Семеновская,Cosmos Smart Moscow Semenovskaya Hotel,Семёновская,275.0,873.0,622.14,59636.0,709.32,RUB,True,2026-10-14T21:00:00Z,False,nomeal,59636.0,622.14,5964,59636.0,709.32,Двухместный номер Standard с видом на город (2 отдельные кровати),1,9.3,790.0,2395,Москва,120.0,2026-09-27 07:36:50.473,3.0,,,group-hotel,Москва,октябрь,moscow_october.xlsx,10,5963.6,5-10 км,9+,10
"Новинский бульвар, д.11, Москва",2026-10-15,2026-10-25,Москва,Россия,RUB,2.2450855,False,False,False,hostel__hotel_people,True,False,Hotel,55.753407,37.58206,7733936,True,29800.0,2980,Отель People Business Novinsky,People Business Novinsky Hotel,Смоленская (Филёвская),617.0,,310.88,29800.0,354.45,RUB,False,,False,nomeal,29800.0,310.88,2980,29800.0,354.45,Двухместный номер (корпус 2) Эконом (общая ванная комната) (2 отдельные кровати),1,7.8,718.0,2395,Москва,15.0,2026-09-27 07:36:50.473,2.0,4.0,115.0,,Москва,октябрь,moscow_october.xlsx,10,2980.0,2-5 км,7-8,10
"Старопименовский переулок, д.11/6с1, Москва",2026-10-15,2026-10-25,Москва,Россия,RUB,1.8277484,False,False,False,people_loft_tverskaya_hotel,True,False,Hotel,55.769897,37.60245,6682332,True,48333.0,4833,Отель People Loft Тверская,People Loft Tverskaya Street Hotel,Маяковская,393.0,,504.23,48333.0,574.88,RUB,False,,False,nomeal,48333.0,504.23,4833,48333.0,574.88,Двухместный номер Standard Мансарда (двуспальная кровать),1,8.5,628.0,2395,Москва,15.0,2026-09-27 07:36:50.569,3.0,4.1,76.0,,Москва,октябрь,moscow_october.xlsx,10,4833.3,0-2 км,8-9,10
"Хорошевское шоссе, д.23к2, Москва",2026-10-15,2026-10-25,Москва,Россия,RUB,6.0041957,True,False,False,minigostinitsa_brusnika_polezhaevskaya,True,False,Mini-hotel,55.776257,37.528755,8551959,True,46463.0,4646,Мини-Отель Брусника Полежаевская,Brusnika Polezhaevskaya Mini-Hotel,Хорошёвская,600.0,,484.72,46463.0,552.64,RUB,True,2026-10-12T11:00:00Z,False,nomeal,46463.0,484.72,4646,46463.0,552.64,Двухместный номер Стандарт (2 отдельные кровати),1,8.4,236.0,2395,Москва,16.0,2026-09-27 07:36:50.569,,2.0,6.0,,Москва,октябрь,moscow_october.xlsx,10,4646.3,5-10 км,8-9,10
"Смоленская улица, 5, Москва",2026-10-15,2026-10-25,Москва,Россия,RUB,2.601091,True,False,True,golden_ring_hotel_2,True,False,Hotel,55.745335,37.58055,7467289,True,89000.0,8900,Гостиница Золотое Кольцо,Golden Ring Hotel,Смоленская (Арбатско-Покровская),330.0,,928.48,89000.0,1058.58,RUB,True,2026-10-14T11:00:00Z,False,nomeal,89000.0,928.48,8900,89000.0,1058.58,Двухместный номер Стандарт Плюс (двуспальная кровать),1,9.1,1648.0,2395,Москва,293.0,2026-09-27 07:36:53.522,5.0,4.1,1016.0,,Москва,октябрь,moscow_october.xlsx,10,8900.0,2-5 км,9+,10
"Кожевническая улица, д.4, Москва",2026-10-15,2026-10-25,Москва,Россия,RUB,3.2466242,True,False,False,glenver_garden_paveletskaya_hotel,False,False,Hotel,55.730026,37.641933,11236308,True,80580.0,8058,Отель Glenver Garden,Glenver Garden Hotel,Павелецкая (Кольцевая),146.0,126.0,840.64,80580.0,958.43,RUB,True,2026-10-14T12:00:00Z,False,nomeal,80580.0,840.64,8058,80580.0,958.43,Двухместный номер Стандартный (двуспальная кровать),1,9.1,473.0,2395,Москва,230.0,2026-09-27 07:36:53.522,4.0,,,awarded-hotel,Москва,октябрь,moscow_october.xlsx,10,8058.0,2-5 км,9+,10
"улица Бахрушина, 11, Москва",2026-10-15,2026-10-25,Москва,Россия,RUB,2.4862134,True,False,False,ibis_moscow_centre_bakhrushina,True,False,Hotel,55.735836,37.63542,8326226,True,58950.0,5895,Отель ibis Москва Центр Бахрушина,ibis Moscow Centre Bakhrushina Hotel,Павелецкая (Замоскворецкая),431.0,90.0,614.99,58950.0,701.16,RUB,True,2026-10-14T21:00:00Z,False,nomeal,58950.0,614.99,5895,58950.0,701.16,Двухместный номер Стандартный (двуспальная кровать),1,8.9,642.0,2395,Москва,190.0,2026-09-27 07:36:53.522,3.0,,,,Москва,октябрь,moscow_october.xlsx,10,5895.0,2-5 км,8-9,10
"Малый Гнездиковский переулок, д. 9, строение 1, Москва",2026-10-15,2026-10-25,Москва,Россия,RUB,1.0399302,True,False,False,ptitsasinitsa_hotel,True,False,Hotel,55.762566,37.60609,9987566,True,67900.0,6790,Отель Птица-Синица,Ptitsa-Sinitsa Hotel,Тверская,237.0,,708.36,67900.0,807.61,RUB,True,2026-10-14T11:00:00Z,False,nomeal,67900.0,708.36,6790,67900.0,807.61,Двухместный номер Standard (двуспальная кровать) (тип кровати может измениться),1,8.2,864.0,2395,Москва,22.0,2026-09-27 07:36:53.522,3.0,3.0,10.0,,Москва,октябрь,moscow_october.xlsx,10,6790.0,0-2 км,8-9,10
"ул Петровка, д. 20/1, Москва",2026-10-15,2026-10-25,Москва,Россия,RUB,0.92904127,True,False,False,centeral_hotel_hostel,True,False,Hotel,55.76422,37.61732,8849766,True,59229.0,5923,Отель Centeral Hotel,Centeral Hotel,Трубная,504.0,,617.9,59229.0,704.48,RUB,True,2026-10-15T11:00:00Z,False,nomeal,59229.0,617.9,5923,59229.0,704.48,Двухместный номер Стандарт Мансарда (2 отдельные кровати),1,9.3,736.0,2395,Москва,21.0,2026-09-27 07:36:53.569,3.0,4.4,46.0,awarded-hotel,Москва,октябрь,moscow_october.xlsx,10,5922.9,0-2 км,9+,10
"107076, Москва, Россия, ул. Атарбекова, 4А, подъезд 5, этаж 4, помещ. 3/4, Москва",2026-10-15,2026-10-25,Москва,Россия,RUB,7.2132044,True,False,False,a4_apartments,False,False,Mini-hotel,55.79638,37.707874,9990847,True,43574.0,4357,Мини-отель Городской отель Apartments 4,Gorodskoy Otel Apartments 4 Mini Hotel,Преображенская площадь,449.0,,454.58,43574.0,518.28,RUB,True,2026-10-14T11:00:00Z,False,nomeal,43574.0,454.58,4357,43574.0,518.28,Двухместный семейный номер Комфорт с видом на город (двуспальная кровать и диван),1,9.3,483.0,2395,Москва,13.0,2026-09-27 07:36:53.569,,,,awarded-hotel,Москва,октябрь,moscow_october.xlsx,10,4357.4,5-10 км,9+,10
"улица Рогожский Вал, дом 10, Москва",2026-10-15,2026-10-25,Москва,Россия,RUB,3.8881106,True,True,False,hampton_by_hilton_moscow_rogozhsky_val,True,False,Hotel,55.7412,37.674145,9770069,True,92310.0,9231,Отель Hampton by Hilton Moscow Рогожский вал,Hampton By Hilton Moscow Rogozhskij Val Hotel,Римская,716.0,93.0,963.01,92310.0,1097.95,RUB,True,2026-10-14T12:00:00Z,True,breakfast,92310.0,963.01,9231,92310.0,1097.95,Номер с кроватью King size (двуспальная кровать),1,9.3,897.0,2395,Москва,147.0,2026-09-27 07:36:53.569,4.0,,,awarded-hotel,Москва,октябрь,moscow_october.xlsx,10,9231.0,2-5 км,9+,10
"улица Малые Каменщики, д. 16, Москва",2026-10-15,2026-10-25,Москва,Россия,RUB,3.152637,False,False,True,butikotel_butik_hotel_maximus,True,False,Hotel,55.73586,37.653442,10135435,True,44012.0,4401,Отель Максимус на Таганке,Maximus on Taganka Hotel,Таганская (Таганско-Краснопресненская),402.0,,459.15,44012.0,523.48,RUB,False,,False,nomeal,44012.0,459.15,4401,44012.0,523.48,Двухместная студия с видом на внутренний двор (двуспальная кровать) (тип кровати может измениться),1,7.7,88.0,2395,Москва,21.0,2026-09-27 07:36:53.569,,,,,Москва,октябрь,moscow_october.xlsx,10,4401.2,2-5 км,7-8,10
"Верхняя Красносельская улица, д.11Ас4, Москва",2026-10-15,2026-10-25,Москва,Россия,RUB,4.2904034,False,False,True,hilton_garden_inn_moscow_krasnoselskaya_hotel,False,False,Hotel,55.78476,37.663223,9751449,True,61560.0,6156,Отель Москва Красносельская (бывший Хилтон Гарден Инн Красносельская),Hotel Moscow Krasnoselskaya (ex. Hilton Garden Inn Krasnoselskaya),Красносельская,575.0,,642.22,61560.0,732.2,RUB,False,,False,nomeal,61560.0,642.22,6156,61560.0,732.2,Двухместный номер Стандарт (двуспальная кровать) (кровать king size),1,8.9,1560.0,2395,Москва,292.0,2026-09-27 07:36:53.569,4.0,4.5,538.0,,Москва,октябрь,moscow_october.xlsx,10,6156.0,2-5 км,8-9,10
"Каланчевская улица, 6/2 строение 2, Москва",2026-10-15,2026-10-25,Москва,Россия,RUB,2.7822247,True,False,False,hotel_shelterz_tri_vokzala,False,False,Hotel,55.771347,37.65267,11292242,True,19160.0,1916,Отель SHELTERZ Три вокзала,Hotel Shelterz Tri Vokzala,Красные ворота,370.0,,199.88,19160.0,227.89,RUB,True,2026-10-14T10:30:00Z,False,nomeal,19160.0,199.88,1916,19160.0,227.89,"Двухместный номер Эконом-класса (без окна, верхняя кровать) (общая ванная комната) (двуспальная кровать) (без окна)",1,8.9,735.0,2395,Москва,79.0,2026-09-27 07:36:53.569,,,,,Москва,октябрь,moscow_october.xlsx,10,1916.0,2-5 км,8-9,10
"ул. Тверская, 26/1, Москва",2026-10-15,2026-10-25,Москва,Россия,RUB,1.8093472,True,True,False,safmar_grand_moscow_exmarriott_grand,True,False,Hotel,55.768707,37.59991,11231733,True,170425.0,17043,Сафмар Грандъ Москва (бывший Марриотт Гранд),Safmar Grand Moscow (ex-Marriott Grand),Маяковская,264.0,1790.0,1777.93,170425.0,2027.06,RUB,True,2026-10-14T21:00:00Z,True,breakfast,170425.0,1777.93,17043,170425.0,2027.06,Двухместный номер Представительский (2 отдельные кровати) (доступ в лаунж),1,8.8,1092.0,2395,Москва,385.0,2026-09-27 07:36:53.569,5.0,2.5,20.0,,Москва,октябрь,moscow_october.xlsx,10,17042.5,0-2 км,8-9,10
"улица Тверская, д. 12, стр. 9, помещ. 2/Ч, Москва",2026-10-15,2026-10-25,Москва,Россия,RUB,0.99321187,False,False,True,hotel_lafaett,False,False,Hotel,55.763584,37.609695,8684676,True,41930.0,4193,Отель Лафаетт,Lafayette Hotel,Чеховская,269.0,,437.43,41930.0,498.72,RUB,False,,False,nomeal,41930.0,437.43,4193,41930.0,498.72,Двухместный номер Economy с красивым видом из окна (общая ванная комната) (двуспальная кровать),1,8.5,322.0,2395,Москва,7.0,2026-09-27 07:36:53.569,2.0,,,,Москва,октябрь,moscow_october.xlsx,10,4193.0,0-2 км,8-9,10
"улица Бахрушина, д 11 , Москва",2026-10-15,2026-10-25,Москва,Россия,RUB,2.4612353,True,False,False,mercure_moscow_paveletskaya_2,True,False,Hotel,55.73617,37.635715,8326248,True,74700.0,7470,Отель Mercure Москва Павелецкая,Mercure Moscow Paveletskaya Hotel,Павелецкая (Замоскворецкая),459.0,13.0,779.3,74700.0,888.49,RUB,True,2026-10-14T21:00:00Z,False,nomeal,74700.0,779.3,7470,74700.0,888.49,Двухместный номер классический (двуспальная кровать),1,9.1,597.0,2395,Москва,149.0,2026-09-27 07:36:53.569,4.0,,,awarded-hotel,Москва,октябрь,moscow_october.xlsx,10,7470.0,2-5 км,9+,10
"3-я ул. Ямского поля, д. 26А, Москва",2026-10-15,2026-10-25,Москва,Россия,RUB,3.8547397,True,False,False,redisson_belorusskaia_moskva,True,False,Hotel,55.78303,37.579353,7858838,True,108000.0,10800,"Гостиница Radisson Blu Белорусская, Москва",Radisson Blu Belorusskaya Moskva Hotel,Белорусская (Кольцевая),646.0,18.0,1126.69,108000.0,1284.57,RUB,True,2026-10-14T12:00:00Z,False,nomeal,108000.0,1126.69,10800,108000.0,1284.57,Номер Стандартный,1,8.8,687.0,2395,Москва,264.0,2026-09-27 07:36:53.571,4.0,,,,Москва,октябрь,moscow_october.xlsx,10,10800.0,2-5 км,8-9,10
"Верхняя Первомайская улица, д.2А, Москва",2026-10-15,2026-10-25,Москва,Россия,RUB,11.421901,True,False,False,na_pervomajskoj_hotel,True,False,Hotel,55.79818,37.784256,9079357,,31500.0,3150,Отель Амай,Amay Hotel,Первомайская,1038.0,,328.62,31500.0,374.67,RUB,True,2026-10-15T11:00:00Z,False,nomeal,31500.0,328.62,3150,31500.0,374.67,Двухместный номер-студио (двуспальная кровать),1,8.3,848.0,2395,Москва,149.0,2026-09-27 07:36:53.571,3.0,2.0,9.0,,Москва,октябрь,moscow_october.xlsx,10,3150.0,10-20 км,8-9,6
"ул. Симоновский Вал, 2, Москва",2026-10-15,2026-10-25,Москва,Россия,RUB,3.9982984,True,False,False,kholidei_inn_moskva_simonovskii,True,False,Hotel,55.729275,37.660767,7467389,True,71424.0,7142,Отель Холидей Таганский,Holiday Tagansky Hotel,Крестьянская застава,436.0,79.0,745.12,71424.0,849.53,RUB,True,2026-10-14T21:00:00Z,False,nomeal,71424.0,745.12,7142,71424.0,849.53,Двухместный номер стандартный (двуспальная кровать),1,8.7,1095.0,2395,Москва,220.0,2026-09-27 07:36:53.571,4.0,4.0,605.0,,Москва,октябрь,moscow_october.xlsx,10,7142.4,2-5 км,8-9,10
"улица Расковой, д.24, стр.4, Москва",2026-10-15,2026-10-25,Москва,Россия,RUB,4.4393034,True,False,False,buddotel_moskva,True,False,Hotel,55.788185,37.575954,6518015,True,43943.0,4394,Отель БуддОтель,BuddHotel Hotel,Савёловская,990.0,,458.43,43943.0,522.66,RUB,True,2026-10-14T11:00:00Z,False,nomeal,43943.0,458.43,4394,43943.0,522.66,Двухместный номер Standard (двуспальная кровать),1,8.6,512.0,2395,Москва,37.0,2026-09-27 07:36:53.571,3.0,3.7,60.0,,Москва,октябрь,moscow_october.xlsx,10,4394.3,2-5 км,8-9,10
"115035 Москва, Космодамианская наб. д. 40-42, стр. 3 помещение. 1/1, Москва",2026-10-15,2026-10-25,Москва,Россия,RUB,2.622,True,False,False,croissant_bakery_and_hotel,True,False,Hostel,55.73776,37.644585,6656198,True,20301.0,2030,Хостел Автор Павелецкая,Avtor Paveleckaya Hostel,Таганская (Таганско-Краснопресненская),574.0,,211.79,20301.0,241.46,RUB,True,2026-10-12T11:00:00Z,False,nomeal,20301.0,211.79,2030,20301.0,241.46,Капсула Classic (общая ванная комната) (двуспальная кровать),1,8.6,474.0,2395,Москва,10.0,2026-09-27 07:36:53.571,,,,,Москва,октябрь,moscow_october.xlsx,10,2030.1,2-5 км,8-9,10
"улица Новый Арбат, 15, Москва",2026-10-15,2026-10-25,Москва,Россия,RUB,1.6009573,True,False,False,pentahotel_moscow_arbat,True,False,Hotel,55.751934,37.593067,8869717,True,93500.0,9350,Отель Pentahotel Moscow Arbat,Pentahotel Moscow Arbat Hotel,Арбатская (Филёвская),530.0,285.0,975.42,93500.0,1112.1,RUB,True,2026-10-14T11:00:00Z,False,nomeal,93500.0,975.42,9350,93500.0,1112.1,Двухместный номер Пента Стандартный (двуспальная кровать),1,9.0,1010.0,2395,Москва,228.0,2026-09-27 07:36:53.571,4.0,4.0,167.0,,Москва,октябрь,moscow_october.xlsx,10,9350.0,0-2 км,8-9,10
"переулок Расторгуевский, д.4с2, Москва",2026-10-15,2026-10-25,Москва,Россия,RUB,3.1263962,True,False,False,lemar_hotel,False,False,Hotel,55.7653,37.57059,9751549,True,55000.0,5500,Отель Лемар,Lemar Hotel,Улица 1905 года,587.0,,573.78,55000.0,654.18,RUB,True,2026-10-14T11:00:00Z,False,nomeal,55000.0,573.78,5500,55000.0,654.18,Двухместный номер Стандарт (двуспальная кровать),1,7.6,538.0,2395,Москва,67.0,2026-09-27 07:36:53.571,3.0,2.3,13.0,,Москва,октябрь,moscow_october.xlsx,10,5500.0,2-5 км,7-8,10
"Юрловский проезд, 14, корп.4, Москва",2026-10-15,2026-10-25,Москва,Россия,RUB,13.694093,False,False,False,fortuna_best_mini_hotel,True,False,Mini-hotel,55.879036,37.61062,10002093,True,37587.0,3759,Мини-отель Фортуна Бест,Fortuna Best Mini Hotel,Бибирево,718.0,,392.12,37587.0,447.07,RUB,False,,False,nomeal,37587.0,392.12,3759,37587.0,447.07,Двухместный номер Standard (2 отдельные кровати),1,8.0,33.0,2395,Москва,5.0,2026-09-27 07:36:56.071,,,,,Москва,октябрь,moscow_october.xlsx,10,3758.7,10-20 км,7-8,10
"Дмитровское шоссе, д. 46/2, Москва",2026-10-15,2026-10-25,Москва,Россия,RUB,10.242179,True,False,False,ahoumhotel_na_okruzhnoj,True,False,Hotel,55.844406,37.572136,8877655,True,41400.0,4140,Отель Ахоум-Отель,Ahoum-otel Hotel,Окружная (Люблинско-Дмитровская),203.0,,431.9,41400.0,492.42,RUB,True,2026-10-15T11:00:00Z,False,nomeal,41400.0,431.9,4140,41400.0,492.42,Двухместная студия (двуспальная кровать),1,8.2,444.0,2395,Москва,118.0,2026-09-27 07:36:56.071,3.0,2.8,14.0,,Москва,октябрь,moscow_october.xlsx,10,4140.0,10-20 км,8-9,6
"улица Сущевский Вал, д. 74, Москва",2026-10-15,2026-10-25,Москва,Россия,RUB,4.044241,True,False,True,kholidei_inn_sushchevskii,True,False,Hotel,55.79128,37.63261,7467381,True,59130.0,5913,Отель Сущевский Сафмар (бывший Холидей Инн Москва Сущевский),Hotel Suschevsky Safmar (ex. Holiday inn Suschevsky),Рижская (Большая Кольцевая),152.0,1790.0,616.86,59130.0,703.3,RUB,True,2026-10-14T21:00:00Z,False,nomeal,59130.0,616.86,5913,59130.0,703.3,Двухместный номер с диваном Стандартный (двуспальная кровать и диван) (в главном здании),1,8.7,1747.0,2395,Москва,312.0,2026-09-27 07:36:56.071,4.0,3.9,1102.0,,Москва,октябрь,moscow_october.xlsx,10,5913.0,2-5 км,8-9,10
"проспект Андропова, д.10, Москва",2026-10-15,2026-10-25,Москва,Россия,RUB,7.472715,True,False,False,apartotel_yes_technopark,True,False,Aparthotel,55.69429,37.665714,10151494,True,66885.0,6689,Апарт-отель Yes Technopark,Yes Technopark Apart-Hotel,Технопарк,341.0,,697.77,66885.0,795.54,RUB,True,2026-10-14T21:00:00Z,False,nomeal,66885.0,697.77,6689,66885.0,795.54,Студия (первая категория) с диваном (диван) (в главном здании),1,9.2,153.0,2395,Москва,166.0,2026-09-27 07:36:56.071,4.0,,,awarded-hotel,Москва,октябрь,moscow_october.xlsx,10,6688.5,5-10 км,9+,9
"улица 2-я Рощинская, д. 10, Москва",2026-10-15,2026-10-25,Москва,Россия,RUB,5.1293626,True,False,True,raldomoscow_apart_hotel,False,False,Hotel,55.709824,37.611767,10292809,True,62816.0,6282,Гостиница Апарт-отель Raido.Moscow Forest,Raido.Moscow Forest Apart Hotel,Тульская,690.0,,655.32,62816.0,747.14,RUB,True,2026-10-13T12:00:00Z,False,nomeal,62816.0,655.32,6282,62816.0,747.14,Двухместные апартаменты (двуспальная кровать),1,9.3,496.0,2395,Москва,28.0,2026-09-27 07:36:56.071,3.0,,,awarded-hotel,Москва,октябрь,moscow_october.xlsx,10,6281.6,5-10 км,9+,10
"Измайловское шоссе, д. 71, корп. 4 Г-Д, Москва",2026-10-15,2026-10-25,Москва,Россия,RUB,9.178633,True,False,False,otel_izmailovo_delta,True,False,Hotel,55.792824,37.749035,7402133,True,52545.0,5255,Отель Дельта Измайлово,Izmailovo Delta Hotel,Партизанская,490.0,,548.17,52545.0,624.98,RUB,True,2026-10-14T11:00:00Z,False,nomeal,52545.0,548.17,5255,52545.0,624.98,Двухместный номер Стандарт (2 отдельные кровати) (в главном здании),1,8.3,768.0,2395,Москва,975.0,2026-09-27 07:36:56.071,4.0,3.3,8.0,business-hotel,Москва,октябрь,moscow_october.xlsx,10,5254.5,5-10 км,8-9,10
"пер. Сытинский, д.3/5, помещ. 4/1, Москва",2026-10-15,2026-10-25,Москва,Россия,RUB,1.3526337,True,False,False,sofit_butikhotel,True,False,Boutique_and_Design,55.76396,37.601547,8849518,True,65000.0,6500,Бутик-отель Софит,Sofit Boutique Hotel,Пушкинская,224.0,,678.1,65000.0,773.12,RUB,True,2026-10-15T11:00:00Z,False,nomeal,65000.0,678.1,6500,65000.0,773.12,Двухместный номер Standard с видом на город (двуспальная кровать),1,8.9,231.0,2395,Москва,36.0,2026-09-27 07:36:56.071,4.0,4.3,58.0,,Москва,октябрь,moscow_october.xlsx,10,6500.0,0-2 км,8-9,10
"улица Космонавта Волкова, д.6 А, Москва",2026-10-15,2026-10-25,Москва,Россия,RUB,9.304482,False,False,False,art_moskva_hotel,True,False,Hotel,55.81527,37.512753,8748812,,70830.0,7083,"Отель Арт Москва, ZONT Hotel Group",Art Moscow by ZONT Hotel Group Hotel,Войковская,1022.0,,738.92,70830.0,842.46,RUB,False,,False,nomeal,70830.0,738.92,7083,70830.0,842.46,Двухместный номер Standard (2 отдельные кровати),1,8.7,375.0,2395,Москва,264.0,2026-09-27 07:36:56.071,4.0,,,,Москва,октябрь,moscow_october.xlsx,10,7083.0,5-10 км,8-9,10
"улица Маршала Рыбалко, д.2/5, Москва",2026-10-15,2026-10-25,Москва,Россия,RUB,8.803242,True,False,True,ibis_moscow_oktyabrskoye_pole,True,False,Hotel,55.79799,37.4984,8850223,True,56950.0,5695,Гостиница Ибис Москва Октябрьское Поле,Ibis Moskva Oktyabrskoe Pole Hotel,Панфиловская,120.0,90.0,594.12,56950.0,677.37,RUB,True,2026-10-14T21:00:00Z,False,nomeal,56950.0,594.12,5695,56950.0,677.37,Двухместный номер Стандартный (двуспальная кровать) (кровать queen size),1,8.7,399.0,2395,Москва,240.0,2026-09-27 07:36:56.071,3.0,4.1,190.0,,Москва,октябрь,moscow_october.xlsx,10,5695.0,5-10 км,8-9,10
"улица Мневники, дом 3, корп. 2, Москва",2026-10-15,2026-10-25,Москва,Россия,RUB,7.6789775,True,False,False,moscow_holiday_hotel,False,False,Hotel,55.773636,37.498997,8664628,True,46690.0,4669,Отель Moscow Holiday,Moscow Holiday Hotel,Хорошёво,645.0,,487.09,46690.0,555.34,RUB,True,2026-10-14T11:00:00Z,False,nomeal,46690.0,487.09,4669,46690.0,555.34,Двухместный номер Стандартный с видом на город (2 отдельные кровати),1,8.1,348.0,2395,Москва,198.0,2026-09-27 07:36:56.071,4.0,,,,Москва,октябрь,moscow_october.xlsx,10,4669.0,5-10 км,8-9,10
"улица Малевича, д.2, корп.6, Москва",2026-10-15,2026-10-25,Москва,Россия,RUB,17.68455,True,False,False,azimut_skolkovo_hotel,True,False,Hotel,55.69791,37.354492,13461963,,34000.0,3400,AZIMUT Отель Сколково 3*,AZIMUT Hotel Skolkovo 3*,,,1199.0,354.7,34000.0,404.4,RUB,True,2026-10-14T21:00:00Z,False,nomeal,34000.0,354.7,3400,34000.0,404.4,Двухместный номер Standard (двуспальная кровать),1,8.9,81.0,2395,Москва,224.0,2026-09-27 07:36:56.071,3.0,,,awarded-hotel,Москва,октябрь,moscow_october.xlsx,10,3400.0,10-20 км,8-9,10
"Ярославская улица, 10к2, Москва",2026-10-15,2026-10-25,Москва,Россия,RUB,7.4339266,True,False,False,zolotoj_kolos_hotel_2,True,False,Hotel,55.82056,37.64798,9209119,True,40455.0,4046,Отель Мартон ВДНХ,Marton VDNH Hotel,ВДНХ,442.0,,422.04,40455.0,481.18,RUB,True,2026-10-14T11:00:00Z,False,nomeal,40455.0,422.04,4046,40455.0,481.18,Двухместный номер Budget с видом на внутренний двор (2 отдельные кровати),1,8.0,368.0,2395,Москва,43.0,2026-09-27 07:36:56.072,3.0,,,,Москва,октябрь,moscow_october.xlsx,10,4045.5,5-10 км,7-8,10
"1-ая Тверская Ямская ул., д. 19, Москва",2026-10-15,2026-10-25,Москва,Россия,RUB,2.7482452,True,False,False,gostinitsa_sheraton_palas_moskva,True,False,Hotel,55.77405,37.58791,7597114,True,104500.0,10450,Отель Сафмар Палас Москва,Safmar Palace Hotel Moscow (ex.Sheraton Palace),Белорусская (Замоскворецкая),523.0,1790.0,1090.18,104500.0,1242.94,RUB,True,2026-10-14T21:00:00Z,False,nomeal,104500.0,1090.18,10450,104500.0,1242.94,Двухместный номер Классический (2 отдельные кровати),1,9.1,683.0,2395,Москва,215.0,2026-09-27 07:36:56.072,5.0,,,awarded-hotel,Москва,октябрь,moscow_october.xlsx,10,10450.0,2-5 км,9+,10
"переулок Сивцев Вражек, 45, строение 1, Москва",2026-10-15,2026-10-25,Москва,Россия,RUB,2.247487,True,False,False,boutique_hotel_vellion_smolenskiy,True,False,Hotel,55.746243,37.586086,13297596,True,73454.0,7345,Отель Веллион Смоленский,Vellion Smolensky Hotel,Смоленская (Арбатско-Покровская),210.0,,766.3,73454.0,873.67,RUB,True,2026-10-14T09:00:00Z,False,nomeal,73454.0,766.3,7345,73454.0,873.67,Двухместный номер Standard (двуспальная кровать),1,8.7,156.0,2395,Москва,21.0,2026-09-27 07:36:56.072,4.0,4.3,11.0,,Москва,октябрь,moscow_october.xlsx,10,7345.4,2-5 км,8-9,10
"Петровка ул., д. 17, стр. 5, помещ. 1/Н, Москва",2026-10-15,2026-10-25,Москва,Россия,RUB,0.9757508,True,False,False,otel_apelsin_na_petrovke,True,False,Hotel,55.76456,37.61555,7726103,True,65861.0,6586,Отель Петровка 17,Petrovka 17 Hotel,Чеховская,485.0,,687.09,65861.0,783.36,RUB,True,2026-10-12T11:00:00Z,False,nomeal,65861.0,687.09,6586,65861.0,783.36,Двухместный номер Улучшенный (двуспальная кровать),1,8.6,174.0,2395,Москва,15.0,2026-09-27 07:36:56.072,3.0,3.5,51.0,,Москва,октябрь,moscow_october.xlsx,10,6586.1,0-2 км,8-9,10
"Дубининская улица, 33 B, Москва",2026-10-15,2026-10-25,Москва,Россия,RUB,3.709621,True,True,True,holiday_inn_express_moscow_paveletskaya,False,False,Hotel,55.72492,37.63995,8734938,True,84100.0,8410,Отель Cosmos Smart Москва Дубининская,Cosmos Smart Moscow Dubininskaya Hotel,Павелецкая (Кольцевая),537.0,873.0,877.36,84100.0,1000.3,RUB,True,2026-10-14T12:00:00Z,True,breakfast,84100.0,877.36,8410,84100.0,1000.3,Двухместный номер Стандартный (2 отдельные кровати),1,9.0,1166.0,2395,Москва,243.0,2026-09-27 07:36:56.072,3.0,4.2,190.0,,Москва,октябрь,moscow_october.xlsx,10,8410.0,2-5 км,8-9,10
"улица Ярославская, дом 15, корп 3, Москва",2026-10-15,2026-10-25,Москва,Россия,RUB,7.325924,True,False,False,gostinitsa_zolotoi_kolos,True,False,Hotel,55.819798,37.646317,8659834,True,55934.0,5593,Отель ГОСТИНИЦА ЗОЛОТОЙ КОЛОС,GOSTINITSA ZOLOTOY KOLOS Hotel,ВДНХ,373.0,,583.52,55934.0,665.29,RUB,True,2026-10-14T09:00:00Z,False,nomeal,55934.0,583.52,5593,55934.0,665.29,Двухместный номер Standard (2 отдельные кровати),1,8.3,1576.0,2395,Москва,78.0,2026-09-27 07:36:56.072,3.0,3.5,328.0,,Москва,октябрь,moscow_october.xlsx,10,5593.4,5-10 км,8-9,10
"Бауманская улица, д.54, стр. 1, Москва",2026-10-15,2026-10-25,Москва,Россия,RUB,4.1115265,False,False,False,mercure_moscow_baumanskaya,True,False,Hotel,55.76921,37.679035,8142740,True,95769.0,9577,Отель Mercure Москва Бауманская,Mercure Moscow Baumanskaya Hotel,Бауманская,356.0,9.0,999.1,95769.0,1139.09,RUB,False,,False,nomeal,95769.0,999.1,9577,95769.0,1139.09,Двухместный номер Superior (двуспальная кровать),1,9.2,1112.0,2395,Москва,47.0,2026-09-27 07:36:56.072,4.0,4.7,858.0,awarded-hotel,Москва,октябрь,moscow_october.xlsx,10,9576.9,2-5 км,9+,3
"ул. 1-я Тверская Ямская, д. 34, Москва",2026-10-15,2026-10-25,Москва,Россия,RUB,2.944887,True,True,True,gostinitsa_marriott_tverskaia,True,False,Hotel,55.775875,37.586815,7597423,True,130950.0,13095,Отель Сафмар Тверская Москва (бывший Марриотт Тверская),Safmar Tverskaya Hotel (ex. Marriott Hotel Tverskaya),Белорусская (Кольцевая),343.0,1790.0,1366.12,130950.0,1557.54,RUB,True,2026-10-14T21:00:00Z,True,breakfast,130950.0,1366.12,13095,130950.0,1557.54,"Двухместный полулюкс (двуспальная кровать) (кровать king size, в главном здании)",1,8.8,1606.0,2395,Москва,162.0,2026-09-27 07:36:56.072,4.0,4.0,1023.0,,Москва,октябрь,moscow_october.xlsx,10,13095.0,2-5 км,8-9,10
"Озерковская набережная, д. 26, Москва",2026-10-15,2026-10-25,Москва,Россия,RUB,2.1908462,True,False,False,crowne_plaza_moscow_tretyakovskaya,True,False,Hotel,55.739563,37.637405,9291722,True,75150.0,7515,"Отель Аквамарин, ZONT Hotel Group",Aquamarine Hotel by ZONT Hotel Group,Новокузнецкая,601.0,,783.99,75150.0,893.84,RUB,True,2026-10-14T12:00:00Z,False,nomeal,75150.0,783.99,7515,75150.0,893.84,Двухместный номер Стандарт (2 отдельные кровати),1,9.3,1493.0,2395,Москва,157.0,2026-09-27 07:36:56.270,4.0,4.4,765.0,awarded-hotel,Москва,октябрь,moscow_october.xlsx,10,7515.0,2-5 км,9+,10
"Тетеринский переулок, д. 12 стр. 4, Москва",2026-10-15,2026-10-25,Москва,Россия,RUB,2.4686248,True,True,False,kontsert_na_taganskoy_hotel,True,False,Hotel,55.7449,37.65203,10619893,True,42940.0,4294,Отель Концерт на Таганской,Kontsert Na Taganskoy Hotel,Таганская (Кольцевая),291.0,,447.97,42940.0,510.73,RUB,True,2026-10-14T21:00:00Z,True,breakfast,42940.0,447.97,4294,42940.0,510.73,Двухместный номер Standard (2 отдельные кровати),1,8.3,435.0,2395,Москва,16.0,2026-09-27 07:36:58.469,2.0,,,,Москва,октябрь,moscow_october.xlsx,10,4294.0,2-5 км,8-9,10
"Русаковская улица, д. 24, Москва",2026-10-15,2026-10-25,Москва,Россия,RUB,5.2757945,True,False,True,otel_kholidei_inn_moskva_sokolniki,False,False,Hotel,55.787693,37.68033,7600142,True,93150.0,9315,Отель Холидей Инн Москва Сокольники,Holiday Inn Moscow Sokolniki Hotel,Сокольники (Сокольническая),172.0,79.0,971.77,93150.0,1107.94,RUB,True,2026-10-12T11:00:00Z,False,nomeal,93150.0,971.77,9315,93150.0,1107.94,Двухместный номер Супериор с видом на город (двуспальная кровать),1,9.0,2804.0,2395,Москва,523.0,2026-09-27 07:36:58.469,4.0,4.1,1635.0,,Москва,октябрь,moscow_october.xlsx,10,9315.0,5-10 км,8-9,10
"Грохольский переулок, д.32, стр. 2, Москва",2026-10-15,2026-10-25,Москва,Россия,RUB,2.8791878,True,False,False,trips,True,False,Hotel,55.777275,37.643635,8849652,True,51856.0,5186,Отель Trips,Trips Hotel,Проспект Мира (Кольцевая),809.0,,540.98,51856.0,616.78,RUB,True,2026-10-14T12:00:00Z,False,nomeal,51856.0,540.98,5186,51856.0,616.78,Двухместный номер Standard (двуспальная кровать),1,8.1,243.0,2395,Москва,12.0,2026-09-27 07:36:58.469,2.0,3.4,11.0,,Москва,октябрь,moscow_october.xlsx,10,5185.6,2-5 км,8-9,10
"улица Кожевническая, д. 8, стр. 3, Москва",2026-10-15,2026-10-25,Москва,Россия,RUB,3.3783166,True,False,True,courtyard_by_marriott_moscow_paveletskaya_hotel,False,False,Hotel,55.72928,37.6439,7765017,True,76500.0,7650,Отель Cosmos Москва Павелецкая,Cosmos Moscow Paveletskaya Hotel,Павелецкая (Кольцевая),271.0,873.0,798.07,76500.0,909.9,RUB,True,2026-10-14T12:00:00Z,False,nomeal,76500.0,798.07,7650,76500.0,909.9,Двухместный номер Стандарт (двуспальная кровать) (кровать king size),1,9.1,965.0,2395,Москва,171.0,2026-09-27 07:36:58.469,4.0,4.0,505.0,,Москва,октябрь,moscow_october.xlsx,10,7650.0,2-5 км,9+,10
"ул. Малая Дмитровка, д 25, строение 3, Москва",2026-10-15,2026-10-25,Москва,Россия,RUB,1.8661016,True,False,False,arium_hotel,True,False,Hotel,55.7708,37.60406,8745790,True,74400.0,7440,Отель Arium by Brosko,Arium Hotel by Brosko,Маяковская,506.0,,776.17,74400.0,884.92,RUB,True,2026-10-14T21:00:00Z,False,nomeal,74400.0,776.17,7440,74400.0,884.92,Двухместный номер Стандарт (двуспальная кровать) (кровать king size),1,8.5,268.0,2395,Москва,60.0,2026-09-27 07:36:58.469,4.0,4.1,58.0,,Москва,октябрь,moscow_october.xlsx,10,7440.0,0-2 км,8-9,10
"Космодамианская наб., д. 52, стр.6, Москва",2026-10-15,2026-10-25,Москва,Россия,RUB,3.0229025,True,False,False,swissotel_krasnye_holmy,True,False,Hotel,55.733257,37.644585,7590804,True,141750.0,14175,Отель Swissotel Красные Холмы,Swissôtel Krasnye Holmi Moscow,Павелецкая (Замоскворецкая),416.0,1509.0,1478.79,141750.0,1685.99,RUB,True,2026-10-14T21:00:00Z,False,nomeal,141750.0,1478.79,14175,141750.0,1685.99,Двухместный номер Классический с видом на город (2 отдельные кровати),1,8.8,2061.0,2395,Москва,233.0,2026-09-27 07:36:58.469,5.0,4.6,1588.0,awarded-hotel,Москва,октябрь,moscow_october.xlsx,10,14175.0,2-5 км,8-9,10
"вн.тер.г. муниципальный округ Басманный, пер Токмаков, д. 4, Москва",2026-10-15,2026-10-25,Москва,Россия,RUB,3.4540794,False,False,False,stayway_na_kurskoy_hotel,True,False,Mini-hotel,55.76705,37.669243,13859188,True,19503.0,1950,Мини-отель StayWay на Курской,Stayway na Kurskoy Mini Hotel,Бауманская,856.0,,203.46,19503.0,231.97,RUB,False,,False,nomeal,19503.0,203.46,1950,19503.0,231.97,Двухместный номер Economy (общая ванная комната) (двуспальная кровать) (без окна),1,7.3,71.0,2395,Москва,65.0,2026-09-27 07:36:58.469,,,,,Москва,октябрь,moscow_october.xlsx,10,1950.3,2-5 км,7-8,10
"улица 4-я Магистральная, д. 4/11, Москва",2026-10-15,2026-10-25,Москва,Россия,RUB,6.7286906,True,False,True,palmira_art_hotel,True,False,Hotel,55.77599,37.516182,13287330,True,120330.0,12033,Отель Palmira Art,Palmira Art Hotel,Полежаевская,172.0,,1255.32,120330.0,1431.22,RUB,True,2026-10-14T12:00:00Z,False,nomeal,120330.0,1255.32,12033,120330.0,1431.22,Двухместный номер Стандарт (двуспальная кровать),1,9.2,310.0,2395,Москва,225.0,2026-09-27 07:36:58.469,4.0,,,awarded-hotel,Москва,октябрь,moscow_october.xlsx,10,12033.0,5-10 км,9+,10
"улица Моховая, д. 15/1, стр. 1, Москва",2026-10-15,2026-10-25,Москва,Россия,RUB,0.24142727,True,False,True,gostinitsa_natsional_moskva,True,False,Hotel,55.75664,37.614094,7467340,True,160480.0,16048,Гостиница Националь Москва,National Hotel,Охотный ряд,111.0,1790.0,1674.18,160480.0,1908.77,RUB,True,2026-10-14T21:00:00Z,False,nomeal,160480.0,1674.18,16048,160480.0,1908.77,Двухместный номер Классический (2 отдельные кровати),1,8.9,2893.0,2395,Москва,202.0,2026-09-27 07:36:58.469,5.0,4.5,1928.0,awarded-hotel,Москва,октябрь,moscow_october.xlsx,10,16048.0,0-2 км,8-9,10
"Ленинградский проспект 36 строение 33, Москва",2026-10-15,2026-10-25,Москва,Россия,RUB,4.6991205,True,False,False,petrovskij_park_congress_hotel,False,False,Hotel,55.78683,37.5665,10001298,True,146475.0,14648,Отель Hyatt Regency Moscow Petrovsky Park,Hyatt Regency Moscow Petrovsky Park Hotel,Динамо,611.0,27.0,1528.08,146475.0,1742.19,RUB,True,2026-10-14T21:00:00Z,False,nomeal,146475.0,1528.08,14648,146475.0,1742.19,Двухместный номер Стандартный (двуспальная кровать) (кровать king size),1,9.3,764.0,2395,Москва,298.0,2026-09-27 07:36:58.469,5.0,4.3,425.0,awarded-hotel,Москва,октябрь,moscow_october.xlsx,10,14647.5,2-5 км,9+,10
"Каланчевская ул.21/40, Москва",2026-10-15,2026-10-25,Москва,Россия,RUB,2.9362555,True,False,True,gostinitsa_khilton_leningradskaia,False,False,Hotel,55.774033,37.651802,7601804,True,117000.0,11700,Отель Hilton Москва Ленинградская,Hilton Moscow Leningradskaya Hotel,Комсомольская (Кольцевая),275.0,,1220.59,117000.0,1391.61,RUB,True,2026-10-15T11:00:00Z,False,nomeal,117000.0,1220.59,11700,117000.0,1391.61,Двухместный номер Делюкс (двуспальная кровать) (кровать king size),1,8.7,574.0,2395,Москва,273.0,2026-09-27 07:36:58.469,5.0,,,,Москва,октябрь,moscow_october.xlsx,10,11700.0,2-5 км,8-9,10
"Старопименовский переулок, д.11с2, Москва",2026-10-15,2026-10-25,Москва,Россия,RUB,1.8411976,False,False,False,palaty_khovanskikh_butikhotel,True,False,Boutique_and_Design,55.770145,37.602768,11341011,True,87210.0,8721,Бутик-отель Палаты Хованских,Palaty Khovanskikh  Butik-hotel,Маяковская,414.0,,909.81,87210.0,1037.29,RUB,False,,False,nomeal,87210.0,909.81,8721,87210.0,1037.29,Двухместный номер Superior (двуспальная кровать и диван),1,8.5,54.0,2395,Москва,13.0,2026-09-27 07:36:58.469,4.0,,,awarded-hotel,Москва,октябрь,moscow_october.xlsx,10,8721.0,0-2 км,8-9,10
"улица Красная Пресня, д.30 стр.3, Москва",2026-10-15,2026-10-25,Москва,Россия,RUB,3.1873171,True,False,False,winewood_moscow_lounge_hotel,True,False,Hotel,55.762676,37.56818,8854262,True,78000.0,7800,Отель WineWood Moscow,WineWood Moscow Hotel,Улица 1905 года,460.0,,813.72,78000.0,927.74,RUB,True,2026-10-12T11:00:00Z,False,nomeal,78000.0,813.72,7800,78000.0,927.74,Двухместный номер Стандарт (двуспальная кровать),1,9.1,256.0,2395,Москва,49.0,2026-09-27 07:36:58.469,4.0,4.6,58.0,awarded-hotel,Москва,октябрь,moscow_october.xlsx,10,7800.0,2-5 км,9+,10
"улица Маршала Рыбалко, д.2/5, Москва",2026-10-15,2026-10-25,Москва,Россия,RUB,8.803242,True,False,False,ibis_budget_moscow_panfilovskaya,True,False,Hotel,55.79799,37.4984,8735315,True,40800.0,4080,Отель Ibis budget Москва Панфиловская,Ibis Budget Moskva Panfilovskaya Hotel,Панфиловская,120.0,38.0,425.64,40800.0,485.28,RUB,True,2026-10-14T12:00:00Z,False,nomeal,40800.0,425.64,4080,40800.0,485.28,Двухместный номер Standard (2 отдельные кровати),1,8.9,417.0,2395,Москва,114.0,2026-09-27 07:36:58.469,2.0,4.3,171.0,,Москва,октябрь,moscow_october.xlsx,10,4080.0,5-10 км,8-9,10
"Вознесенский переулок, д.7, Москва",2026-10-15,2026-10-25,Москва,Россия,RUB,0.88803846,True,False,False,courtyard_by_marriott_moscow_city_center,True,False,Hotel,55.757973,37.604,7597525,True,103840.0,10384,Отель Арткорт Москва Центр,Artcourt Moscow Center (ex. Courtyard by Marriott City Center) Hotel,Арбатская (Арбатско-Покровская),608.0,,1083.3,103840.0,1235.09,RUB,True,2026-10-14T21:00:00Z,False,nomeal,103840.0,1083.3,10384,103840.0,1235.09,Номер вид в Атриум Супериор (2 отдельные кровати),1,9.0,400.0,2395,Москва,218.0,2026-09-27 07:36:58.469,4.0,,,,Москва,октябрь,moscow_october.xlsx,10,10384.0,0-2 км,8-9,10
"ул. Новый Арбат, 32, Москва",2026-10-15,2026-10-25,Москва,Россия,RUB,2.3448985,True,False,False,moscow_marriott_hotel_novy_arbat,True,False,Hotel,55.752964,37.580555,8139930,True,105600.0,10560,Отель Звёзды Арбата,Arbat Stars Hotel (ex Marriott Novy Arbat),Смоленская (Филёвская),594.0,,1101.66,105600.0,1256.02,RUB,True,2026-10-14T21:00:00Z,False,nomeal,105600.0,1101.66,10560,105600.0,1256.02,Двухместный номер Делюкс (2 отдельные кровати),1,9.1,415.0,2395,Москва,234.0,2026-09-27 07:36:58.469,5.0,,,,Москва,октябрь,moscow_october.xlsx,10,10560.0,2-5 км,9+,10
"Садовническая набережная, д. 7, помещ. 50, Москва",2026-10-15,2026-10-25,Москва,Россия,RUB,1.2204372,True,False,False,balchug_viewpoint_hotel,True,False,Hotel,55.746548,37.628036,8878179,True,95400.0,9540,Отель Viewpoint Hotel,Viewpoint Hotel Hotel,Новокузнецкая,480.0,,995.25,95400.0,1134.7,RUB,True,2026-10-14T11:00:00Z,False,nomeal,95400.0,995.25,9540,95400.0,1134.7,Двухместный номер Superior (двуспальная кровать) (кровать king size),1,8.9,300.0,2395,Москва,34.0,2026-09-27 07:36:58.469,4.0,4.1,33.0,,Москва,октябрь,moscow_october.xlsx,10,9540.0,0-2 км,8-9,10
"Спартаковская улица, 24, Москва",2026-10-15,2026-10-25,Москва,Россия,RUB,4.130663,True,True,False,elokhovskii_moskva,True,False,Hotel,55.772552,37.67674,10292277,True,68277.0,6828,Отель Елоховский,Hotel Elohovskij,Бауманская,145.0,,712.29,68277.0,812.1,RUB,True,2026-10-14T11:00:00Z,True,breakfast,68277.0,712.29,6828,68277.0,812.1,Двухместный номер Стандарт (двуспальная кровать),1,9.1,204.0,2395,Москва,27.0,2026-09-27 07:36:58.469,3.0,4.4,85.0,,Москва,октябрь,moscow_october.xlsx,10,6827.7,2-5 км,9+,10
"набережная Краснопресненская, дом 12, Москва",2026-10-15,2026-10-25,Москва,Россия,RUB,3.7518039,True,False,True,crowne_plaza_moscow_world_trade_centre,True,False,Hotel,55.754272,37.557766,8075994,,140000.0,14000,Plaza Garden Moscow WTC Hotel,Plaza Garden Moscow WTC Hotel,Деловой Центр (Филевская),1065.0,,1460.53,140000.0,1665.18,RUB,True,2026-10-14T18:00:00Z,False,nomeal,140000.0,1460.53,14000,140000.0,1665.18,Двухместный номер Стандарт (двуспальная кровать) (кровать queen size),1,9.0,638.0,2395,Москва,727.0,2026-09-27 07:36:58.469,5.0,,,awarded-hotel,Москва,октябрь,moscow_october.xlsx,10,14000.0,2-5 км,8-9,10
"Новоданиловская наб., д. 6, Москва",2026-10-15,2026-10-25,Москва,Россия,RUB,6.5068913,True,False,True,palmira_business_club_hotel,True,False,Hotel,55.697475,37.625607,11157982,True,121140.0,12114,Отель Пальмира Бизнес Клуб,Palmira Business Club Hotel,Верхние Котлы,892.0,,1263.78,121140.0,1440.86,RUB,True,2026-10-14T12:00:00Z,False,nomeal,121140.0,1263.78,12114,121140.0,1440.86,Двухместная студия (двуспальная кровать и диван) (тип кровати может измениться),1,9.2,915.0,2395,Москва,222.0,2026-09-27 07:36:58.469,4.0,4.7,674.0,awarded-hotel,Москва,октябрь,moscow_october.xlsx,10,12114.0,5-10 км,9+,10
"Киевская улица, 2, Москва",2026-10-15,2026-10-25,Москва,Россия,RUB,3.7175832,True,False,True,novotel_moscow_kievskaya,False,False,Hotel,55.74317,37.5627,8661280,True,109360.0,10936,Отель Novotel Москва Киевская,Novotel Moskva Kievskaya Hotel,Киевская (Кольцевая),159.0,40.0,1140.88,109360.0,1300.74,RUB,True,2026-10-14T21:00:00Z,False,nomeal,109360.0,1140.88,10936,109360.0,1300.74,Двухместный номер с рабочей зоной Улучшенный (двуспальная кровать) (кровать queen size),1,8.8,253.0,2395,Москва,202.0,2026-09-27 07:37:00.869,4.0,,,,Москва,октябрь,moscow_october.xlsx,10,10936.0,2-5 км,8-9,10
"Шоссе Энтузиастов, д. 9, Москва",2026-10-15,2026-10-25,Москва,Россия,RUB,5.9086876,False,False,False,stayway_aviamotornaya_hotel,True,False,Hotel,55.7511,37.711807,13432738,True,20186.0,2019,Отель Stay Way Авиамоторная,Stayway Aviamotornaya Hotel,Авиамоторная (Калининская),305.0,,210.59,20186.0,240.1,RUB,False,,False,nomeal,20186.0,210.59,2019,20186.0,240.1,Двухместный номер без окна Economy (общая ванная комната) (двуспальная кровать) (без окна),1,8.0,268.0,2395,Москва,20.0,2026-09-27 07:37:00.869,,,,,Москва,октябрь,moscow_october.xlsx,10,2018.6,5-10 км,7-8,10
"Красногорский бульвар, д. 24, помещение 1, Красногорск",2026-10-15,2026-10-25,Красногорск,Россия,RUB,16.631618,True,False,False,crocus_star_minihotel,False,False,Hotel,55.819668,37.3769,8742609,True,59123.0,5912,Отель Crocus Star,Crocus Star Hotel,Мякинино,688.0,,616.79,59123.0,703.22,RUB,True,2026-10-09T05:00:00Z,False,nomeal,59123.0,616.79,5912,59123.0,703.22,Двухместный номер Стандарт (двуспальная кровать),1,8.6,108.0,179605,Красногорск,15.0,2026-09-27 07:37:00.869,3.0,4.5,4.0,,Москва,октябрь,moscow_october.xlsx,10,5912.3,10-20 км,8-9,10
"Измайловское шоссе, д. 71, стр. 3В, Москва",2026-10-15,2026-10-25,Москва,Россия,RUB,8.967533,True,False,False,best_western_vega_hotel,True,False,Hotel,55.7905,37.747288,7467768,True,71800.0,7180,Отель Вега Измайлово,Vega Izmailovo Hotel,Партизанская,262.0,,749.04,71800.0,854.0,RUB,True,2026-10-14T11:00:00Z,False,nomeal,71800.0,749.04,7180,71800.0,854.0,Двухместный номер Русский Делюкс (двуспальная кровать) (кровать king size),1,9.1,1307.0,2395,Москва,1008.0,2026-09-27 07:37:00.869,4.0,,,,Москва,октябрь,moscow_october.xlsx,10,7180.0,5-10 км,9+,10
"улица Петровка, 11, Москва",2026-10-15,2026-10-25,Москва,Россия,RUB,0.79458743,True,False,False,gostinitsa_marriott_roiial_avrora,True,False,Hotel,55.76301,37.617188,7597450,True,149430.0,14943,Сафмар Аврора Люкс (бывший Марриотт Ройал Аврора),Safmar Avrora Luxe (Ex. Marriott Royal Aurora),Кузнецкий мост,490.0,1790.0,1558.91,149430.0,1777.34,RUB,True,2026-10-14T21:00:00Z,False,nomeal,149430.0,1558.91,14943,149430.0,1777.34,Двухместный номер Делюкс (двуспальная кровать) (кровать king size),1,8.8,1630.0,2395,Москва,228.0,2026-09-27 07:37:00.869,5.0,4.5,1230.0,awarded-hotel,Москва,октябрь,moscow_october.xlsx,10,14943.0,0-2 км,8-9,10
"проспект Вернадского, д. 41, стр. 1, Москва",2026-10-15,2026-10-25,Москва,Россия,RUB,11.64647,True,False,True,fortestate_apart_hotel,True,False,Hotel,55.673203,37.503307,13644772,True,52000.0,5200,Апарт Отель FortEstate,FortEstate Apart Hotel,Проспект Вернадского,442.0,,542.48,52000.0,618.5,RUB,True,2026-10-14T12:00:00Z,False,nomeal,52000.0,542.48,5200,52000.0,618.5,Апартаменты c 1 комнатой с видом на город (двуспальная кровать),1,8.9,22.0,2395,Москва,6.0,2026-09-27 07:37:00.869,,,,,Москва,октябрь,moscow_october.xlsx,10,5200.0,10-20 км,8-9,6
"улица Новый Арбат, д. 21, строение 2, Москва",2026-10-15,2026-10-25,Москва,Россия,RUB,2.0373647,True,False,False,hotel_brosko,True,False,Hotel,55.751575,37.58602,8854267,True,98000.0,9800,Отель Brosko Moscow,Brosko Moscow Hotel,Смоленская (Филёвская),426.0,,1022.37,98000.0,1165.63,RUB,True,2026-10-14T11:00:00Z,False,nomeal,98000.0,1022.37,9800,98000.0,1165.63,Двухместный номер Standard (2 отдельные кровати),1,8.5,464.0,2395,Москва,120.0,2026-09-27 07:37:00.869,4.0,3.7,97.0,awarded-hotel,Москва,октябрь,moscow_october.xlsx,10,9800.0,2-5 км,8-9,10
"Ленинградский пр-кт, д. 37, корп. 8, Москва",2026-10-15,2026-10-25,Москва,Россия,RUB,6.1449695,False,False,False,ibis_moscow_dynamo,False,False,Hotel,55.79227,37.543694,6298912,True,51255.0,5126,Отель Ibis Москва Динамо,ibis Moscow Dynamo Hotel,Петровский парк,837.0,90.0,534.71,51255.0,609.63,RUB,False,,False,nomeal,51255.0,534.71,5126,51255.0,609.63,Двухместный номер Standard (2 отдельные кровати),1,8.4,838.0,2395,Москва,317.0,2026-09-27 07:37:00.869,3.0,4.1,525.0,,Москва,октябрь,moscow_october.xlsx,10,5125.5,5-10 км,8-9,10
"Киевская улица, 2, Москва",2026-10-15,2026-10-25,Москва,Россия,RUB,3.7546544,True,False,True,ibis_moscow_kievskaya,False,False,Hotel,55.74321,37.56203,8669772,True,104592.5,10459,Отель ibis Москва Киевская,Ibis Moskva Kievskaya Hotel,Киевская (Кольцевая),200.0,90.0,1091.15,104592.5,1244.04,RUB,True,2026-10-14T12:00:00Z,False,nomeal,104592.5,1091.15,10459,104592.5,1244.04,Двухместный номер Premium (двуспальная кровать),1,8.6,716.0,2395,Москва,350.0,2026-09-27 07:37:00.869,3.0,,,,Москва,октябрь,moscow_october.xlsx,10,10459.25,2-5 км,8-9,10
"Поклонная улица, 9, Москва",2026-10-15,2026-10-25,Москва,Россия,RUB,6.2500067,True,False,False,enzo_hotel_moscow_by_zont_hotel_group,True,False,Hotel,55.73433,37.525387,13725634,True,233000.0,23300,ENZO Hotel Moscow by ZONT Hotel Group,ENZO Hotel Moscow by ZONT Hotel Group,Парк Победы (Солнцевская),569.0,,2430.74,233000.0,2771.34,RUB,True,2026-10-14T12:00:00Z,False,nomeal,233000.0,2430.74,23300,233000.0,2771.34,Двухместный номер ENZO Классик (двуспальная кровать) (кровать king size),1,9.0,26.0,2395,Москва,130.0,2026-09-27 07:37:00.869,5.0,,,,Москва,октябрь,moscow_october.xlsx,10,23300.0,5-10 км,8-9,10
"улица Щепкина, д. 32, стр. 1, Москва",2026-10-15,2026-10-25,Москва,Россия,RUB,2.7382555,False,False,True,sunflower_avenue_hotel,True,False,Hotel,55.779564,37.629692,8873685,True,58265.0,5827,Отель Sunflower Авеню Москва ZONT Hotel Group,Sunflower Avenue Moscow by ZONT Hotel Group Hotel,Проспект Мира (Кольцевая),341.0,,607.84,58265.0,693.01,RUB,False,,False,nomeal,58265.0,607.84,5827,58265.0,693.01,Двухместный номер Standard (двуспальная кровать) (кровать queen size),1,9.3,1145.0,2395,Москва,166.0,2026-09-27 07:37:00.869,3.0,,,awarded-hotel,Москва,октябрь,moscow_october.xlsx,10,5826.5,2-5 км,9+,10
"Краснопрудная, 12, Москва  107140 Российская Федерация, Москва",2026-10-15,2026-10-25,Москва,Россия,RUB,3.6000466,True,False,True,moscow_marriott_imperial_plaza_hotel,True,False,Hotel,55.776928,37.661453,9988092,True,134000.0,13400,Отель Москва Марриотт Империал Плаза,Moscow Marriott Imperial Plaza Hotel,Комсомольская (Сокольническая),404.0,,1397.94,134000.0,1593.82,RUB,True,2026-10-14T21:00:00Z,False,nomeal,134000.0,1397.94,13400,134000.0,1593.82,Двухместный номер Делюкс (2 отдельные кровати),1,9.2,646.0,2395,Москва,268.0,2026-09-27 07:37:00.869,5.0,5.0,29.0,awarded-hotel,Москва,октябрь,moscow_october.xlsx,10,13400.0,2-5 км,9+,10
"2-й Кадашевский переулок, д.16/1, Москва",2026-10-15,2026-10-25,Москва,Россия,RUB,1.365845,True,False,False,villa_kadashi_boutique_hotel,True,False,Boutique_and_Design,55.743793,37.62183,8661045,True,95200.0,9520,Бутик-отель Вилла Кадаши,Villa Kadashi Boutique Hotel,Третьяковская (Калининская),400.0,,993.16,95200.0,1132.32,RUB,True,2026-10-12T11:00:00Z,False,nomeal,95200.0,993.16,9520,95200.0,1132.32,Двухместный номер Superior (двуспальная кровать),1,8.6,114.0,2395,Москва,14.0,2026-09-27 07:37:00.869,4.0,4.6,83.0,awarded-hotel,Москва,октябрь,moscow_october.xlsx,10,9520.0,0-2 км,8-9,10
"Каширское Шоссе,д. 39 стр. Б, Москва",2026-10-15,2026-10-25,Москва,Россия,RUB,12.598262,True,False,False,kolomenskoye__2,False,False,Hotel,55.64693,37.67347,8126782,,58056.0,5806,Отель Интурист Коломенское,Intourist Kolomenskoe Hotel,Кантемировская,1622.0,873.0,605.66,58056.0,690.53,RUB,True,2026-10-14T21:00:00Z,False,nomeal,58056.0,605.66,5806,58056.0,690.53,Двухместный номер Standard с видом на город (двуспальная кровать) (кровать queen size),1,8.9,322.0,2395,Москва,259.0,2026-09-27 07:37:00.869,4.0,,,,Москва,октябрь,moscow_october.xlsx,10,5805.6,10-20 км,8-9,10
"улица Малая Ботаническая, д.10А, Москва",2026-10-15,2026-10-25,Москва,Россия,RUB,8.763497,True,False,True,botanik_life_hotel,True,False,Hotel,55.833035,37.58878,13463175,True,41297.0,4130,Отель Ботаник Life,Botanik Life Hotel,Петровско-Разумовская (Люблинско-Дмитровская),902.0,,430.82,41297.0,491.19,RUB,True,2026-10-14T11:30:00Z,False,nomeal,41297.0,430.82,4130,41297.0,491.19,Студия (двуспальная кровать),1,8.0,167.0,2395,Москва,26.0,2026-09-27 07:37:00.869,3.0,,,,Москва,октябрь,moscow_october.xlsx,10,4129.7,5-10 км,7-8,7
"Аэропорт Шереметьево, 5-ый этаж, терминал «Аэроэкспресс», терминал EF, Москва",2026-10-15,2026-10-25,Москва,Россия,RUB,26.332064,True,False,False,vozdushny_express,True,False,Hotel,55.963493,37.414192,7034463,,67000.0,6700,Отель Комфорт,Komfort Hotel,,,,698.97,67000.0,796.91,RUB,True,2026-10-14T11:00:00Z,False,nomeal,67000.0,698.97,6700,67000.0,796.91,Двухместный номер без окна Стандарт (двуспальная кровать) (без окна),1,8.2,240.0,2395,Москва,30.0,2026-09-27 07:37:00.869,,,,,Москва,октябрь,moscow_october.xlsx,10,6700.0,20+ км,8-9,10
"улица Мастеркова, д.4, Москва",2026-10-15,2026-10-25,Москва,Россия,RUB,5.787225,True,False,False,maxima_panorama_hotel,True,False,Hotel,55.7085,37.656166,7467382,True,85210.0,8521,Отель Максима Панорама,Maxima Panorama Hotel,Автозаводская (Замоскворецкая),214.0,,888.94,85210.0,1013.5,RUB,True,2026-10-14T09:00:00Z,False,nomeal,85210.0,888.94,8521,85210.0,1013.5,Двухместная студия (двуспальная кровать),1,8.9,967.0,2395,Москва,123.0,2026-09-27 07:37:00.869,4.0,4.0,625.0,,Москва,октябрь,moscow_october.xlsx,10,8521.0,5-10 км,8-9,10
"Алтуфьевское шоссе 2, Москва",2026-10-15,2026-10-25,Москва,Россия,RUB,10.554825,True,False,False,hotel_voshod,True,False,Hotel,55.849228,37.58661,10006615,True,33700.0,3370,Отель Восход,Voshod Hotel,Владыкино (Серпуховско-Тимирязевская),272.0,,351.57,33700.0,400.83,RUB,True,2026-10-14T11:00:00Z,False,nomeal,33700.0,351.57,3370,33700.0,400.83,Двухместный номер Улучшенный Комфорт (двуспальная кровать),1,7.5,1025.0,2395,Москва,16.0,2026-09-27 07:37:00.869,3.0,,,,Москва,октябрь,moscow_october.xlsx,10,3370.0,10-20 км,7-8,5
"улица Большая Полянка, д. 43 стр. 2, Москва",2026-10-15,2026-10-25,Москва,Россия,RUB,2.4985566,True,False,False,halva_hotel_polyanka,True,False,Hotel,55.733414,37.61995,9080072,True,43000.0,4300,Отель Халва,Halva Hotel,Полянка,389.0,,448.59,43000.0,511.45,RUB,True,2026-10-14T11:00:00Z,False,nomeal,43000.0,448.59,4300,43000.0,511.45,Двухместный номер Standard (двуспальная кровать),1,8.6,278.0,2395,Москва,17.0,2026-09-27 07:37:00.869,2.0,3.8,23.0,,Москва,октябрь,moscow_october.xlsx,10,4300.0,2-5 км,8-9,10
"Ленинский проспект, дом 90/3, Москва",2026-10-15,2026-10-25,Москва,Россия,RUB,10.999054,True,False,False,hotel_radisson_blu_leninsky_prospect_hotel_moscow,True,False,Hotel,55.67367,37.519783,10621095,True,168500.0,16850,"Отель Radisson Blu Ленинский проспект, Москва","Hotel Radisson Blu Leninsky Prospect Hotel, Moscow",Новаторская (Троицкая),244.0,18.0,1757.85,168500.0,2004.16,RUB,True,2026-10-14T21:00:00Z,False,nomeal,168500.0,1757.85,16850,168500.0,2004.16,Двухместный номер Улучшенный с видом на парк (двуспальная кровать) (кровать king size),1,9.2,194.0,2395,Москва,156.0,2026-09-27 07:37:00.869,5.0,4.5,22.0,awarded-hotel,Москва,октябрь,moscow_october.xlsx,10,16850.0,10-20 км,9+,10
"Рязанский проспект, д.2к3, Москва",2026-10-15,2026-10-25,Москва,Россия,RUB,7.877091,True,False,False,idera_hotel,True,False,Hotel,55.729397,37.734524,13106596,True,75389.0,7539,Апарт-отель Idera,Idera Apartment Hotel,Нижегородская,501.0,,786.48,75389.0,896.69,RUB,True,2026-10-14T09:00:00Z,False,nomeal,75389.0,786.48,7539,75389.0,896.69,Двухместный номер Улучшенный (двуспальная кровать),1,9.1,71.0,2395,Москва,238.0,2026-09-27 07:37:04.850,4.0,,,business-hotel,Москва,октябрь,moscow_october.xlsx,10,7538.9,5-10 км,9+,10
"улица Земляной Вал, д.70, Москва",2026-10-15,2026-10-25,Москва,Россия,RUB,2.6273253,True,False,True,movenpick_moscow_taganskaya,True,False,Hotel,55.744423,37.654465,9260139,True,157500.0,15750,Отель Movenpiсk Москва Таганская,Movenpick Moskva Taganskaya Hotel,Таганская (Кольцевая),236.0,641.0,1643.1,157500.0,1873.33,RUB,True,2026-10-14T12:00:00Z,False,nomeal,157500.0,1643.1,15750,157500.0,1873.33,Двухместный номер Superior с видом на внутренний двор (двуспальная кровать),1,8.9,261.0,2395,Москва,148.0,2026-09-27 07:37:04.850,5.0,4.3,99.0,awarded-hotel,Москва,октябрь,moscow_october.xlsx,10,15750.0,2-5 км,8-9,10
"проспект Ленинский, д.158, к.640, Москва",2026-10-15,2026-10-25,Москва,Россия,RUB,14.363593,True,False,True,fortestate_aparthotel,True,False,Hotel,55.651188,37.483105,13644118,True,51625.0,5163,Отель FortEstate,FortEstate Hotel,Тропарёво,890.0,,538.57,51625.0,614.04,RUB,True,2026-10-14T12:00:00Z,False,nomeal,51625.0,538.57,5163,51625.0,614.04,Апартаменты c 1 комнатой с видом на город (двуспальная кровать),1,8.1,36.0,2395,Москва,2.0,2026-09-27 07:37:04.850,,,,,Москва,октябрь,moscow_october.xlsx,10,5162.5,10-20 км,8-9,10
"Левобережная улица, д.12, Москва",2026-10-15,2026-10-25,Москва,Россия,RUB,16.423082,True,True,True,holiday_inn_express_moscow_khovrino,False,False,Hotel,55.877815,37.46909,8769428,True,75500.0,7550,Отель Satelinn Moscow Khovrino,Satelinn Moscow Khovrino Hotel,Ховрино,727.0,,787.64,75500.0,898.01,RUB,True,2026-10-14T21:00:00Z,True,breakfast,75500.0,787.64,7550,75500.0,898.01,Двухместный номер Standard (двуспальная кровать) (в главном здании),1,9.1,266.0,2395,Москва,171.0,2026-09-27 07:37:04.850,3.0,,,awarded-hotel,Москва,октябрь,moscow_october.xlsx,10,7550.0,10-20 км,9+,10
"Потаповский переулок, д.8/12 стр.2, Москва",2026-10-15,2026-10-25,Москва,Россия,RUB,1.523867,False,False,False,khostel_strawberry_duck,True,False,Hostel,55.760696,37.640507,8855190,True,29860.0,2986,Хостел Гутен Дак Москва,Guten Duck Moscow Hostel,Чистые пруды,470.0,,311.51,29860.0,355.16,RUB,False,,False,nomeal,29860.0,311.51,2986,29860.0,355.16,Шестиместный (двухъярусные кровати) номер (общая ванная комната) (3 двухъярусные кровати),1,7.9,338.0,2395,Москва,34.0,2026-09-27 07:37:04.850,,3.8,29.0,,Москва,октябрь,moscow_october.xlsx,10,2986.0,0-2 км,7-8,10
"улица Кожевническая д.3 строение 1, Москва",2026-10-15,2026-10-25,Москва,Россия,RUB,3.2407436,True,True,True,paveletskaya_ploshchad_hotel,True,False,Hotel,55.730423,37.643032,7035319,True,69240.0,6924,Павелецкая АЭРО,Paveletskaya AERO,Павелецкая (Кольцевая),225.0,,722.34,69240.0,823.55,RUB,True,2026-10-14T09:00:00Z,True,breakfast,69240.0,722.34,6924,69240.0,823.55,Двухместный номер Superior (двуспальная кровать),1,8.5,603.0,2395,Москва,77.0,2026-09-27 07:37:04.850,3.0,3.6,98.0,,Москва,октябрь,moscow_october.xlsx,10,6924.0,2-5 км,8-9,10
"улица Шипиловская, д.28 А, Москва",2026-10-15,2026-10-25,Москва,Россия,RUB,16.404684,False,False,False,milan_hotel,True,False,Hotel,55.618828,37.715122,7573441,True,57376.0,5738,Отель Милан,Milan Hotel,Домодедовская,922.0,,598.57,57376.0,682.44,RUB,False,,False,nomeal,57376.0,598.57,5738,57376.0,682.44,Двухместный номер Стандартный (двуспальная кровать),1,8.9,814.0,2395,Москва,298.0,2026-09-27 07:37:04.850,4.0,4.0,567.0,,Москва,октябрь,moscow_october.xlsx,10,5737.6,10-20 км,8-9,10
"2-я Рощинская улица, 10, Москва",2026-10-15,2026-10-25,Москва,Россия,RUB,5.1406536,True,False,True,butikotel_tulskii,True,False,Boutique_and_Design,55.709698,37.61239,10459862,True,53352.0,5335,Бутик-отель Тульский,Butik-Otel Tulskiy,Тульская,650.0,,556.59,53352.0,634.58,RUB,True,2026-10-15T00:00:00Z,False,nomeal,53352.0,556.59,5335,53352.0,634.58,Двухместная студия (двуспальная кровать),1,7.7,301.0,2395,Москва,13.0,2026-09-27 07:37:04.850,3.0,,,,Москва,октябрь,moscow_october.xlsx,10,5335.2,5-10 км,7-8,10
"Шлюзовая набережная, д. 6, стр. 2, Москва",2026-10-15,2026-10-25,Москва,Россия,RUB,3.3179238,True,True,False,katerina_city_hotel,True,False,Hotel,55.731133,37.647423,7597146,True,84800.0,8480,Отель Бизнес Россо Рива строение 2,Biznes Rosso Riva Stroenie 2 Hotel,Павелецкая (Кольцевая),512.0,,884.66,84800.0,1008.62,RUB,True,2026-10-14T23:00:00Z,True,breakfast,84800.0,884.66,8480,84800.0,1008.62,Двухместный номер Стандарт в корпусе без лифта (2 отдельные кровати),1,8.8,1160.0,2395,Москва,92.0,2026-09-27 07:37:04.850,4.0,4.3,972.0,awarded-hotel,Москва,октябрь,moscow_october.xlsx,10,8480.0,2-5 км,8-9,10
"улица Фридриха Энгельса, д. 20, строение 1, Москва",2026-10-15,2026-10-25,Москва,Россия,RUB,4.483649,True,False,False,iudzhin_otel,True,False,Hotel,55.772373,37.68314,7804375,True,63000.0,6300,Отель Юджин,Eugene Hotel,Бауманская,258.0,,657.24,63000.0,749.33,RUB,True,2026-10-13T11:00:00Z,False,nomeal,63000.0,657.24,6300,63000.0,749.33,Двухместный номер Standard (2 отдельные кровати),1,8.3,288.0,2395,Москва,33.0,2026-09-27 07:37:04.850,3.0,3.4,57.0,,Москва,октябрь,moscow_october.xlsx,10,6300.0,2-5 км,8-9,10
"проспект Ленинградский, д. 40, Москва",2026-10-15,2026-10-25,Москва,Россия,RUB,5.858996,True,False,False,petrovskii_putevoi_dvorets,True,False,Hotel,55.793537,37.552113,7741454,True,332530.0,33253,Отель Петровский Путевой Дворец,Petrovskiy Putevoy Dvorets Hotel,Петровский парк,369.0,,3469.07,332530.0,3955.16,RUB,True,2026-10-14T21:00:00Z,False,nomeal,332530.0,3469.07,33253,332530.0,3955.16,Люкс Семейный Екатерининские палаты с 3 комнатами (двуспальная кровать и диван) (в главном здании),1,8.3,591.0,2395,Москва,43.0,2026-09-27 07:37:04.850,5.0,4.3,481.0,historic-hotel,Москва,октябрь,moscow_october.xlsx,10,33253.0,5-10 км,8-9,10
"проспект Ленинский, д. 158, Москва",2026-10-15,2026-10-25,Москва,Россия,RUB,14.363593,True,False,False,salyut_aparthotel,True,False,Hotel,55.651188,37.483105,11176521,True,70150.0,7015,Отель Ваш Салют Апарт,Vash Salut Apart Hotel,Тропарёво,890.0,,731.83,70150.0,834.37,RUB,True,2026-10-14T11:00:00Z,False,nomeal,70150.0,731.83,7015,70150.0,834.37,Двухместный номер Комфорт (двуспальная кровать),1,8.5,547.0,2395,Москва,109.0,2026-09-27 07:37:04.850,4.0,,,,Москва,октябрь,moscow_october.xlsx,10,7015.0,10-20 км,8-9,10
"Улица Лесная, д.20 стр.2, Москва",2026-10-15,2026-10-25,Москва,Россия,RUB,3.0363686,True,False,False,minima_belorusskaya_hotel,True,False,Hotel,55.7789,37.591576,6959324,True,59680.0,5968,Отель Минима Белорусская,Minima Belorusskaya Hotel,Менделеевская,552.0,,622.6,59680.0,709.84,RUB,True,2026-10-14T11:00:00Z,False,nomeal,59680.0,622.6,5968,59680.0,709.84,Двухместный номер Стандартный (двуспальная кровать) (кровать queen size),1,8.1,330.0,2395,Москва,60.0,2026-09-27 07:37:04.850,3.0,3.4,46.0,,Москва,октябрь,moscow_october.xlsx,10,5968.0,2-5 км,8-9,10
"Измайловское шоссе, д.71 А, Москва",2026-10-15,2026-10-25,Москва,Россия,RUB,9.061582,True,False,False,izmailovo_alpha_hotel,True,False,Hotel,55.78983,37.749504,7467385,True,62257.0,6226,Гостиница Альфа Измайлово,Alpha Izmailovo Hotel,Партизанская,157.0,,649.49,62257.0,740.49,RUB,True,2026-10-14T09:00:00Z,False,nomeal,62257.0,649.49,6226,62257.0,740.49,Двухместный номер Стандарт (двуспальная кровать) (кровать queen size),1,8.8,1320.0,2395,Москва,985.0,2026-09-27 07:37:04.850,4.0,,,,Москва,октябрь,moscow_october.xlsx,10,6225.7,5-10 км,8-9,10
"Павелецкая площадь, д. 1а, стр.1, Москва",2026-10-15,2026-10-25,Москва,Россия,RUB,3.192219,True,False,False,new_city_inn_hotel,True,False,Hotel,55.7298,37.639168,9290790,True,47430.0,4743,Отель New City Inn,New City Inn Hotel,Павелецкая (Кольцевая),32.0,,494.81,47430.0,564.14,RUB,True,2026-10-14T21:00:00Z,False,nomeal,47430.0,494.81,4743,47430.0,564.14,Двухместный номер Standard (2 отдельные кровати),1,8.0,1025.0,2395,Москва,51.0,2026-09-27 07:37:04.850,3.0,2.9,25.0,,Москва,октябрь,moscow_october.xlsx,10,4743.0,2-5 км,7-8,10
"Kievskoe shosse, 22nd km, Business-park Rumjantsevo, estate 4, building E, Москва",2026-10-15,2026-10-25,Москва,Россия,RUB,17.47211,False,False,False,otel_insaidbiznes,True,False,Hotel,55.63705,37.434956,7770730,True,52560.0,5256,Отель Sunflower Румянцево ZONT Hotel Group,Sunflower Rumyantsevo by ZONT Hotel Group Hotel,Румянцево,632.0,,548.32,52560.0,625.16,RUB,False,,False,nomeal,52560.0,548.32,5256,52560.0,625.16,Двухместный номер Standard (двуспальная кровать),1,8.6,221.0,2395,Москва,128.0,2026-09-27 07:37:04.850,4.0,,,business-hotel,Москва,октябрь,moscow_october.xlsx,10,5256.0,10-20 км,8-9,10
"улица Неглинная, 17, стр. 1, Москва",2026-10-15,2026-10-25,Москва,Россия,RUB,0.8627882,True,False,False,peter_1,True,False,Hotel,55.76355,37.619648,7467388,True,129000.0,12900,Отель Пётр I,Petr I Hotel,Кузнецкий мост,382.0,,1345.77,129000.0,1534.34,RUB,True,2026-10-14T21:00:00Z,False,nomeal,129000.0,1345.77,12900,129000.0,1534.34,Двухместный номер Standard (2 отдельные кровати),1,9.0,180.0,2395,Москва,133.0,2026-09-27 07:37:04.850,5.0,,,awarded-hotel,Москва,октябрь,moscow_october.xlsx,10,12900.0,0-2 км,8-9,10
"Зубовская площадь, 3 строение 1, Москва",2026-10-15,2026-10-25,Москва,Россия,RUB,2.8337016,True,False,False,hotel_maidens_hotel,True,False,Hotel,55.737904,37.585533,13100159,True,170200.0,17020,Отель Maidens Hotel,Hotel Maidens Hotel,Парк культуры (Сокольническая),563.0,,1775.59,170200.0,2024.38,RUB,True,2026-10-14T21:00:00Z,False,nomeal,170200.0,1775.59,17020,170200.0,2024.38,Двухместный номер Premium с видом на внутренний двор (двуспальная кровать) (кровать king size),1,9.7,72.0,2395,Москва,118.0,2026-09-27 07:37:04.850,5.0,,,awarded-hotel,Москва,октябрь,moscow_october.xlsx,10,17020.0,2-5 км,9+,10
"улица Ольховская, д.23, Москва",2026-10-15,2026-10-25,Москва,Россия,RUB,3.7774396,True,False,True,mandarin_moscow_hotel,True,False,Hotel,55.77474,37.667953,7467339,True,73035.0,7304,Отель Мандарин Москва,Mandarin Moskva Hotel,Красносельская,581.0,,761.93,73035.0,868.69,RUB,True,2026-10-14T09:00:00Z,False,nomeal,73035.0,761.93,7304,73035.0,868.69,Двухместный номер Budget с ограниченным видом (двуспальная кровать),1,8.0,895.0,2395,Москва,165.0,2026-09-27 07:37:04.850,4.0,,,,Москва,октябрь,moscow_october.xlsx,10,7303.5,2-5 км,7-8,10
"Аэропорт Домодедово, строение 6, Москва",2026-10-15,2026-10-25,Москва,Россия,RUB,41.197697,False,False,True,aerootel_domodedovo,True,False,Hotel,55.42015,37.89609,7758809,,80750.0,8075,Отель Аэротель Домодедово ZONT Hotel Group,Airhotel Domodedovo by ZONT Hotel Group Hotel,,,,842.41,80750.0,960.45,RUB,False,,False,nomeal,80750.0,842.41,8075,80750.0,960.45,Номер Семейный (двуспальная кровать и диван),1,8.8,1446.0,2395,Москва,299.0,2026-09-27 07:37:04.850,3.0,3.7,755.0,,Москва,октябрь,moscow_october.xlsx,10,8075.0,20+ км,8-9,10
"Кутузовский пр-т, д. 2/1 стр.1, Москва",2026-10-15,2026-10-25,Москва,Россия,RUB,3.29003,True,False,True,radisson_collection_hotel_moscow,True,False,Hotel,55.751507,37.56566,8876782,True,300600.0,30060,Гостиница Radisson Collection Москва,"Radisson Collection Hotel, Moscow",Киевская (Арбатско-Покровская),827.0,18.0,3135.97,300600.0,3575.38,RUB,True,2026-10-14T21:00:00Z,False,nomeal,300600.0,3135.97,30060,300600.0,3575.38,Двухместный номер Коллекшен Премиум (2 отдельные кровати) (тип кровати может измениться),1,9.4,2256.0,2395,Москва,501.0,2026-09-27 07:37:06.625,5.0,4.5,2000.0,awarded-hotel,Москва,октябрь,moscow_october.xlsx,10,30060.0,2-5 км,9+,10
"Спиридоньевский переулок, д. 9, стр. 1., Москва",2026-10-15,2026-10-25,Москва,Россия,RUB,1.6559571,True,False,True,otel_marko_polo_presnia,True,False,Hotel,55.762463,37.593952,7467371,True,104000.0,10400,Отель Marco Polo by Moss Hospitality,Marco Polo by Moss Hospitality Hotel,Пушкинская,715.0,,1084.96,104000.0,1236.99,RUB,True,2026-10-14T11:00:00Z,False,nomeal,104000.0,1084.96,10400,104000.0,1236.99,Двухместный номер Стандарт (двуспальная кровать),1,8.3,521.0,2395,Москва,75.0,2026-09-27 07:37:06.625,4.0,4.1,365.0,business-hotel,Москва,октябрь,moscow_october.xlsx,10,10400.0,0-2 км,8-9,10
"улица Щипок, д. 22, стр. 1, Москва",2026-10-15,2026-10-25,Москва,Россия,RUB,3.7233012,True,False,False,ibis_moskva_paveletskaia,True,False,Hotel,55.72376,37.63474,7467292,True,61930.0,6193,Отель Ибис Москва Павелецкая,Ibis Moscow Paveletskaya Hotel,Серпуховская,682.0,90.0,646.08,61930.0,736.6,RUB,True,2026-10-14T12:00:00Z,False,nomeal,61930.0,646.08,6193,61930.0,736.6,Двухместный номер Standard (2 отдельные кровати),1,7.9,1616.0,2395,Москва,147.0,2026-09-27 07:37:06.626,3.0,3.9,1056.0,pet-friendly,Москва,октябрь,moscow_october.xlsx,10,6193.0,2-5 км,7-8,10
"проезд Гостиничный, д.6, корп.2, Москва",2026-10-15,2026-10-25,Москва,Россия,RUB,10.130801,True,False,True,metro_apartments_5,True,False,Aparthotel,55.844135,37.57713,9990817,True,50900.0,5090,Апарт-отель Metro rooms,Metro rooms Apart-hotel,Окружная (Люблинско-Дмитровская),299.0,,531.01,50900.0,605.41,RUB,True,2026-10-13T12:00:00Z,False,nomeal,50900.0,531.01,5090,50900.0,605.41,Двухместный номер Мини Комфорт (двуспальная кровать),1,8.6,348.0,2395,Москва,9.0,2026-09-27 07:37:06.626,3.0,,,,Москва,октябрь,moscow_october.xlsx,10,5090.0,10-20 км,8-9,10
"улица Большая Полянка, д. 17с1, Москва",2026-10-15,2026-10-25,Москва,Россия,RUB,1.8576417,True,False,True,park_inn_by_radisson_sadu,False,False,Hotel,55.739147,37.618088,7597068,True,86400.0,8640,"Гостиница SADU Москва, участник Radisson Individuals","SADU Hotel Moscow, a member of Radisson Individuals",Полянка,262.0,135.0,901.36,86400.0,1027.65,RUB,True,2026-10-14T12:00:00Z,False,nomeal,86400.0,901.36,8640,86400.0,1027.65,Двухместный номер Стандартный (2 отдельные кровати),1,8.2,260.0,2395,Москва,117.0,2026-09-27 07:37:06.626,3.0,,,,Москва,октябрь,moscow_october.xlsx,10,8640.0,0-2 км,8-9,10
"улица 1905 года, дом 10/1, Москва",2026-10-15,2026-10-25,Москва,Россия,RUB,3.9316165,False,False,False,na_ulitse_1905_goda_hotel,True,False,Hotel,55.767994,37.558624,9079223,True,57780.0,5778,Отель Корса Вита,Corsa Vita Hotel,Улица 1905 года,450.0,,602.78,57780.0,687.24,RUB,False,,False,nomeal,57780.0,602.78,5778,57780.0,687.24,Двухместный номер Economy (2 отдельные кровати),1,8.4,268.0,2395,Москва,24.0,2026-09-27 07:37:06.626,3.0,4.0,1.0,,Москва,октябрь,moscow_october.xlsx,10,5778.0,2-5 км,8-9,10
"улица Рождественка, д.3/6, стр.1, Москва",2026-10-15,2026-10-25,Москва,Россия,RUB,0.6209208,True,False,True,savoy_hotel,True,False,Hotel,55.760433,37.623413,7573372,True,160000.0,16000,Отель Савой,Savoy Hotel,Кузнецкий мост,138.0,,1669.18,160000.0,1903.06,RUB,True,2026-10-14T11:00:00Z,False,nomeal,160000.0,1669.18,16000,160000.0,1903.06,Двухместный номер Классический (двуспальная кровать),1,9.2,209.0,2395,Москва,67.0,2026-09-27 07:37:06.626,5.0,,,awarded-hotel,Москва,октябрь,moscow_october.xlsx,10,16000.0,0-2 км,9+,10
"улица Сретенка, д.15, Москва",2026-10-15,2026-10-25,Москва,Россия,RUB,1.7229232,True,False,False,sretenskaya_hotel,True,False,Hotel,55.76923,37.631664,7400794,True,68400.0,6840,Гостиница Сретенская,Sretenskaya Hotel,Сухаревская,346.0,,713.57,68400.0,813.56,RUB,True,2026-10-14T11:00:00Z,False,nomeal,68400.0,713.57,6840,68400.0,813.56,Двухместный номер Standard (двуспальная кровать) (кровать queen size),1,8.7,390.0,2395,Москва,38.0,2026-09-27 07:37:06.626,4.0,4.0,294.0,,Москва,октябрь,moscow_october.xlsx,10,6840.0,0-2 км,8-9,10
"Овчинниковская набережная, д.6 стр.2, Москва",2026-10-15,2026-10-25,Москва,Россия,RUB,1.3227295,False,False,False,sitikomfort_na_novokuznetskoj_minihotel,True,False,Hotel,55.745502,37.628113,8743599,True,52261.0,5226,Отель H29,H29 Hotel,Новокузнецкая,365.0,,545.21,52261.0,621.6,RUB,False,,False,nomeal,52261.0,545.21,5226,52261.0,621.6,Двухместный номер Бюджетный Мансарда (двуспальная кровать),1,7.6,255.0,2395,Москва,21.0,2026-09-27 07:37:06.626,3.0,3.1,21.0,,Москва,октябрь,moscow_october.xlsx,10,5226.1,0-2 км,7-8,10
"Петровско-Разумовский проезд, д.29, Москва",2026-10-15,2026-10-25,Москва,Россия,RUB,6.403648,True,False,False,brighton_hotel,True,False,Boutique_and_Design,55.804142,37.561745,7400924,,78585.0,7859,Бутик Отель Брайтон,Brighton  Boutique Hotel,Дмитровская,1267.0,,819.83,78585.0,934.7,RUB,True,2026-10-14T09:00:00Z,False,nomeal,78585.0,819.83,7859,78585.0,934.7,Двухместный номер Супериор (2 отдельные кровати),1,8.7,417.0,2395,Москва,53.0,2026-09-27 07:37:06.626,4.0,4.6,327.0,awarded-hotel,Москва,октябрь,moscow_october.xlsx,10,7858.5,5-10 км,8-9,10
"Улица Шереметьевская, д. 6, к. 1, Москва",2026-10-15,2026-10-25,Москва,Россия,RUB,4.39714,True,False,False,raikin_plaza_hotel,False,False,Hotel,55.795433,37.61714,7930655,True,84700.0,8470,Отель Райкин Плаза,Hotel Rajkin Plaza,Марьина роща (Большая Кольцевая),142.0,,883.62,84700.0,1007.43,RUB,True,2026-10-14T11:00:00Z,False,nomeal,84700.0,883.62,8470,84700.0,1007.43,Двухместный номер Стандарт (двуспальная кровать),1,8.8,292.0,2395,Москва,54.0,2026-09-27 07:37:06.626,4.0,4.3,160.0,,Москва,октябрь,moscow_october.xlsx,10,8470.0,2-5 км,8-9,8
"Кутузовский проспект, д.2/1 строение 1Б, Москва",2026-10-15,2026-10-25,Москва,Россия,RUB,3.350639,True,False,False,riverside_hotel_40,False,False,Hotel,55.7516,37.564655,8737742,True,91000.0,9100,Отель Riverside,Riverside Hotel,Киевская (Арбатско-Покровская),846.0,,949.34,91000.0,1082.37,RUB,True,2026-10-14T21:00:00Z,False,nomeal,91000.0,949.34,9100,91000.0,1082.37,"Двухместный номер Deluxe (двуспальная кровать) (кровать queen size, в главном здании)",1,8.1,140.0,2395,Москва,24.0,2026-09-27 07:37:06.626,4.0,3.5,34.0,,Москва,октябрь,moscow_october.xlsx,10,9100.0,2-5 км,8-9,10
"Средний Тишинский пер., д. 24-26, Москва",2026-10-15,2026-10-25,Москва,Россия,RUB,3.0302603,True,False,False,hotel_na_tishinskoy,True,False,Hotel,55.770466,37.576763,8289987,True,55328.0,5533,Отель Mint,Mint Hotel,Белорусская (Замоскворецкая),814.0,,577.2,55328.0,658.08,RUB,True,2026-10-14T11:00:00Z,False,nomeal,55328.0,577.2,5533,55328.0,658.08,Двухместный номер Standard с видом на город (двуспальная кровать),1,8.3,430.0,2395,Москва,12.0,2026-09-27 07:37:06.626,2.0,3.8,51.0,,Москва,октябрь,moscow_october.xlsx,10,5532.8,2-5 км,8-9,10
"Старопименовский переулок, д. 11/6, Москва",2026-10-15,2026-10-25,Москва,Россия,RUB,1.821119,True,False,False,miniotel_sleepy_tom,True,False,Boutique_and_Design,55.770054,37.603127,6297673,True,87542.5,8754,Бутик-отель Тверской,Tverskoy Boutique Hotel,Маяковская,436.0,,913.27,87542.5,1041.24,RUB,True,2026-10-14T11:00:00Z,False,nomeal,87542.5,913.27,8754,87542.5,1041.24,Двухместный номер Стандартный с видом на город (двуспальная кровать),1,8.9,405.0,2395,Москва,11.0,2026-09-27 07:37:06.668,4.0,,,awarded-hotel,Москва,октябрь,moscow_october.xlsx,10,8754.25,0-2 км,8-9,10
"Нахимовский проспект, д.2, Москва",2026-10-15,2026-10-25,Москва,Россия,RUB,10.2671795,True,False,False,ahaushotel_na_nahimovskom_prospekte,True,False,Hotel,55.663467,37.616783,8660608,True,27990.0,2799,Отель Ахаус-Отель,Ahouse-otel Hotel,Нахимовский проспект,734.0,,292.0,27990.0,332.92,RUB,True,2026-10-15T11:00:00Z,False,nomeal,27990.0,292.0,2799,27990.0,332.92,Двухместный Номер-студио без окна (2 отдельные кровати) (без окна),1,7.9,422.0,2395,Москва,140.0,2026-09-27 07:37:06.668,3.0,3.8,61.0,,Москва,октябрь,moscow_october.xlsx,10,2799.0,10-20 км,7-8,6
"Ленинградский проспект, д.47, стр 2, Москва",2026-10-15,2026-10-25,Москва,Россия,RUB,7.159594,True,False,False,city_otel_2,True,False,Hotel,55.798847,37.532356,10360572,True,62160.0,6216,Отель Сити отель,Hotel Siti hotel,Аэропорт,160.0,,648.48,62160.0,739.34,RUB,True,2026-10-12T11:00:00Z,False,nomeal,62160.0,648.48,6216,62160.0,739.34,Двухместный номер Стандарт (2 отдельные кровати),1,8.5,117.0,2395,Москва,34.0,2026-09-27 07:37:06.668,,,,,Москва,октябрь,moscow_october.xlsx,10,6216.0,5-10 км,8-9,10
"Большая Спасская улица, д.13с1, Москва",2026-10-15,2026-10-25,Москва,Россия,RUB,2.440541,True,False,False,vellion_sukharevsky,True,False,Hotel,55.774048,37.63959,9078221,True,79530.0,7953,Отель Веллион Сухаревский,Vellion Suharevskij Hotel,Сухаревская,495.0,,829.68,79530.0,945.94,RUB,True,2026-10-14T11:00:00Z,False,nomeal,79530.0,829.68,7953,79530.0,945.94,Двухместный номер Standard с видом на город (двуспальная кровать),1,8.6,111.0,2395,Москва,24.0,2026-09-27 07:37:06.668,4.0,4.5,26.0,,Москва,октябрь,moscow_october.xlsx,10,7953.0,2-5 км,8-9,10
"улица Тверская, д.12, строение 2, Москва",2026-10-15,2026-10-25,Москва,Россия,RUB,1.0865686,True,False,False,iq_minihotel,True,False,Mini-hotel,55.76376,37.60745,13957269,True,50465.0,5047,Мини-отель IQ,IQ Mini-hotel,Тверская,159.0,,526.47,50465.0,600.24,RUB,True,2026-10-14T11:00:00Z,False,nomeal,50465.0,526.47,5047,50465.0,600.24,Люкс с красивым видом из окна (двуспальная кровать) (джакузи),1,9.1,13.0,2395,Москва,6.0,2026-09-27 07:37:06.668,,,,,Москва,октябрь,moscow_october.xlsx,10,5046.5,0-2 км,9+,6
"улица Вильгельма Пика, д. 16, Москва",2026-10-15,2026-10-25,Москва,Россия,RUB,9.9475765,True,False,False,soluxe_hotel_moscow,False,False,Hotel,55.84487,37.63472,10480541,True,148648.5,14865,Отель Soluxe Hotel Moscow,Soluxe Hotel Moscow,Ботанический сад (Калужско-Рижская),196.0,,1550.75,148648.5,1768.05,RUB,True,2026-10-14T21:00:00Z,False,nomeal,148648.5,1550.75,14865,148648.5,1768.05,Номер для гостей с ограниченными возможностями (двуспальная кровать) (для гостей с ограниченными возможностями),1,9.4,285.0,2395,Москва,330.0,2026-09-27 07:37:06.668,5.0,3.8,32.0,awarded-hotel,Москва,октябрь,moscow_october.xlsx,10,14864.85,5-10 км,9+,10
"Щербаковская улица, д.57а, помещ. 1, Москва",2026-10-15,2026-10-25,Москва,Россия,RUB,8.273363,True,False,False,izmajlovskij_park_aparthotel,True,False,Aparthotel,55.783554,37.740562,9761076,True,53714.0,5371,Апарт-отель Измайловский парк,Izmajlovskij Park Apart-hotel,Измайлово,616.0,,560.36,53714.0,638.88,RUB,True,2026-10-14T12:00:00Z,False,nomeal,53714.0,560.36,5371,53714.0,638.88,Двухместный номер Standard Superior (2 отдельные кровати),1,8.9,1048.0,2395,Москва,184.0,2026-09-27 07:37:06.668,3.0,4.0,4.0,awarded-hotel,Москва,октябрь,moscow_october.xlsx,10,5371.4,5-10 км,8-9,10
"Кировоградская улица, д.11, Москва",2026-10-15,2026-10-25,Москва,Россия,RUB,15.564143,True,False,True,marins_park_hotel_moskva_prazhskaya_hotel,False,False,Hotel,55.615906,37.607914,13330344,True,110000.0,11000,Отель Marins Москва Пражская,Marins Park Hotel Moskva Prazhskaya Hotel,Пражская,542.0,,1147.56,110000.0,1308.36,RUB,True,2026-10-14T11:00:00Z,False,nomeal,110000.0,1147.56,11000,110000.0,1308.36,Двухместные апартаменты Superior с 2 комнатами (двуспальная кровать и диван),1,8.7,1479.0,2395,Москва,240.0,2026-09-27 07:37:08.669,4.0,4.3,958.0,,Москва,октябрь,moscow_october.xlsx,10,11000.0,10-20 км,8-9,10
"улица Зацепа, д. 27, Москва",2026-10-15,2026-10-25,Москва,Россия,RUB,3.0662458,True,False,False,innova_hotel,False,False,Hotel,55.729397,37.63157,10859344,True,55000.0,5500,Отель Innova Hotel,Innova Hotel Hotel,Серпуховская,502.0,,573.78,55000.0,654.18,RUB,True,2026-10-15T11:00:00Z,False,nomeal,55000.0,573.78,5500,55000.0,654.18,Двухместный номер Стандартный (двуспальная кровать),1,8.4,65.0,2395,Москва,14.0,2026-09-27 07:37:08.669,3.0,,,,Москва,октябрь,moscow_october.xlsx,10,5500.0,2-5 км,8-9,10
"Малая Грузинская улица, д.3/9, Москва",2026-10-15,2026-10-25,Москва,Россия,RUB,3.0166276,True,False,False,bookhome_hotel,True,False,Hotel,55.76292,37.57111,13098597,True,55246.0,5525,Отель Апарт-отель Студии на Пресне,Apart-otel Studii na Presne Hotel,Краснопресненская (Кольцевая),487.0,,576.35,55246.0,657.1,RUB,True,2026-10-13T11:00:00Z,False,nomeal,55246.0,576.35,5525,55246.0,657.1,"Двухместный номер Стандарт (двуспальная кровать) (кровать queen size, кухня)",1,8.2,77.0,2395,Москва,22.0,2026-09-27 07:37:08.669,,,,,Москва,октябрь,moscow_october.xlsx,10,5524.6,2-5 км,8-9,8
"улица Новоостаповская, д. 20, Москва",2026-10-15,2026-10-25,Москва,Россия,RUB,5.597953,True,False,False,volgogradskiy_living_quarters,True,False,Hotel,55.723972,37.686974,13984957,True,23253.0,2325,Меблированные комнаты Волгоградский,Volgogradskiy Living quarters,Волгоградский проспект,104.0,,242.58,23253.0,276.57,RUB,True,2026-10-14T11:00:00Z,False,nomeal,23253.0,242.58,2325,23253.0,276.57,Двухместный номер Standard Мансарда (общая ванная комната) (двуспальная кровать) (кровать queen size),1,9.9,8.0,2395,Москва,,2026-09-27 07:37:08.669,,,,,Москва,октябрь,moscow_october.xlsx,10,2325.3,5-10 км,9+,3
"Чистопрудный бульвар, д.11, стр.1, Москва",2026-10-15,2026-10-25,Москва,Россия,RUB,1.821318,False,False,False,pogostiru_na_chistyih_prudah_hotel,True,False,Mini-hotel,55.762447,37.644375,9999125,True,60000.0,6000,Мини-отель Чистые пруды,Chistye Prudy Mini-hotel,Чистые пруды,443.0,,625.94,60000.0,713.65,RUB,False,,False,nomeal,60000.0,625.94,6000,60000.0,713.65,Двухместный номер Standard (двуспальная кровать),1,9.1,133.0,2395,Москва,7.0,2026-09-27 07:37:08.669,3.0,4.1,18.0,,Москва,октябрь,moscow_october.xlsx,10,6000.0,0-2 км,9+,10
"улица Петровка, д. 17, строение 1, Москва",2026-10-15,2026-10-25,Москва,Россия,RUB,0.94000924,True,False,False,p_17_hotel,True,False,Boutique_and_Design,55.764286,37.616302,9741283,True,92014.2,9201,Бутик-Отель П 17 / P 17 Hotel,P 17 Otel / P 17 Boutique Hotel,Трубная,538.0,,959.92,92014.2,1094.43,RUB,True,2026-10-14T21:00:00Z,False,nomeal,92014.2,959.92,9201,92014.2,1094.43,Двухместный номер Стандартный (двуспальная кровать),1,9.6,143.0,2395,Москва,19.0,2026-09-27 07:37:08.669,4.0,,,awarded-hotel,Москва,октябрь,moscow_october.xlsx,10,9201.42,0-2 км,9+,10
"улица Мясницкая, д.14/2 стр.1, Москва",2026-10-15,2026-10-25,Москва,Россия,RUB,1.0543635,False,False,False,myasnitskiy_boutique_hotel,True,False,Boutique_and_Design,55.76076,37.63214,9022928,True,101308.0,10131,Мясницкий Бутик Отель,Myasnitskij Butik Hotel,Лубянка,350.0,,1056.88,101308.0,1204.97,RUB,False,,False,nomeal,101308.0,1056.88,10131,101308.0,1204.97,Двухместный номер Премьер (2 отдельные кровати) (тип кровати может измениться),1,8.4,76.0,2395,Москва,15.0,2026-09-27 07:37:08.669,4.0,,,,Москва,октябрь,moscow_october.xlsx,10,10130.8,0-2 км,8-9,10
"Ленинградский проспект 31 А стр.1, Москва",2026-10-15,2026-10-25,Москва,Россия,RUB,4.734828,True,False,False,otel_renaissance_moscow_monarch_centre,True,False,Hotel,55.7836,37.560196,7469066,True,117700.0,11770,Отель МонАрх Москва,MonArch Moscow Hotel,Динамо,691.0,,1227.89,117700.0,1399.94,RUB,True,2026-10-15T12:00:00Z,False,nomeal,117700.0,1227.89,11770,117700.0,1399.94,Двухместный номер Делюкс (2 отдельные кровати),1,8.7,1009.0,2395,Москва,366.0,2026-09-27 07:37:08.669,5.0,4.5,804.0,awarded-hotel,Москва,октябрь,moscow_october.xlsx,10,11770.0,2-5 км,8-9,10
"Ходынский бульвар, д.2, Москва",2026-10-15,2026-10-25,Москва,Россия,RUB,6.202167,True,False,True,moscow_history_apartments,False,False,Hotel,55.7886,37.53733,13099355,True,60387.0,6039,Гостиница Апарт-отель Raido.Moscow History,Raido.Moscow History Apart-hotel,ЦСКА,357.0,,629.98,60387.0,718.25,RUB,True,2026-10-13T12:00:00Z,False,nomeal,60387.0,629.98,6039,60387.0,718.25,"Двухместный номер Standard (двуспальная кровать) (кровать queen size, кухня)",1,9.5,275.0,2395,Москва,35.0,2026-09-27 07:37:08.669,4.0,,,awarded-hotel,Москва,октябрь,moscow_october.xlsx,10,6038.7,5-10 км,9+,10
"Новинский Бульвар, д. 8, стр. 2, Москва",2026-10-15,2026-10-25,Москва,Россия,RUB,2.2167215,True,False,True,lotte_otel_moskva,True,False,Hotel,55.750134,37.583744,7382812,True,485000.0,48500,Лотте Отель Москва,Lotte Hotel Moscow,Смоленская (Филёвская),242.0,1236.0,5059.69,485000.0,5768.66,RUB,True,2026-10-14T21:00:00Z,False,nomeal,485000.0,5059.69,48500,485000.0,5768.66,Двухместный номер Супериор (2 отдельные кровати),1,9.4,1463.0,2395,Москва,304.0,2026-09-27 07:37:08.669,5.0,4.8,1386.0,awarded-hotel,Москва,октябрь,moscow_october.xlsx,10,48500.0,2-5 км,9+,10
"Новослободская улица, д. 23, Москва",2026-10-15,2026-10-25,Москва,Россия,RUB,3.1219943,True,False,False,novotel_moskva_tsentr,False,False,Hotel,55.78173,37.598206,7806857,True,67320.0,6732,Отель Novotel Москва Центр,Novotel Moscow Center Hotel,Менделеевская,34.0,40.0,702.31,67320.0,800.71,RUB,True,2026-10-14T12:00:00Z,False,nomeal,67320.0,702.31,6732,67320.0,800.71,Двухместный номер Стандартный (2 отдельные кровати),1,8.0,376.0,2395,Москва,255.0,2026-09-27 07:37:08.669,4.0,,,,Москва,октябрь,moscow_october.xlsx,10,6732.0,2-5 км,7-8,10
"переулок Большой Власьевский, д. 14/2, Москва",2026-10-15,2026-10-25,Москва,Россия,RUB,1.9241186,True,False,False,vinterfell_na_starom_arbate_hotel,True,False,Hotel,55.74661,37.591694,9210217,True,32500.0,3250,Отель Винтерфелл  Старый Арбат,Hotel Winterfell Stary Arbat,Смоленская (Арбатско-Покровская),506.0,,339.05,32500.0,386.56,RUB,True,2026-10-14T11:00:00Z,False,nomeal,32500.0,339.05,3250,32500.0,386.56,Трёхместный номер Бюджетный (общая ванная комната) (двуспальная кровать и односпальная кровать) (без окна),1,8.5,108.0,2395,Москва,30.0,2026-09-27 07:37:08.669,,,,,Москва,октябрь,moscow_october.xlsx,10,3250.0,0-2 км,8-9,10
"Ленинградское шоссе, 39 строение 1, Москва",2026-10-15,2026-10-25,Москва,Россия,RUB,11.916833,True,False,False,doubletree_by_hilton_hotel_moscow__marina,True,False,Hotel,55.832783,37.484768,8313259,True,144178.0,14418,Отель Doubletree by Hilton Moscow - Marina,Doubletree by Hilton Moscow - Marina Hotel,Водный стадион,835.0,46.0,1504.12,144178.0,1714.87,RUB,True,2026-10-14T09:00:00Z,False,nomeal,144178.0,1504.12,14418,144178.0,1714.87,Двухместный номер Standard (двуспальная кровать) (кровать king size),1,9.1,1355.0,2395,Москва,270.0,2026-09-27 07:37:08.669,4.0,4.5,1185.0,awarded-hotel,Москва,октябрь,moscow_october.xlsx,10,14417.8,10-20 км,9+,10
"Страстной бульвар,  д. 7 строение 2, Москва",2026-10-15,2026-10-25,Москва,Россия,RUB,1.4314972,True,False,False,brestol_guest_house,True,False,Hotel,55.767555,37.608086,11093332,True,64294.0,6429,Меблированные комнаты Брестоль,Brestol Living quarters,Чеховская,191.0,,670.74,64294.0,764.72,RUB,True,2026-10-12T11:00:00Z,False,nomeal,64294.0,670.74,6429,64294.0,764.72,Двухместный номер Superior (двуспальная кровать) (кровать king size),1,9.0,274.0,2395,Москва,27.0,2026-09-27 07:37:08.669,,,,,Москва,октябрь,moscow_october.xlsx,10,6429.4,0-2 км,8-9,10
"Окружной проезд, 10Б, Москва",2026-10-15,2026-10-25,Москва,Россия,RUB,8.757693,True,False,True,apartments_komfort_v_izmaylovo,True,False,Apartment,55.792774,37.741505,13739515,True,80000.0,8000,Апартаменты Комфорт в Измайлово,Apartments Komfort V Izmaylovo,Измайлово,441.0,,834.59,80000.0,951.53,RUB,True,2026-10-14T12:00:00Z,False,nomeal,80000.0,834.59,8000,80000.0,951.53,Студия,1,9.4,102.0,2395,Москва,,2026-09-27 07:37:08.669,,,,,Москва,октябрь,moscow_october.xlsx,10,8000.0,5-10 км,9+,10
"Ленинский проспект, д. 158, Москва",2026-10-15,2026-10-25,Москва,Россия,RUB,14.358469,True,False,True,aurum_apartment_hotel,True,False,Hotel,55.651093,37.48348,13754780,True,42543.0,4254,Апарт-отель Aurum,Aurum Apartment hotel,Тропарёво,901.0,,443.82,42543.0,506.01,RUB,True,2026-10-14T12:00:00Z,False,nomeal,42543.0,443.82,4254,42543.0,506.01,Двухместные апартаменты Standard (двуспальная кровать),1,9.7,9.0,2395,Москва,3.0,2026-09-27 07:37:08.669,,,,,Москва,октябрь,moscow_october.xlsx,10,4254.3,10-20 км,9+,10
"ул Леонова 1-я, д 18, Москва",2026-10-15,2026-10-25,Москва,Россия,RUB,9.999179,True,False,False,yes_botanica_aparthotel,True,False,Aparthotel,55.84503,37.63922,9988912,True,65670.0,6567,Апарт-отель Yes Botanica,Apart-Hotel Yes Botanica,Ботанический сад (МЦК),58.0,,685.09,65670.0,781.09,RUB,True,2026-10-14T21:00:00Z,False,nomeal,65670.0,685.09,6567,65670.0,781.09,Студия (первая категория) с диваном (диван) (в главном здании),1,9.1,371.0,2395,Москва,267.0,2026-09-27 07:37:08.669,3.0,3.5,10.0,,Москва,октябрь,moscow_october.xlsx,10,6567.0,5-10 км,9+,6
"улица Большая садовая 5, Москва",2026-10-15,2026-10-25,Москва,Россия,RUB,2.0621715,True,False,False,gostinitsa_pekin,True,False,Hotel,55.768692,37.593864,7465127,True,75840.0,7584,Гостиница Пекин,Pekin Hotel,Маяковская,192.0,,791.19,75840.0,902.05,RUB,True,2026-10-14T11:00:00Z,False,nomeal,75840.0,791.19,7584,75840.0,902.05,Двухместный номер Стандарт Плюс (2 отдельные кровати),1,8.5,854.0,2395,Москва,151.0,2026-09-27 07:37:08.669,4.0,3.7,594.0,historic-hotel,Москва,октябрь,moscow_october.xlsx,10,7584.0,2-5 км,8-9,10
"Дурасовский переулок, д. 7, стр. 1, Москва",2026-10-15,2026-10-25,Москва,Россия,RUB,2.0362914,True,True,False,ermitazh_otel,True,False,Hotel,55.75459,37.650185,7853735,True,71500.0,7150,Эрмитаж Отель,Ermitage Hotel,Чкаловская,588.0,,745.91,71500.0,850.43,RUB,True,2026-10-13T11:00:00Z,True,breakfast,71500.0,745.91,7150,71500.0,850.43,Двухместный номер Стандарт (двуспальная кровать),1,8.2,699.0,2395,Москва,96.0,2026-09-27 07:37:08.669,4.0,3.1,142.0,historic-hotel,Москва,октябрь,moscow_october.xlsx,10,7150.0,2-5 км,8-9,10
"Международное шоссе, вл. 3, Химки",2026-10-15,2026-10-25,Химки,Россия,RUB,26.144835,True,False,False,novotel_moskva_sheremetevo,False,False,Hotel,55.9622,37.416237,7590072,,100000.0,10000,Отель Novotel Москва Аэропорт Шереметьево,Novotel Aeroport Sheremetevo Hotel,,,40.0,1043.24,100000.0,1189.41,RUB,True,2026-10-14T21:00:00Z,False,nomeal,100000.0,1043.24,10000,100000.0,1189.41,Двухместный номер Standard (двуспальная кровать),1,8.7,2190.0,179603,Химки,493.0,2026-09-27 07:37:08.670,4.0,3.9,1627.0,,Москва,октябрь,moscow_october.xlsx,10,10000.0,20+ км,8-9,10
"улица Балчуг, д. 1, Москва",2026-10-15,2026-10-25,Москва,Россия,RUB,0.99487233,True,False,True,hotel_baltschug_kempinski_moscow,True,False,Hotel,55.748207,37.625946,7590814,True,334000.0,33400,Отель Балчуг Кемпински Москва,Baltschug Kempinski Moscow Hotel,Новокузнецкая,690.0,1200.0,3484.41,334000.0,3972.64,RUB,True,2026-10-14T21:00:00Z,False,nomeal,334000.0,3484.41,33400,334000.0,3972.64,Двухместный номер Гранд Делюкс с видом на город (двуспальная кровать) (в главном здании),1,8.4,1724.0,2395,Москва,229.0,2026-09-27 07:37:12.769,5.0,4.4,1464.0,awarded-hotel,Москва,октябрь,moscow_october.xlsx,10,33400.0,0-2 км,8-9,10
"Аэропорт Домодедово, территория ""Аэропорт ""Домодедово"", строение 53, Москва",2026-10-15,2026-10-25,Москва,Россия,RUB,41.78892,True,False,False,maxima_domodedovo,True,False,Hotel,55.414593,37.897255,10249097,,67200.0,6720,Отель Максима Домодедово,Maksima Domodedovo Hotel,,,,701.05,67200.0,799.29,RUB,True,2026-10-14T21:00:00Z,False,nomeal,67200.0,701.05,6720,67200.0,799.29,Двухместный номер Улучшенный — Проживание не более 4 часов (двуспальная кровать) (кровать king size),1,9.3,383.0,2395,Москва,94.0,2026-09-27 07:37:12.769,4.0,4.6,61.0,awarded-hotel,Москва,октябрь,moscow_october.xlsx,10,6720.0,20+ км,9+,10
"1-й Басманный переулок, д.5/20 строение 3, Москва",2026-10-15,2026-10-25,Москва,Россия,RUB,3.3146844,True,False,False,3v_apartamenty_aparthotel,True,False,Apartment,55.77118,37.663197,11294872,True,37601.0,3760,Апартаменты 3V АПАРТАМЕНТЫ,Apartment 3V APARTMENTS,Комсомольская (Кольцевая),589.0,,392.27,37601.0,447.23,RUB,True,2026-10-14T11:00:00Z,False,nomeal,37601.0,392.27,3760,37601.0,447.23,Двухместный номер Standard (двуспальная кровать),1,9.1,361.0,2395,Москва,,2026-09-27 07:37:12.769,,,,awarded-hotel,Москва,октябрь,moscow_october.xlsx,10,3760.1,2-5 км,9+,10
"Смоленская площадь, д.6, Москва",2026-10-15,2026-10-25,Москва,Россия,RUB,2.2687294,False,False,False,mercure_arbat_moscow,False,False,Hotel,55.74865,37.58376,7796014,True,90100.0,9010,Отель Mercure Арбат Москва,Mercure Arbat Moskva Hotel,Смоленская (Филёвская),77.0,9.0,939.95,90100.0,1071.66,RUB,False,,False,nomeal,90100.0,939.95,9010,90100.0,1071.66,Двухместный номер Classic (двуспальная кровать) (кровать queen size),1,9.1,2360.0,2395,Москва,136.0,2026-09-27 07:37:12.769,4.0,4.6,1972.0,awarded-hotel,Москва,октябрь,moscow_october.xlsx,10,9010.0,2-5 км,9+,10
"17-й проезд Марьиной Рощи, д.11, Москва",2026-10-15,2026-10-25,Москва,Россия,RUB,5.8372817,True,False,False,asean_hotel_3,False,False,Hotel,55.80819,37.60945,9986800,True,34660.0,3466,Отель Asean,Asean Hotel,Бутырская,617.0,,361.59,34660.0,412.25,RUB,True,2026-10-14T11:00:00Z,False,nomeal,34660.0,361.59,3466,34660.0,412.25,Двухместный номер Standard (двуспальная кровать),1,7.6,198.0,2395,Москва,98.0,2026-09-27 07:37:12.769,,,,,Москва,октябрь,moscow_october.xlsx,10,3466.0,5-10 км,7-8,10
"ул. Сретенка, дом 27, стр. 8, помещ. 1П, Москва",2026-10-15,2026-10-25,Москва,Россия,RUB,1.9175247,True,False,False,gostinitsa_na_sukharevke_minihotel,True,False,Mini-hotel,55.771362,37.631184,10136561,True,75000.0,7500,Гостиница на Сухаревке,Na Sukharevke Mini Hotel,Сухаревская,128.0,,782.43,75000.0,892.06,RUB,True,2026-10-14T11:00:00Z,False,nomeal,75000.0,782.43,7500,75000.0,892.06,Трёхместный номер Улучшенный с видом на город (3 отдельные кровати),1,9.1,273.0,2395,Москва,8.0,2026-09-27 07:37:12.769,,4.1,7.0,awarded-hotel,Москва,октябрь,moscow_october.xlsx,10,7500.0,0-2 км,9+,10
"Международное шоссе, д. 5А, Химки",2026-10-15,2026-10-25,Химки,Россия,RUB,25.618376,False,True,False,aviator,True,False,Hotel,55.954166,37.408195,7761049,,52832.0,5283,Отель Авиатор,Aviator Hotel,,,,551.16,52832.0,628.39,RUB,False,,True,breakfast,52832.0,551.16,5283,52832.0,628.39,Двухместный номер Стандартный (2 отдельные кровати) (в главном здании),1,8.2,807.0,179603,Химки,147.0,2026-09-27 07:37:12.769,3.0,3.8,260.0,,Москва,октябрь,moscow_october.xlsx,10,5283.2,20+ км,8-9,10
"улица Николоямская, д. 38/23, Москва",2026-10-15,2026-10-25,Москва,Россия,RUB,2.7345965,True,False,True,otel_the_rooms,True,False,Hotel,55.747063,37.658535,8169297,True,85900.0,8590,Бутик-отель Румс,Rooms Butik Hotel,Таганская (Кольцевая),613.0,,896.14,85900.0,1021.71,RUB,True,2026-10-14T11:00:00Z,False,nomeal,85900.0,896.14,8590,85900.0,1021.71,Двухместный номер Улучшенный (2 отдельные кровати),1,8.5,241.0,2395,Москва,62.0,2026-09-27 07:37:12.769,5.0,,,,Москва,октябрь,moscow_october.xlsx,10,8590.0,2-5 км,8-9,10
"улица Садовая-Кудринская, д.21/5, Москва",2026-10-15,2026-10-25,Москва,Россия,RUB,2.064327,True,False,False,ooo_hartvel_hotel,True,False,Hotel,55.765392,37.589355,8735752,True,107850.0,10785,Отель Hartwell,Hartwell Hotel,Маяковская,653.0,,1125.13,107850.0,1282.78,RUB,True,2026-10-14T11:00:00Z,False,nomeal,107850.0,1125.13,10785,107850.0,1282.78,Двухместный номер Standard с видом на внутренний двор (двуспальная кровать),1,8.5,74.0,2395,Москва,29.0,2026-09-27 07:37:12.769,4.0,,,,Москва,октябрь,moscow_october.xlsx,10,10785.0,2-5 км,8-9,10
"Комсомольский проспект, д.9, Москва",2026-10-15,2026-10-25,Москва,Россия,RUB,3.2850852,True,False,True,mini_hotel_kvartira_2,False,False,Hotel,55.730488,37.59075,6298840,True,58500.0,5850,Меблированные комнаты Отель Квартира №2,№2 Kvartira Otel Living quarters,Парк культуры (Сокольническая),546.0,,610.29,58500.0,695.81,RUB,True,2026-10-14T11:00:00Z,False,nomeal,58500.0,610.29,5850,58500.0,695.81,Двухместный номер Superior (двуспальная кровать),1,9.1,162.0,2395,Москва,7.0,2026-09-27 07:37:12.769,,4.6,19.0,awarded-hotel,Москва,октябрь,moscow_october.xlsx,10,5850.0,2-5 км,9+,10
"проезд Гостиничный, д. 8/1, Москва",2026-10-15,2026-10-25,Москва,Россия,RUB,10.345173,True,False,False,sherston_okruzhnaya_apart_hotel,True,False,Aparthotel,55.845978,37.576096,10440368,True,40250.0,4025,Апарт-отель Шерстон,Sherston Apart-hotel,Окружная (Люблинско-Дмитровская),150.0,,419.9,40250.0,478.74,RUB,True,2026-10-14T23:00:00Z,False,nomeal,40250.0,419.9,4025,40250.0,478.74,Студия с кухней Мансарда (диван) (кухня),1,7.8,1148.0,2395,Москва,13.0,2026-09-27 07:37:12.769,3.0,,,,Москва,октябрь,moscow_october.xlsx,10,4025.0,10-20 км,7-8,10
"Софийская наб., 30/1, Москва",2026-10-15,2026-10-25,Москва,Россия,RUB,0.90848494,False,False,True,people_red_square,True,False,Hotel,55.74795,37.62136,8735176,True,64294.0,6429,Отель People Red Square,People Red Square Hotel,Библиотека имени Ленина,795.0,,670.74,64294.0,764.72,RUB,False,,False,nomeal,64294.0,670.74,6429,64294.0,764.72,Двухместный номер Небольшой (двуспальная кровать),1,8.2,491.0,2395,Москва,22.0,2026-09-27 07:37:12.769,3.0,4.4,45.0,,Москва,октябрь,moscow_october.xlsx,10,6429.4,0-2 км,8-9,10
"улица Ярославская, д.8, корп. 8, Москва",2026-10-15,2026-10-25,Москва,Россия,RUB,7.0567813,True,False,False,d_otel,True,False,Hotel,55.817005,37.648228,7467295,True,59250.0,5925,Д`Отель ВДНХ,D'otel Hotel,ВДНХ,663.0,,618.12,59250.0,704.73,RUB,True,2026-10-14T11:00:00Z,False,nomeal,59250.0,618.12,5925,59250.0,704.73,Двухместный номер Standard (двуспальная кровать),1,8.6,1175.0,2395,Москва,79.0,2026-09-27 07:37:12.769,3.0,4.4,878.0,,Москва,октябрь,moscow_october.xlsx,10,5925.0,5-10 км,8-9,10
"улица Гостиничная, дом 4, корпус 9, Москва",2026-10-15,2026-10-25,Москва,Россия,RUB,10.007773,True,False,False,maxima_zarya_hotel,True,False,Hotel,55.843525,37.580948,7597075,True,48070.0,4807,Отель Максима Заря,Maxima Zarya Hotel,Окружная (Люблинско-Дмитровская),531.0,,501.48,48070.0,571.75,RUB,True,2026-10-14T21:00:00Z,False,nomeal,48070.0,501.48,4807,48070.0,571.75,Двухместный номер Standard (2 отдельные кровати),1,8.7,739.0,2395,Москва,192.0,2026-09-27 07:37:12.769,3.0,3.9,363.0,,Москва,октябрь,moscow_october.xlsx,10,4807.0,10-20 км,8-9,10
"Большой бульвар, 56, Москва",2026-10-15,2026-10-25,Москва,Россия,RUB,19.054388,True,False,False,hotel_chyornaya_smorodina_skolkovo,True,False,Hotel,55.682205,37.342777,13920346,,64020.0,6402,Отель Чёрная Смородина Сколково,Chyornaya Smorodina Skolkovo Hotel,Боровское шоссе,4222.0,,667.88,64020.0,761.46,RUB,True,2026-10-14T11:30:00Z,False,nomeal,64020.0,667.88,6402,64020.0,761.46,Двухместная студия (2 отдельные кровати),1,9.6,7.0,2395,Москва,165.0,2026-09-27 07:37:12.770,4.0,,,,Москва,октябрь,moscow_october.xlsx,10,6402.0,10-20 км,9+,10
"Улица Нагорная, д.5, корп.1, Москва",2026-10-15,2026-10-25,Москва,Россия,RUB,8.267842,True,False,True,brusnika,True,False,Mini-hotel,55.681534,37.61176,6376673,True,20060.0,2006,Мини-Отель Брусника,Brusnika Mini-Hotel,Нагатинская,693.0,,209.27,20060.0,238.6,RUB,True,2026-10-12T11:00:00Z,False,nomeal,20060.0,209.27,2006,20060.0,238.6,Двухместный номер Premier (общая ванная комната) (двуспальная кровать) (без окна),1,8.2,150.0,2395,Москва,10.0,2026-09-27 07:37:12.770,,2.5,2.0,,Москва,октябрь,moscow_october.xlsx,10,2006.0,5-10 км,8-9,10
"3-я Хорошёвская улица, д.23А, Москва",2026-10-15,2026-10-25,Москва,Россия,RUB,8.210652,True,True,False,anisstayl_moskva_oktyabryskoye_pole_aparthotel,True,False,Aparthotel,55.78664,37.498276,10437053,True,84726.0,8473,Апарт-отель Анис Стайл Москва Октябрьское Поле,Anis Style Moscow Oktyabrskoye Pole Apart-hotel,Зорге,426.0,,883.89,84726.0,1007.74,RUB,True,2026-10-14T11:00:00Z,True,breakfast,84726.0,883.89,8473,84726.0,1007.74,Двухместный номер Standard (2 отдельные кровати),1,8.7,297.0,2395,Москва,163.0,2026-09-27 07:37:12.770,4.0,,,,Москва,октябрь,moscow_october.xlsx,10,8472.6,5-10 км,8-9,10
"Никольская ул., 12, Москва",2026-10-15,2026-10-25,Москва,Россия,RUB,0.59216225,True,False,False,the_st_regis_moscow_nikolskaya,True,False,Hotel,55.758934,37.62544,7710430,True,357000.0,35700,Отель The St. Regis Moscow Nikolskaya,The St. Regis Moscow Nikolskaya Hotel,Лубянка,122.0,1.0,3724.35,357000.0,4246.21,RUB,True,2026-10-14T21:00:00Z,False,nomeal,357000.0,3724.35,35700,357000.0,4246.21,Двухместный номер Мансардный (двуспальная кровать) (кровать king size),1,9.0,1003.0,2395,Москва,209.0,2026-09-27 07:37:12.770,5.0,4.5,861.0,awarded-hotel,Москва,октябрь,moscow_october.xlsx,10,35700.0,0-2 км,8-9,10
"улица Воронцовская, д. 20, Москва",2026-10-15,2026-10-25,Москва,Россия,RUB,3.2153282,True,False,False,spektrcity_taganskaya_hotel,True,False,Hotel,55.737324,37.65717,11024207,True,55150.0,5515,Отель Spektrcity Taganskaya,Spektrcity Taganskaya Hotel,Таганская (Таганско-Краснопресненская),345.0,,575.34,55150.0,655.96,RUB,True,2026-10-14T10:00:00Z,False,nomeal,55150.0,575.34,5515,55150.0,655.96,Двухместный номер Стандарт (двуспальная кровать),1,9.0,310.0,2395,Москва,62.0,2026-09-27 07:37:12.770,3.0,4.2,43.0,,Москва,октябрь,moscow_october.xlsx,10,5515.0,2-5 км,8-9,10
"Tverskaya Street, 9Ас5, Москва",2026-10-15,2026-10-25,Москва,Россия,RUB,0.66979337,True,False,False,akosterev_hotel,False,False,Hotel,55.759705,37.609444,9291986,True,41420.0,4142,Отель A.Kosterev,A.Kosterev Hotel,Охотный ряд,534.0,,432.11,41420.0,492.66,RUB,True,2026-10-15T11:00:00Z,False,nomeal,41420.0,432.11,4142,41420.0,492.66,Двухместный номер Economy (общая ванная комната) (двухъярусная кровать),1,8.5,284.0,2395,Москва,57.0,2026-09-27 07:37:12.770,2.0,2.9,20.0,,Москва,октябрь,moscow_october.xlsx,10,4142.0,0-2 км,8-9,10
"улица Дурова, д. 36, Москва",2026-10-15,2026-10-25,Москва,Россия,RUB,2.6319625,True,False,False,butik__otel_mira,True,False,Hotel,55.778267,37.631363,6743374,True,55000.0,5500,Отель Мира,Mira Hotel,Проспект Мира (Кольцевая),411.0,,573.78,55000.0,654.18,RUB,True,2026-10-14T11:00:00Z,False,nomeal,55000.0,573.78,5500,55000.0,654.18,Двухместный номер Economy (двуспальная кровать),1,8.4,101.0,2395,Москва,15.0,2026-09-27 07:37:15.670,3.0,4.1,23.0,,Москва,октябрь,moscow_october.xlsx,10,5500.0,2-5 км,8-9,10
"улица Бауманская, д.58/3с5, Москва",2026-10-15,2026-10-25,Москва,Россия,RUB,3.9475853,True,False,False,gregori_hotel,False,False,Hotel,55.767677,37.677246,13647491,True,64605.0,6461,Отель Грегори,Gregori Hotel,Бауманская,539.0,,673.98,64605.0,768.42,RUB,True,2026-10-13T21:00:00Z,False,nomeal,64605.0,673.98,6461,64605.0,768.42,Двухместный номер Стандарт (двуспальная кровать),1,9.2,61.0,2395,Москва,43.0,2026-09-27 07:37:15.670,4.0,4.6,36.0,,Москва,октябрь,moscow_october.xlsx,10,6460.5,2-5 км,9+,10
"Дегтярный переулок, д. 8/2, Москва",2026-10-15,2026-10-25,Москва,Россия,RUB,1.5997856,True,False,False,russkie_sezonyi,True,False,Boutique_and_Design,55.768223,37.604576,8848163,True,80242.0,8024,Бутик-Отель Регул,Regul Boutique Hotel,Пушкинская,320.0,1690.0,837.11,80242.0,954.41,RUB,True,2026-10-14T09:00:00Z,False,nomeal,80242.0,837.11,8024,80242.0,954.41,Двухместный номер Стандарт (2 отдельные кровати) (тип кровати может измениться),1,9.2,96.0,2395,Москва,15.0,2026-09-27 07:37:15.670,5.0,4.6,45.0,awarded-hotel,Москва,октябрь,moscow_october.xlsx,10,8024.2,0-2 км,9+,10
"3-я улица Ямского Поля, д.30, Москва",2026-10-15,2026-10-25,Москва,Россия,RUB,3.9405055,True,False,False,travelroom_belorusskaya_hotel,True,False,Hotel,55.78363,37.578487,9772165,True,25238.0,2524,Мини-отель Stay Way на Белорусской,Stay Way na Belorusskoy Mini-hotel,Белорусская (Кольцевая),726.0,,263.29,25238.0,300.18,RUB,True,2026-10-14T10:30:00Z,False,nomeal,25238.0,263.29,2524,25238.0,300.18,Двухместный номер (общая ванная комната) (двуспальная кровать),1,7.6,257.0,2395,Москва,30.0,2026-09-27 07:37:15.670,,1.0,1.0,,Москва,октябрь,moscow_october.xlsx,10,2523.8,2-5 км,7-8,10
"ул Арбат, д. 4, стр. 1, помещ. 1/12, Москва",2026-10-15,2026-10-25,Москва,Россия,RUB,1.2705204,True,False,False,boxtel_hostel,True,False,Hostel,55.75205,37.598545,8446915,True,21769.0,2177,Хостел Бокстэл,Bokstel Hostel,Арбатская (Филёвская),186.0,,227.1,21769.0,258.92,RUB,True,2026-10-13T11:00:00Z,False,nomeal,21769.0,227.1,2177,21769.0,258.92,Капсула Superior (общая ванная комната),1,8.3,334.0,2395,Москва,5.0,2026-09-27 07:37:15.670,,3.9,27.0,,Москва,октябрь,moscow_october.xlsx,10,2176.9,0-2 км,8-9,10
"улица Покровка, д. 10, стр. 1, Москва",2026-10-15,2026-10-25,Москва,Россия,RUB,1.6541575,False,False,True,axismoscow_heritage_aparthotel,True,False,Boutique_and_Design,55.758923,37.64359,11292139,True,63039.0,6304,Бутик-отель Axis.Moscow Heritage,Axis.Moscow Heritage Boutique Hotel,Чистые пруды,722.0,,657.65,63039.0,749.79,RUB,False,,False,nomeal,63039.0,657.65,6304,63039.0,749.79,Двухместный Mini (двуспальная кровать),1,9.3,132.0,2395,Москва,36.0,2026-09-27 07:37:15.670,4.0,,,awarded-hotel,Москва,октябрь,moscow_october.xlsx,10,6303.9,0-2 км,9+,10
"10-letiya Oktyabrya street 11, Москва",2026-10-15,2026-10-25,Москва,Россия,RUB,4.7906547,True,False,False,gostinitsa_arena,True,False,Hotel,55.725307,37.56367,7657481,True,84204.0,8420,Гостиница Арена,Gostinitsa Arena,Спортивная,224.0,,878.45,84204.0,1001.53,RUB,True,2026-10-14T11:00:00Z,False,nomeal,84204.0,878.45,8420,84204.0,1001.53,Двухместный номер Superior с балконом и с красивым видом из окна (двуспальная кровать),1,7.8,283.0,2395,Москва,147.0,2026-09-27 07:37:15.670,2.0,2.4,61.0,,Москва,октябрь,moscow_october.xlsx,10,8420.4,2-5 км,7-8,10
"Электрический переулок,  д. 3/10 стр 1, Москва",2026-10-15,2026-10-25,Москва,Россия,RUB,3.1819324,True,False,False,kapuchino_hotel,False,False,Hotel,55.77229,37.576008,9292008,True,48468.0,4847,Капучино Отель,Kapuchino Hotel,Белорусская (Замоскворецкая),656.0,,505.64,48468.0,576.49,RUB,True,2026-10-14T09:00:00Z,False,nomeal,48468.0,505.64,4847,48468.0,576.49,Двухместный номер Эконом (двуспальная кровать),1,8.3,161.0,2395,Москва,21.0,2026-09-27 07:37:15.670,3.0,,,,Москва,октябрь,moscow_october.xlsx,10,4846.8,2-5 км,8-9,5
"Митинская 16, Москва",2026-10-15,2026-10-25,Москва,Россия,RUB,18.041065,True,False,False,apart_hotel_yes,True,False,Aparthotel,55.842438,37.37335,8737542,True,95108.0,9511,Апарт-отель Yes Митино,Yes Mitino Apart-hotel,Митино,864.0,,992.2,95108.0,1131.23,RUB,True,2026-10-14T21:00:00Z,False,nomeal,95108.0,992.2,9511,95108.0,1131.23,Двухместный номер Стандарт (первая категория) (двуспальная кровать),1,8.4,364.0,2395,Москва,211.0,2026-09-27 07:37:15.670,3.0,2.5,18.0,,Москва,октябрь,moscow_october.xlsx,10,9510.8,10-20 км,8-9,6
"Переведеновский переулок, д.2А, Москва",2026-10-15,2026-10-25,Москва,Россия,RUB,4.6722074,True,True,False,holiday_inn_express_moscow_baumanskaya,True,False,Hotel,55.77611,37.6832,8874965,True,77200.0,7720,Отель Pana Москва,Hotel Pana Moscow,Бауманская,488.0,,805.38,77200.0,918.23,RUB,True,2026-10-14T21:00:00Z,True,breakfast,77200.0,805.38,7720,77200.0,918.23,Двухместный номер Стандартный (2 отдельные кровати),1,9.1,527.0,2395,Москва,128.0,2026-09-27 07:37:15.670,3.0,3.8,32.0,awarded-hotel,Москва,октябрь,moscow_october.xlsx,10,7720.0,2-5 км,9+,10
"Гостиничная улица, дом 1, Москва",2026-10-15,2026-10-25,Москва,Россия,RUB,9.847068,True,False,False,maxima_irbis_hotel,True,False,Hotel,55.841843,37.579525,7597072,True,52075.0,5208,Отель Максима Ирбис,Maxima Irbis Hotel,Окружная (Люблинско-Дмитровская),589.0,,543.26,52075.0,619.39,RUB,True,2026-10-14T21:00:00Z,False,nomeal,52075.0,543.26,5208,52075.0,619.39,Двухместный номер Стандарт (двуспальная кровать),1,8.7,316.0,2395,Москва,96.0,2026-09-27 07:37:15.670,3.0,3.8,191.0,,Москва,октябрь,moscow_october.xlsx,10,5207.5,5-10 км,8-9,10
"ул. Смоленская, д.8, Москва",2026-10-15,2026-10-25,Москва,Россия,RUB,2.5653744,True,False,False,azimut_hotel_smolenskaya_moscow,False,False,Hotel,55.74621,37.580437,8744391,True,58500.0,5850,AZIMUT Сити Отель Смоленская Москва,AZIMUT City Hotel Smolenskaya Moskva,Смоленская (Арбатско-Покровская),267.0,1199.0,610.29,58500.0,695.81,RUB,True,2026-10-14T21:00:00Z,False,nomeal,58500.0,610.29,5850,58500.0,695.81,Двухместный номер Smart Стандарт (2 отдельные кровати),1,8.9,2853.0,2395,Москва,474.0,2026-09-27 07:37:15.670,4.0,4.5,1947.0,awarded-hotel,Москва,октябрь,moscow_october.xlsx,10,5850.0,2-5 км,8-9,10
"Площадь Евразии, д.2, Москва",2026-10-15,2026-10-25,Москва,Россия,RUB,3.4977477,True,False,False,otel_radisson_slavyanskaya_and_business_centre,False,False,Hotel,55.741993,37.567493,7467357,True,98850.0,9885,Гостиница Рэдиссон Славянская,Radisson Slavyanskaya Hotel & Business Center Moscow,Киевская (Филёвская),205.0,18.0,1031.24,98850.0,1175.74,RUB,True,2026-10-14T21:00:00Z,False,nomeal,98850.0,1031.24,9885,98850.0,1175.74,Двухместный номер Стандартный с видом на город (двуспальная кровать) (кровать queen size),1,8.9,1091.0,2395,Москва,430.0,2026-09-27 07:37:15.670,4.0,,,,Москва,октябрь,moscow_october.xlsx,10,9885.0,2-5 км,8-9,10
"Съезжинский переулок, д.10, строение 5, Москва",2026-10-15,2026-10-25,Москва,Россия,RUB,3.6192708,True,False,False,osobnyak_na_syezzhinskom_apartments_2,True,False,Hotel,55.748096,37.673904,10213247,True,106100.0,10610,Отель Особняк 1830,Osobnyak 1830 Hotel,Площадь Ильича,437.0,,1106.87,106100.0,1261.97,RUB,True,2026-10-14T12:00:00Z,False,nomeal,106100.0,1106.87,10610,106100.0,1261.97,Двухместный номер Стандартный (двуспальная кровать),1,9.7,70.0,2395,Москва,33.0,2026-09-27 07:37:15.670,4.0,,,awarded-hotel,Москва,октябрь,moscow_october.xlsx,10,10610.0,2-5 км,9+,10
"Головинское шоссе, д.8к2А, Москва",2026-10-15,2026-10-25,Москва,Россия,RUB,12.048252,True,False,False,wellion_vodny_hotel,True,False,Hotel,55.838516,37.49286,8854273,True,63600.0,6360,Отель Веллион Водный,Vellion Vodnyij Hotel,Водный стадион,434.0,,663.5,63600.0,756.47,RUB,True,2026-10-14T11:00:00Z,False,nomeal,63600.0,663.5,6360,63600.0,756.47,Двухместный номер Стандартный (двуспальная кровать),1,8.4,105.0,2395,Москва,53.0,2026-09-27 07:37:15.670,3.0,4.1,19.0,,Москва,октябрь,moscow_october.xlsx,10,6360.0,10-20 км,8-9,10
"улица Садовая-Каретная, д. 20, стр. 1 помещение. 1/4, Москва",2026-10-15,2026-10-25,Москва,Россия,RUB,1.949243,True,False,False,na_tsvetnom_bulvare_minihotel_2,True,False,Mini-hotel,55.772896,37.61024,10658281,True,26593.0,2659,Мини-отель Stay Way на Цветном Бульваре,StayWay Na Tsvetnom Bulvare Mini-Hotel,Цветной бульвар,689.0,,277.43,26593.0,316.3,RUB,True,2026-10-14T10:30:00Z,False,nomeal,26593.0,277.43,2659,26593.0,316.3,Двухместный номер Standard (общая ванная комната) (двуспальная кровать),1,7.4,319.0,2395,Москва,42.0,2026-09-27 07:37:15.670,,,,,Москва,октябрь,moscow_october.xlsx,10,2659.3,0-2 км,7-8,7
"Олимпийский пр-т, д. 18/1, Москва",2026-10-15,2026-10-25,Москва,Россия,RUB,3.2706678,True,False,False,azimut_moscow_olympic_hotel,False,False,Hotel,55.785072,37.62415,7597419,True,50000.0,5000,AZIMUT Сити Отель Олимпик Москва,AZIMUT City Hotel Olympic Moscow,Проспект Мира (Калужско-Рижская),681.0,1199.0,521.62,50000.0,594.71,RUB,True,2026-10-14T21:00:00Z,False,nomeal,50000.0,521.62,5000,50000.0,594.71,Двухместный номер Классик (2 отдельные кровати),1,8.5,5148.0,2395,Москва,496.0,2026-09-27 07:37:15.670,4.0,4.5,4261.0,,Москва,октябрь,moscow_october.xlsx,10,5000.0,2-5 км,8-9,10
"пл. Киевского вокзала, д.1, Москва",2026-10-15,2026-10-25,Москва,Россия,RUB,3.5467904,False,False,True,otel_gorod,True,False,Hotel,55.742687,37.566044,6450776,True,58645.0,5865,ГородОтель на Киевском,GorodOtel' na Kievskom Hotel,Киевская (Кольцевая),97.0,,611.81,58645.0,697.53,RUB,False,,False,nomeal,58645.0,611.81,5865,58645.0,697.53,Трёхместный номер Standard (3 отдельные кровати),1,7.8,157.0,2395,Москва,22.0,2026-09-27 07:37:15.670,2.0,3.5,30.0,,Москва,октябрь,moscow_october.xlsx,10,5864.5,2-5 км,7-8,6
"улица Покровка, д. 6, помещ. 1/Н, Москва",2026-10-15,2026-10-25,Москва,Россия,RUB,1.553851,True,False,False,pokrovka_6_hotel,True,False,Hotel,55.75869,37.642036,8742888,True,53382.0,5338,Отель Покровка 6,Pokrovka 6 Hotel,Чистые пруды,711.0,,556.9,53382.0,634.93,RUB,True,2026-10-13T11:00:00Z,False,nomeal,53382.0,556.9,5338,53382.0,634.93,"Двухместный номер Небольшой без окна (двуспальная кровать) (без окна, небольшая площадь)",1,9.4,475.0,2395,Москва,45.0,2026-09-27 07:37:15.670,3.0,4.9,122.0,awarded-hotel,Москва,октябрь,moscow_october.xlsx,10,5338.2,0-2 км,9+,10
"Новоясеневский проспект, д.1 Б, корп. 1, Москва",2026-10-15,2026-10-25,Москва,Россия,RUB,16.805038,True,False,False,prince_park_hotel_,True,False,Hotel,55.617226,37.51051,6458819,True,69750.0,6975,Принц Парк Отель,Prince Park Hotel,Тёплый Стан,335.0,,727.66,69750.0,829.62,RUB,True,2026-10-14T21:00:00Z,False,nomeal,69750.0,727.66,6975,69750.0,829.62,Двухместный номер Стандарт (двуспальная кровать) (кровать queen size),1,7.6,423.0,2395,Москва,387.0,2026-09-27 07:37:15.670,4.0,3.8,219.0,,Москва,октябрь,moscow_october.xlsx,10,6975.0,10-20 км,7-8,10
"улица Новодмитровская, д. 2, к 7, Москва",2026-10-15,2026-10-25,Москва,Россия,RUB,5.4227676,True,False,False,v_neboskrebe_s_vidom_na_ostankinskuyu_bashnyu_apartments_1,False,True,Apartment,55.802464,37.591934,13382278,True,42928.0,4293,Апартаменты В Небоскребе с видом на Останкинскую башню 1,V Neboskrebe s vidom na Ostankinskuyu bashnyu Apartments 1,Дмитровская,921.0,,447.84,42928.0,510.59,RUB,True,2026-10-14T12:00:00Z,False,nomeal,42928.0,447.84,4293,42928.0,510.59,Двухместные апартаменты (двуспальная кровать),1,9.1,68.0,2395,Москва,,2026-09-27 07:37:17.724,,,,,Москва,октябрь,moscow_october.xlsx,10,4292.8,5-10 км,9+,10
"Красноказарменная улица, д. 3а, Москва",2026-10-15,2026-10-25,Москва,Россия,RUB,4.580046,True,False,False,dynasty_hotel_lefortovo,False,False,Hotel,55.761562,37.690247,8853795,,42000.0,4200,Отель Династия Лефортово,Dinastiya Lefortovo Hotel,Лефортово,1096.0,,438.16,42000.0,499.55,RUB,True,2026-10-12T11:00:00Z,False,nomeal,42000.0,438.16,4200,42000.0,499.55,Двухместный номер Стандартный (двуспальная кровать) (в главном здании),1,8.0,286.0,2395,Москва,44.0,2026-09-27 07:37:17.724,3.0,3.4,17.0,,Москва,октябрь,moscow_october.xlsx,10,4200.0,2-5 км,7-8,10
"улица Амурская, д.62, Москва",2026-10-15,2026-10-25,Москва,Россия,RUB,12.554553,True,False,False,brusnika_schelkovskaya_minihotel,True,False,Mini-hotel,55.812763,37.791283,8481957,True,21009.0,2101,Мини гостиница Брусника Холдинг,Brusnika Holding Mini-hotel,Щёлковская,536.0,,219.17,21009.0,249.88,RUB,True,2026-10-08T11:00:00Z,False,nomeal,21009.0,219.17,2101,21009.0,249.88,"Номер Эконом (без окна) (диван) (без окна, внешняя собственная ванная комната)",1,8.5,117.0,2395,Москва,9.0,2026-09-27 07:37:17.724,1.0,2.0,6.0,,Москва,октябрь,moscow_october.xlsx,10,2100.9,10-20 км,8-9,10
"улица Петровка, д. 26с8, помещ. 1Н, Москва",2026-10-15,2026-10-25,Москва,Россия,RUB,1.0644243,True,False,False,petrovka_26_boutiquehotel,True,False,Boutique_and_Design,55.76544,37.617844,10675430,True,155107.0,15511,Бутик-отель Петровка 26,Petrovka 26 Boutique-Hotel,Трубная,377.0,,1618.13,155107.0,1844.86,RUB,True,2026-10-14T21:00:00Z,False,nomeal,155107.0,1618.13,15511,155107.0,1844.86,Двухместный номер Делюкс (двуспальная кровать) (тип кровати может измениться),1,9.4,132.0,2395,Москва,21.0,2026-09-27 07:37:17.724,5.0,4.6,7.0,awarded-hotel,Москва,октябрь,moscow_october.xlsx,10,15510.7,0-2 км,9+,10
"проезд Окружной, д. 10Б, Москва",2026-10-15,2026-10-25,Москва,Россия,RUB,8.757693,True,False,True,inchu_izmaylovskiy_park_apartments_3,True,False,Hotel,55.792774,37.741505,13163033,True,40983.0,4098,Апарт-отель INCHU Измайловский Парк,INCHU Izmailovsky Park Apartment hotel,Измайлово,441.0,,427.55,40983.0,487.46,RUB,True,2026-10-08T12:00:00Z,False,nomeal,40983.0,427.55,4098,40983.0,487.46,Трёхместный номер Standard с видом на внутренний двор (двуспальная кровать) (кровать queen size),1,9.5,114.0,2395,Москва,5.0,2026-09-27 07:37:17.724,,,,awarded-hotel,Москва,октябрь,moscow_october.xlsx,10,4098.3,5-10 км,9+,10
"Милютинский пер., 2, Москва",2026-10-15,2026-10-25,Москва,Россия,RUB,1.085542,True,False,False,barin_residence_grand,False,False,Hotel,55.76145,37.63194,9157844,True,103540.5,10354,Отель Barin Residence Grand&Myasnitskaya,Barin Residence Grand&Myasnitskaya Hotel,Лубянка,385.0,,1080.17,103540.5,1231.53,RUB,True,2026-10-14T11:00:00Z,False,nomeal,103540.5,1080.17,10354,103540.5,1231.53,Двухместный номер Улучшенный (двуспальная кровать),1,9.0,193.0,2395,Москва,26.0,2026-09-27 07:37:17.724,4.0,4.3,11.0,awarded-hotel,Москва,октябрь,moscow_october.xlsx,10,10354.05,0-2 км,8-9,10
"Варшавское шоссе 21 км, владение 1, Москва",2026-10-15,2026-10-25,Москва,Россия,RUB,20.34283,True,False,True,rushotel_,True,False,Hotel,55.572918,37.60568,7590540,,34000.0,3400,Гостиница Русотель,Rushotel Hotel,Аннино,1320.0,,354.7,34000.0,404.4,RUB,True,2026-10-14T11:00:00Z,False,nomeal,34000.0,354.7,3400,34000.0,404.4,Двухместный номер Standard (2 отдельные кровати),1,7.7,521.0,2395,Москва,100.0,2026-09-27 07:37:17.724,3.0,3.2,157.0,,Москва,октябрь,moscow_october.xlsx,10,3400.0,20+ км,7-8,10
"Новоостаповская улица, 20, подъезд 10, Москва",2026-10-15,2026-10-25,Москва,Россия,RUB,5.6039805,True,False,False,apartment_hotel_4_komnaty,True,False,Hotel,55.7239,37.686993,13901600,True,59311.0,5931,Отель 4 Комнаты,4 Komnaty Hotel,Волгоградский проспект,111.0,,618.75,59311.0,705.45,RUB,True,2026-10-14T12:00:00Z,False,nomeal,59311.0,618.75,5931,59311.0,705.45,Апартаменты Comfort c 1 комнатой с видом на город (двуспальная кровать),1,9.6,7.0,2395,Москва,18.0,2026-09-27 07:37:17.724,3.0,,,,Москва,октябрь,moscow_october.xlsx,10,5931.1,5-10 км,9+,10
"Ленинградский проспект, д.32/2, Москва",2026-10-15,2026-10-25,Москва,Россия,RUB,4.4176164,True,False,True,sovetsky_historical_hotel,False,False,Hotel,55.78493,37.569485,7467335,True,64600.0,6460,Легендарный отель Советский,Legendary Hotel Sovietsky,Динамо,885.0,,673.93,64600.0,768.36,RUB,True,2026-10-14T21:00:00Z,False,nomeal,64600.0,673.93,6460,64600.0,768.36,Двухместный номер Standard (2 отдельные кровати),1,8.6,519.0,2395,Москва,109.0,2026-09-27 07:37:17.724,4.0,3.9,329.0,historic-hotel,Москва,октябрь,moscow_october.xlsx,10,6460.0,2-5 км,8-9,10
"Пятницкое шоссе, д.18, помещение 2/1, Москва",2026-10-15,2026-10-25,Москва,Россия,RUB,17.608128,False,False,True,otel_mitino,True,False,Hotel,55.84375,37.383118,7467343,True,76050.0,7605,Отель Митино,Mitino Hotel,Волоколамская,920.0,,793.38,76050.0,904.55,RUB,False,,False,nomeal,76050.0,793.38,7605,76050.0,904.55,Двухместный люкс (двуспальная кровать) (в главном здании),1,8.0,145.0,2395,Москва,91.0,2026-09-27 07:37:17.724,3.0,,,,Москва,октябрь,moscow_october.xlsx,10,7605.0,10-20 км,7-8,10
"Староалексеевская улица, д.20, Москва",2026-10-15,2026-10-25,Москва,Россия,RUB,6.2307067,True,False,False,1_art_hotel,True,False,Hotel,55.809933,37.644108,9764903,True,62400.0,6240,1 Арт Отель,1 Art Hotel,Алексеевская,412.0,,650.98,62400.0,742.19,RUB,True,2026-10-14T11:00:00Z,False,nomeal,62400.0,650.98,6240,62400.0,742.19,Двухместный номер Comfort (2 отдельные кровати),1,9.1,340.0,2395,Москва,155.0,2026-09-27 07:37:17.724,4.0,4.8,93.0,awarded-hotel,Москва,октябрь,moscow_october.xlsx,10,6240.0,5-10 км,9+,10
"наб. Раушская, д. 4/5, стр. 1, Москва",2026-10-15,2026-10-25,Москва,Россия,RUB,1.012488,True,False,False,otel_troika_moskva,True,False,Hotel,55.748505,37.627247,8660992,True,97476.0,9748,Отель Билибин Гарден,Bilibin Garden Hotel,Новокузнецкая,703.0,,1016.9,97476.0,1159.39,RUB,True,2026-10-14T11:00:00Z,False,nomeal,97476.0,1016.9,9748,97476.0,1159.39,Двухместный номер Стандартный (двуспальная кровать),1,8.7,150.0,2395,Москва,28.0,2026-09-27 07:37:17.724,,3.9,8.0,historic-hotel,Москва,октябрь,moscow_october.xlsx,10,9747.6,0-2 км,8-9,10
"улица Тверская, д.9 к.5, Москва",2026-10-15,2026-10-25,Москва,Россия,RUB,0.6341668,True,False,False,shato_volgo_hotel,False,False,Hotel,55.759495,37.609875,10135717,True,68000.0,6800,Отель Шато Волго,Shato Volgo Hotel,Охотный ряд,498.0,,709.4,68000.0,808.8,RUB,True,2026-10-14T21:00:00Z,False,nomeal,68000.0,709.4,6800,68000.0,808.8,Двухместный номер Comfort (двуспальная кровать),1,8.0,188.0,2395,Москва,36.0,2026-09-27 07:37:17.724,3.0,3.0,3.0,,Москва,октябрь,moscow_october.xlsx,10,6800.0,0-2 км,7-8,10
"ул. Большая Дмитровка, д. 13, эт. 3, Москва",2026-10-15,2026-10-25,Москва,Россия,RUB,0.7707937,False,False,False,la_maison_residence_hotel,True,False,Hotel,55.76235,37.613323,8851912,True,70805.0,7081,Отель La Maison ZONT Hotel Group,La Maison by ZONT Hotel Group Hotel,Чеховская,506.0,,738.66,70805.0,842.16,RUB,False,,False,nomeal,70805.0,738.66,7081,70805.0,842.16,Двухместный номер без окна (двуспальная кровать) (без окна),1,8.1,193.0,2395,Москва,21.0,2026-09-27 07:37:17.724,3.0,,,historic-hotel,Москва,октябрь,moscow_october.xlsx,10,7080.5,0-2 км,8-9,10
"бульвар Страстной, д.2, Москва",2026-10-15,2026-10-25,Москва,Россия,RUB,1.2225953,False,False,True,standart_hotel_moscow,True,False,Hotel,55.76502,37.606853,6783512,True,180110.0,18011,Дизайн-отель СтандАрт,Design-hotel StandArt,Тверская,94.0,1828.0,1878.97,180110.0,2142.25,RUB,False,,False,nomeal,180110.0,1878.97,18011,180110.0,2142.25,Двухместный номер Делюкс с видом на внутренний двор (двуспальная кровать),1,9.5,441.0,2395,Москва,105.0,2026-09-27 07:37:17.724,5.0,4.5,339.0,awarded-hotel,Москва,октябрь,moscow_october.xlsx,10,18011.0,0-2 км,9+,10
"улица Хабарова, д. 2, вход 2, этаж 6, Московский",2026-10-15,2026-10-25,Московский,Россия,RUB,24.523914,True,False,False,inside_moskovskiy,True,False,Hotel,55.59387,37.351894,8748293,,58900.0,5890,Отель Sunflower Внуково ZONT Hotel Group,ZONT Hotel Group Sunflower Hotel,Филатов Луг,3613.0,,614.47,58900.0,700.56,RUB,True,2026-10-15T10:00:00Z,False,nomeal,58900.0,614.47,5890,58900.0,700.56,Двухместный номер Standard (двуспальная кровать),1,9.1,171.0,965829913,Московский,27.0,2026-09-27 07:37:17.724,4.0,,,,Москва,октябрь,moscow_october.xlsx,10,5890.0,20+ км,9+,10
" Скатертный переулок, дом 13, Москва",2026-10-15,2026-10-25,Москва,Россия,RUB,1.4369118,True,True,False,gostinitsa_arbat_house_byvshaia_melodiia,False,False,Hotel,55.75588,37.59472,7601703,True,127000.0,12700,Гостиница Арбат Хауc,Arbat House Hotel,Арбатская (Филёвская),592.0,,1324.91,127000.0,1510.56,RUB,True,2026-10-14T11:00:00Z,True,breakfast,127000.0,1324.91,12700,127000.0,1510.56,Двухместный номер Standard (двуспальная кровать),1,8.3,351.0,2395,Москва,117.0,2026-09-27 07:37:17.724,4.0,,,,Москва,октябрь,moscow_october.xlsx,10,12700.0,0-2 км,8-9,6
"Каланчёвский тупик, д.3-5, стр.1, Москва",2026-10-15,2026-10-25,Москва,Россия,RUB,2.838126,True,False,False,rejl_hotel,False,False,Hotel,55.77131,37.653854,13920989,True,56402.0,5640,Отель Рэйл,Rejl Hotel,Комсомольская (Кольцевая),393.0,,588.41,56402.0,670.85,RUB,True,2026-10-14T11:00:00Z,False,nomeal,56402.0,588.41,5640,56402.0,670.85,Номер Standard с видом на город (двуспальная кровать),1,8.7,24.0,2395,Москва,20.0,2026-09-27 07:37:17.724,,,,,Москва,октябрь,moscow_october.xlsx,10,5640.2,2-5 км,8-9,10
"набережная Кадашевская, д.26, Москва",2026-10-15,2026-10-25,Москва,Россия,RUB,1.243434,True,False,False,kadashevskaya_hotel,True,False,Hotel,55.744938,37.621998,7597455,True,83340.0,8334,Гостиница Кадашевская,Kadashevskaya Hotel,Третьяковская (Калининская),495.0,,869.43,83340.0,991.26,RUB,True,2026-10-14T11:00:00Z,False,nomeal,83340.0,869.43,8334,83340.0,991.26,Двухместный номер Business (двуспальная кровать),1,8.5,501.0,2395,Москва,35.0,2026-09-27 07:37:17.724,4.0,4.3,390.0,,Москва,октябрь,moscow_october.xlsx,10,8334.0,0-2 км,8-9,6
"Неглинная ул., 4, Москва",2026-10-15,2026-10-25,Москва,Россия,RUB,0.5125651,True,False,True,ararat_park_khaiatt,True,False,Hotel,55.759922,37.621593,7599730,True,399500.0,39950,Арарат Парк Хаятт Москва,Ararat Park Hyatt Moscow,Кузнецкий мост,255.0,27.0,4167.72,399500.0,4751.71,RUB,True,2026-10-14T12:00:00Z,False,nomeal,399500.0,4167.72,39950,399500.0,4751.71,Двухместный номер Парк (2 отдельные кровати),1,9.3,1708.0,2395,Москва,202.0,2026-09-27 07:37:17.724,5.0,4.8,1617.0,awarded-hotel,Москва,октябрь,moscow_october.xlsx,10,39950.0,0-2 км,9+,10
"улица Усачева, д.35 стр.1, Москва",2026-10-15,2026-10-25,Москва,Россия,RUB,5.123328,True,False,False,spektrcity_hamovniki_hotel,False,False,Hotel,55.722687,37.560825,11093331,True,96095.0,9610,Отель Spektrcity Hamovniki,Spektrcity Hamovniki Hotel,Спортивная,195.0,,1002.5,96095.0,1142.97,RUB,True,2026-10-13T21:00:00Z,False,nomeal,96095.0,1002.5,9610,96095.0,1142.97,Двухместный номер Комфорт (двуспальная кровать),1,8.7,160.0,2395,Москва,60.0,2026-09-27 07:37:19.923,3.0,3.8,54.0,awarded-hotel,Москва,октябрь,moscow_october.xlsx,10,9609.5,5-10 км,8-9,9
"ш Волоколамское, д. 71/22, к. 1, помещ. 7, Москва",2026-10-15,2026-10-25,Москва,Россия,RUB,13.381633,True,False,False,kigo_spartak_minihotel,True,False,Hotel,55.821926,37.438618,11152834,True,21029.0,2103,Отель Киго Спартак,Kigo Spartak Hotel,Спартак,467.0,,219.38,21029.0,250.12,RUB,True,2026-10-08T11:00:00Z,False,nomeal,21029.0,219.38,2103,21029.0,250.12,Двухместное без окна (общая ванная комната) (двуспальная кровать),1,9.3,192.0,2395,Москва,8.0,2026-09-27 07:37:19.923,,,,awarded-hotel,Москва,октябрь,moscow_october.xlsx,10,2102.9,10-20 км,9+,10
"улица Новодмитровская, д. 2, корп. 5, Москва",2026-10-15,2026-10-25,Москва,Россия,RUB,5.5572085,True,False,False,v_46ti_etazhnom_neboskrebe_apart_hotel,False,True,Apartment,55.803574,37.591038,10575691,True,44907.0,4491,Апартаменты 3 В 46ти Этажном Небоскребе,3 V 46ti Etazhnom Neboskrebe Apartment,Дмитровская,800.0,,468.49,44907.0,534.13,RUB,True,2026-10-14T12:00:00Z,False,nomeal,44907.0,468.49,4491,44907.0,534.13,Двухместный номер Superior с красивым видом из окна (двуспальная кровать),1,9.3,28.0,2395,Москва,,2026-09-27 07:37:19.923,,,,awarded-hotel,Москва,октябрь,moscow_october.xlsx,10,4490.7,5-10 км,9+,10
"Ботанический переулок, д. 5, Москва",2026-10-15,2026-10-25,Москва,Россия,RUB,2.7612245,True,False,False,garden_embassy_apartments,False,False,Hotel,55.778004,37.637753,6344236,True,83300.0,8330,Отель Garden Embassy,Hotel Garden Embassy,Проспект Мира (Кольцевая),496.0,,869.01,83300.0,990.78,RUB,True,2026-10-14T11:00:00Z,False,nomeal,83300.0,869.01,8330,83300.0,990.78,Двухместный люкс Business с видом на город (двуспальная кровать),1,8.8,171.0,2395,Москва,61.0,2026-09-27 07:37:19.923,4.0,4.5,83.0,,Москва,октябрь,moscow_october.xlsx,10,8330.0,2-5 км,8-9,10
"улица Абельмановская, д.9 строение 1, Москва",2026-10-15,2026-10-25,Москва,Россия,RUB,4.0342917,True,False,False,vezendorf_taganka_hotel,False,False,Hotel,55.73587,37.67154,8745249,True,42200.0,4220,Отель Везендорф Таганка,Vezendorf Taganka Hotel,Пролетарская,561.0,,440.25,42200.0,501.93,RUB,True,2026-10-14T11:00:00Z,False,nomeal,42200.0,440.25,4220,42200.0,501.93,Двухместный номер Standard Мансарда (двуспальная кровать) (без окна),1,8.2,146.0,2395,Москва,19.0,2026-09-27 07:37:19.923,3.0,2.4,5.0,,Москва,октябрь,moscow_october.xlsx,10,4220.0,2-5 км,8-9,10
"Хомутовский тупик, д. 5-7, стр. 13, Москва",2026-10-15,2026-10-25,Москва,Россия,RUB,2.5774062,False,False,False,u_krasnykh_vorot_hotel,True,False,Hotel,55.76722,37.653645,13109974,True,72433.0,7243,Отель у Красных Ворот,U Krasnykh Vorot Hotel,Красные ворота,346.0,,755.65,72433.0,861.53,RUB,False,,False,nomeal,72433.0,755.65,7243,72433.0,861.53,Двухместный номер Standard (двуспальная кровать),1,8.1,43.0,2395,Москва,22.0,2026-09-27 07:37:19.923,3.0,,,,Москва,октябрь,moscow_october.xlsx,10,7243.3,2-5 км,8-9,10
"Осташковское шоссе, вл52с4, Москва",2026-10-15,2026-10-25,Москва,Россия,RUB,18.621193,True,False,False,kunlun,True,False,Hotel,55.921555,37.662346,10013909,,42947.0,4295,Отель Кунь Лунь,Kun' Lun' Hotel,Медведково,3795.0,,448.04,42947.0,510.82,RUB,True,2026-10-13T21:00:00Z,False,nomeal,42947.0,448.04,4295,42947.0,510.82,Двухместный номер Standard (двуспальная кровать),1,8.9,129.0,2395,Москва,60.0,2026-09-27 07:37:19.923,4.0,,,awarded-hotel,Москва,октябрь,moscow_october.xlsx,10,4294.7,10-20 км,8-9,10
"улица Новодмитровская, д. 2, корп. 5, Москва",2026-10-15,2026-10-25,Москва,Россия,RUB,5.5572085,True,False,False,apartment_in_a_46storey_skyscraper_2,False,True,Apartment,55.803574,37.591038,13382282,True,42928.0,4293,Апартаменты 2 В 46ти Этажном Небоскребе,Apartment in a 46-Storey Skyscraper 2,Дмитровская,800.0,,447.84,42928.0,510.59,RUB,True,2026-10-14T12:00:00Z,False,nomeal,42928.0,447.84,4293,42928.0,510.59,Двухместный номер Standard с красивым видом из окна (двуспальная кровать),1,9.4,40.0,2395,Москва,,2026-09-27 07:37:19.923,,,,awarded-hotel,Москва,октябрь,moscow_october.xlsx,10,4292.8,5-10 км,9+,10
"улица Ярославская, д.15, кор. 2, Москва",2026-10-15,2026-10-25,Москва,Россия,RUB,7.3785925,True,False,False,oksana_hotel,True,False,Hotel,55.820164,37.647175,7600396,True,56000.0,5600,Гостиница Луна и лотос,Luna and Lotos Hotel,ВДНХ,406.0,,584.21,56000.0,666.07,RUB,True,2026-10-13T11:00:00Z,False,nomeal,56000.0,584.21,5600,56000.0,666.07,Двухместный номер Standard (двуспальная кровать) (кровать queen size),1,8.7,431.0,2395,Москва,62.0,2026-09-27 07:37:19.924,3.0,3.8,136.0,,Москва,октябрь,moscow_october.xlsx,10,5600.0,5-10 км,8-9,10
"улица Гостиничная, д. 10/5, Москва",2026-10-15,2026-10-25,Москва,Россия,RUB,10.294451,True,False,True,dvukhurovnevaya_studiya_s_vidom_na_gorod_na_vladykino_apartments,True,False,Apartment,55.8462,37.581146,13068608,True,44884.0,4488,Апартаменты Двухуровневая Студия с Видом на Город на Владыкино,Dvukhurovnevaya Studiya S Vidom Na Gorod Na Vladykino Apartments,Окружная (Люблинско-Дмитровская),467.0,,468.25,44884.0,533.86,RUB,True,2026-10-14T11:00:00Z,False,nomeal,44884.0,468.25,4488,44884.0,533.86,Студия Дуплекс с красивым видом из окна (двуспальная кровать и диван),1,9.3,15.0,2395,Москва,,2026-09-27 07:37:19.924,,,,,Москва,октябрь,moscow_october.xlsx,10,4488.4,10-20 км,9+,10
"Садовническая улица, д. 20, стр. 1, Москва",2026-10-15,2026-10-25,Москва,Россия,RUB,1.3029352,True,False,False,sadovnicheskaya_city_center_2,True,False,Hotel,55.74672,37.63074,9997889,True,85178.0,8518,Отель Sadovnicheskaya City Center,Sadovnicheskaya City Center Hotel,Новокузнецкая,505.0,,888.61,85178.0,1013.12,RUB,True,2026-10-13T21:00:00Z,False,nomeal,85178.0,888.61,8518,85178.0,1013.12,Двухместный номер Standard Classic (двуспальная кровать) (кровать king size),1,9.0,45.0,2395,Москва,15.0,2026-09-27 07:37:19.924,4.0,,,,Москва,октябрь,moscow_october.xlsx,10,8517.8,0-2 км,8-9,10
"улица Бахрушина, д.21с4, Москва",2026-10-15,2026-10-25,Москва,Россия,RUB,2.6970997,True,False,False,hotel_wellion_paveletskaya,True,False,Hotel,55.73403,37.636543,8748309,True,64790.0,6479,Отель Веллион Павелецкая,Wellion Paveletskaya,Павелецкая (Замоскворецкая),219.0,,675.91,64790.0,770.62,RUB,True,2026-10-14T11:00:00Z,False,nomeal,64790.0,675.91,6479,64790.0,770.62,Двухместный номер Стандартный Мансарда (двуспальная кровать),1,8.9,187.0,2395,Москва,35.0,2026-09-27 07:37:19.924,3.0,4.2,37.0,,Москва,октябрь,moscow_october.xlsx,10,6479.0,2-5 км,8-9,10
"Болотниковская улица, д.5, Москва",2026-10-15,2026-10-25,Москва,Россия,RUB,11.103082,True,False,False,vnorkeru_varshavskaya_aparthotel,True,False,Aparthotel,55.65597,37.613495,9716149,True,41331.0,4133,Апарт-отель Norke Варшавская,Norke Varshavskaya Apart-Hotel,Варшавская,483.0,1709.0,431.18,41331.0,491.6,RUB,True,2026-10-13T21:00:00Z,False,nomeal,41331.0,431.18,4133,41331.0,491.6,Двухместная студия Mini (двуспальная кровать),1,7.6,110.0,2395,Москва,83.0,2026-09-27 07:37:19.924,3.0,,,,Москва,октябрь,moscow_october.xlsx,10,4133.1,10-20 км,7-8,10
"улица Барышиха, д.40/1 помещение. 5Н, Москва",2026-10-15,2026-10-25,Москва,Россия,RUB,20.217865,True,False,False,otel_melton,True,False,Hotel,55.85294,37.34389,8871897,True,47800.0,4780,Отель Мелтон,Melton Hotel,Пятницкое шоссе,725.0,,498.67,47800.0,568.54,RUB,True,2026-10-14T11:00:00Z,False,nomeal,47800.0,498.67,4780,47800.0,568.54,"Двухместный номер Стандарт+ (двуспальная кровать) (кровать queen size, небольшая площадь)",1,7.2,48.0,2395,Москва,11.0,2026-09-27 07:37:19.924,3.0,,,,Москва,октябрь,moscow_october.xlsx,10,4780.0,20+ км,7-8,10
"улица Доброслободская, д. 6 стр. 1, Москва",2026-10-15,2026-10-25,Москва,Россия,RUB,3.6288028,True,False,False,norke_prime_baumanskaya_hotel,True,False,Hotel,55.767944,37.671623,11161354,True,56227.5,5623,Отель Norke Prime Бауманская,Norke Prime Baumanskaya Hotel,Бауманская,681.0,,586.59,56227.5,668.78,RUB,True,2026-10-14T12:00:00Z,False,nomeal,56227.5,586.59,5623,56227.5,668.78,Двухместная студия Дуплекс (двуспальная кровать),1,8.0,135.0,2395,Москва,53.0,2026-09-27 07:37:19.924,4.0,,,,Москва,октябрь,moscow_october.xlsx,10,5622.75,2-5 км,7-8,10
"Улица Братиславская, д.12с1, Москва",2026-10-15,2026-10-25,Москва,Россия,RUB,13.621473,True,False,False,hotel_bratislavskaya_2_,True,False,Mini-hotel,55.6596,37.752403,8264420,True,28952.0,2895,Мини-отель Автор Братиславская,Avtor Bratislavskaya Mini-hotel,Братиславская,120.0,,302.04,28952.0,344.36,RUB,True,2026-10-12T11:00:00Z,False,nomeal,28952.0,302.04,2895,28952.0,344.36,Двухместный номер Economy с видом на город (общая ванная комната) (2 отдельные кровати),1,8.5,299.0,2395,Москва,16.0,2026-09-27 07:37:19.924,,3.3,3.0,,Москва,октябрь,moscow_october.xlsx,10,2895.2,10-20 км,8-9,10
"Домостроительная улица,д.1к3, Москва",2026-10-15,2026-10-25,Москва,Россия,RUB,15.507317,True,False,False,hotel_22_mini_hotel,True,False,Hotel,55.666275,37.427765,11234541,True,41449.0,4145,Отель 22,22 Hotel,Говорово,998.0,,432.41,41449.0,493.0,RUB,True,2026-10-12T11:00:00Z,False,nomeal,41449.0,432.41,4145,41449.0,493.0,Двухместный номер Standard (двуспальная кровать),1,7.5,25.0,2395,Москва,21.0,2026-09-27 07:37:19.924,3.0,,,,Москва,октябрь,moscow_october.xlsx,10,4144.9,10-20 км,7-8,10
"Николоямский переулок,  д. 2, Москва",2026-10-15,2026-10-25,Москва,Россия,RUB,2.9248352,True,False,False,nikoloyamskaya_riverside_apartments,True,False,Apartment,55.74894,37.662823,13721519,True,50226.0,5023,Апартаменты в Центре Москвы у метро Таганская,v Tsentre Moskvy u metro Taganskaya Apartments,Чкаловская,811.0,,523.98,50226.0,597.4,RUB,True,2026-10-08T11:00:00Z,False,nomeal,50226.0,523.98,5023,50226.0,597.4,Апартаменты c 1 комнатой (двуспальная кровать и диван),1,9.7,29.0,2395,Москва,,2026-09-27 07:37:19.924,,,,,Москва,октябрь,moscow_october.xlsx,10,5022.6,2-5 км,9+,10
"Малая Юшуньская улица, д.1/2, Москва",2026-10-15,2026-10-25,Москва,Россия,RUB,11.479723,True,False,False,berlin,False,False,Hotel,55.653484,37.593147,6514841,True,78263.0,7826,Отель Берлин,Berlin Hotel,Каховская,322.0,,816.47,78263.0,930.87,RUB,True,2026-10-14T09:00:00Z,False,nomeal,78263.0,816.47,7826,78263.0,930.87,Двухместный люкс (двуспальная кровать),1,8.3,262.0,2395,Москва,94.0,2026-09-27 07:37:19.924,3.0,3.4,62.0,,Москва,октябрь,moscow_october.xlsx,10,7826.3,10-20 км,8-9,10
"улица 1-я Новокузьминская, д.19, Москва",2026-10-15,2026-10-25,Москва,Россия,RUB,11.737016,True,False,False,arfa_hotel_na_ryazanskom_prospekte,False,False,Hotel,55.71476,37.790516,8740472,True,38520.0,3852,Отель Арфа-Отель,Arfa-otel Hotel,Рязанский проспект,349.0,,401.85,38520.0,458.16,RUB,True,2026-10-15T11:00:00Z,False,nomeal,38520.0,401.85,3852,38520.0,458.16,Двухместная студия (2 отдельные кровати) (тип кровати может измениться),1,8.0,283.0,2395,Москва,64.0,2026-09-27 07:37:19.924,3.0,3.0,16.0,,Москва,октябрь,moscow_october.xlsx,10,3852.0,10-20 км,7-8,9
"улица Большая Почтовая, д.34с12, Москва",2026-10-15,2026-10-25,Москва,Россия,RUB,5.662704,True,False,False,norka_aparthotel,True,False,Hotel,55.780193,37.697296,11227637,True,26779.0,2678,Отель NORKA,NORKA Hotel,Электрозаводская (Большая Кольцевая),404.0,,279.37,26779.0,318.51,RUB,True,2026-10-05T11:00:00Z,False,nomeal,26779.0,279.37,2678,26779.0,318.51,Двухместный номер Standard с видом на внутренний двор (общая ванная комната) (2 отдельные кровати),1,8.9,127.0,2395,Москва,7.0,2026-09-27 07:37:22.871,,,,awarded-hotel,Москва,октябрь,moscow_october.xlsx,10,2677.9,5-10 км,8-9,10
"улица Петра Романова, 7, стр.1, Москва",2026-10-15,2026-10-25,Москва,Россия,RUB,6.621707,True,False,True,loftet_apartments,True,False,Aparthotel,55.708305,37.68147,9991306,True,41470.0,4147,Апарт-отель Loftet Rooms,Loftet Rooms Apart-Hotel,Кожуховская,346.0,,432.63,41470.0,493.25,RUB,True,2026-10-14T12:00:00Z,False,nomeal,41470.0,432.63,4147,41470.0,493.25,Двухместная студия Уют Мансарда (двуспальная кровать) (тип кровати может измениться),1,8.7,275.0,2395,Москва,15.0,2026-09-27 07:37:22.871,,,,,Москва,октябрь,moscow_october.xlsx,10,4147.0,5-10 км,8-9,10
"2-й Вольный переулок, д.11, Москва",2026-10-15,2026-10-25,Москва,Россия,RUB,7.8549438,False,False,False,solnechnye_u_metro_sokolinaya_gora_apartments,True,False,Apartment,55.773792,37.73924,10546832,True,42339.0,4234,Апартаменты Солнечные у метро Соколиная Гора,Solnechnye U Metro Sokolinaya Gora Apartments,Соколиная Гора,462.0,,441.7,42339.0,503.59,RUB,False,,False,nomeal,42339.0,441.7,4234,42339.0,503.59,Двухместные апартаменты (двуспальная кровать и диван),1,9.3,45.0,2395,Москва,,2026-09-27 07:37:22.871,,,,,Москва,октябрь,moscow_october.xlsx,10,4233.9,5-10 км,9+,10
"Каланчёвский тупик, д.3-5, стр.1, Москва",2026-10-15,2026-10-25,Москва,Россия,RUB,2.8452778,True,False,False,railway_capsules_hostel_2,False,False,Hostel,55.77138,37.6539,13737106,True,34420.0,3442,Хостел Railway Сapsules,Railway Capsules Hostel,Комсомольская (Кольцевая),384.0,,359.08,34420.0,409.4,RUB,True,2026-10-14T11:00:00Z,False,nomeal,34420.0,359.08,3442,34420.0,409.4,Двухместный номер Standard с видом на город (общая ванная комната) (двуспальная кровать),1,7.7,86.0,2395,Москва,30.0,2026-09-27 07:37:22.871,,,,,Москва,октябрь,moscow_october.xlsx,10,3442.0,2-5 км,7-8,10
"Пестовский переулок, д.3/1, Москва",2026-10-15,2026-10-25,Москва,Россия,RUB,2.8538432,True,False,False,seven_hills_taganka_minihotel,False,False,Hotel,55.7453,37.659294,9086450,True,50300.0,5030,Отель Seven Hills Taganka,Seven Hills Taganka Hotel,Таганская (Кольцевая),493.0,,524.75,50300.0,598.28,RUB,True,2026-10-14T11:00:00Z,False,nomeal,50300.0,524.75,5030,50300.0,598.28,Двухместный номер Стандартный с видом на город (двуспальная кровать) (в главном здании),1,8.4,183.0,2395,Москва,41.0,2026-09-27 07:37:22.871,,3.6,25.0,,Москва,октябрь,moscow_october.xlsx,10,5030.0,2-5 км,8-9,10
"Большая Никитская 24/1 с.6, Москва",2026-10-15,2026-10-25,Москва,Россия,RUB,0.9875301,True,False,False,status_hotel_5,False,False,Hotel,55.75717,37.602077,7058678,True,66575.0,6658,Отель Гостиница Скайвью Сити,Gostinica Skyview City Hotel,Арбатская (Арбатско-Покровская),534.0,,694.53,66575.0,791.85,RUB,True,2026-10-13T21:00:00Z,False,nomeal,66575.0,694.53,6658,66575.0,791.85,Двухместный номер (2 отдельные кровати),1,8.3,263.0,2395,Москва,12.0,2026-09-27 07:37:22.871,4.0,2.7,3.0,,Москва,октябрь,moscow_october.xlsx,10,6657.5,0-2 км,8-9,10
"Волгоградский проспект, д.32/5 корпус 2, Москва",2026-10-15,2026-10-25,Москва,Россия,RUB,6.1052947,True,False,True,v_afinakh_apartments,True,True,Apartment,55.71954,37.69092,13109852,True,60470.3,6047,Апартаменты Афинcкий дворик,Afinskiy dvorik Apartments,Угрешская,445.0,,630.85,60470.3,719.24,RUB,True,2026-10-13T11:00:00Z,False,nomeal,60470.3,630.85,6047,60470.3,719.24,Двухместная студия (двуспальная кровать),1,9.6,111.0,2395,Москва,,2026-09-27 07:37:22.871,,,,awarded-hotel,Москва,октябрь,moscow_october.xlsx,10,6047.030000000001,5-10 км,9+,10
"ул. Покровка, д. 40 стр. 2, Москва",2026-10-15,2026-10-25,Москва,Россия,RUB,2.3206754,True,False,False,mamaison_allsuites_spa_hotel_pokrovka,True,False,Aparthotel,55.761967,37.653194,7590428,True,122958.0,12296,Апарт-отель Mamaison All-Suites Spa Pokrovka Moscow,Mamaison All-Suites Spa Pokrovka Moscow Apartment Hotel,Курская (Арбатско-Покровская),511.0,,1282.74,122958.0,1462.48,RUB,True,2026-10-14T21:00:00Z,False,nomeal,122958.0,1282.74,12296,122958.0,1462.48,Полулюкс,1,8.9,652.0,2395,Москва,84.0,2026-09-27 07:37:22.871,5.0,4.3,569.0,awarded-hotel,Москва,октябрь,moscow_october.xlsx,10,12295.8,2-5 км,8-9,10
"Большой Головин переулок, д.25. помещ. 1/1, Москва",2026-10-15,2026-10-25,Москва,Россия,RUB,1.7148746,True,False,False,hanzer,False,False,Hotel,55.769558,37.630344,6964709,True,50589.0,5059,Отель Ханзер,Hanzer Hotel,Сухаревская,331.0,,527.76,50589.0,601.71,RUB,True,2026-10-14T11:00:00Z,False,nomeal,50589.0,527.76,5059,50589.0,601.71,Двухместный номер Standard (двуспальная кровать),1,8.6,201.0,2395,Москва,18.0,2026-09-27 07:37:22.871,3.0,4.1,43.0,,Москва,октябрь,moscow_october.xlsx,10,5058.9,0-2 км,8-9,10
"Грохольский переулок, д. 32/2, Москва",2026-10-15,2026-10-25,Москва,Россия,RUB,2.8800523,False,False,True,jackpot_energy_hotel,True,False,Aparthotel,55.77729,37.64362,9227117,True,61785.38,6179,Апарт-отель JackPot Energy,JackPot Energy Apart-hotel,Проспект Мира (Кольцевая),807.0,,644.57,61785.38,734.88,RUB,False,,False,nomeal,61785.38,644.57,6179,61785.38,734.88,Двухместный номер без кухни (двуспальная кровать),1,9.2,402.0,2395,Москва,24.0,2026-09-27 07:37:22.871,3.0,4.8,45.0,awarded-hotel,Москва,октябрь,moscow_october.xlsx,10,6178.538,2-5 км,9+,10
"Чапаевский переулок, д.12, Москва",2026-10-15,2026-10-25,Москва,Россия,RUB,7.797844,False,False,False,otel_sokol,False,False,Hotel,55.798122,37.518085,7389072,True,45139.5,4514,Отель Сокол,Sokol Hotel,Сокол,798.0,,470.91,45139.5,536.9,RUB,False,,False,nomeal,45139.5,470.91,4514,45139.5,536.9,Двухместный номер Standard (двуспальная кровать),1,7.9,377.0,2395,Москва,136.0,2026-09-27 07:37:22.871,3.0,,,,Москва,октябрь,moscow_october.xlsx,10,4513.95,5-10 км,7-8,10
"Мичуринский проспект, дом 8, строение 1, Москва",2026-10-15,2026-10-25,Москва,Россия,RUB,8.704279,True,True,False,gostinitsa_universitetskaia,False,False,Hotel,55.705574,37.51104,7822421,True,65000.0,6500,Гостиница Университетская,Universitetskaya Hotel,Ломоносовский проспект,361.0,,678.1,65000.0,773.12,RUB,True,2026-10-14T21:00:00Z,True,breakfast,65000.0,678.1,6500,65000.0,773.12,Двухместный номер Standard (2 отдельные кровати),1,8.1,372.0,2395,Москва,264.0,2026-09-27 07:37:22.871,2.0,3.2,155.0,,Москва,октябрь,moscow_october.xlsx,10,6500.0,5-10 км,8-9,5
"1-й Казачий переулок, д.4, Москва",2026-10-15,2026-10-25,Москва,Россия,RUB,2.3319747,True,True,True,hotel_in_kazachy_pereulok,True,False,Hotel,55.735134,37.623516,7594715,True,110110.0,11011,Отель На Казачьем,in Kazachy Pereulok Hotel,Полянка,367.0,,1148.71,110110.0,1309.66,RUB,True,2026-10-14T11:00:00Z,True,breakfast,110110.0,1148.71,11011,110110.0,1309.66,Двухместный номер без окна на улицу (окно выходит в атриум отеля) Стандарт (2 отдельные кровати) (без окна),1,9.0,189.0,2395,Москва,26.0,2026-09-27 07:37:22.871,4.0,4.1,66.0,,Москва,октябрь,moscow_october.xlsx,10,11011.0,2-5 км,8-9,10
"Большой Староданиловский переулок, д.5, Москва",2026-10-15,2026-10-25,Москва,Россия,RUB,5.1586576,True,True,False,danilovskaya_2,True,False,Hotel,55.709774,37.627586,7378628,True,86000.0,8600,Гостиница Даниловская,Danilovskaya Hotels,Тульская,330.0,,897.18,86000.0,1022.9,RUB,True,2026-10-14T11:00:00Z,True,breakfast,86000.0,897.18,8600,86000.0,1022.9,Двухместный номер Superior (двуспальная кровать) (кровать queen size),1,9.2,363.0,2395,Москва,132.0,2026-09-27 07:37:22.871,4.0,3.8,114.0,,Москва,октябрь,moscow_october.xlsx,10,8600.0,5-10 км,9+,10
"Смоленская площадь, д. 6, стр. 3, Москва",2026-10-15,2026-10-25,Москва,Россия,RUB,2.243518,False,False,False,arbat_inn,False,False,Hotel,55.749226,37.583817,8736173,True,48777.0,4878,Отель Arbat Inn,Arbat Inn Hotel,Смоленская (Филёвская),141.0,,508.86,48777.0,580.16,RUB,False,,False,nomeal,48777.0,508.86,4878,48777.0,580.16,Двухместный номер Economy (двуспальная кровать),1,8.2,451.0,2395,Москва,46.0,2026-09-27 07:37:22.871,3.0,3.4,49.0,,Москва,октябрь,moscow_october.xlsx,10,4877.7,2-5 км,8-9,10
"Николоямская улица 38/23  строение 1, Москва",2026-10-15,2026-10-25,Москва,Россия,RUB,2.7345965,True,False,True,oootagankaholl,True,False,Hotel,55.747063,37.658535,10001836,True,84967.0,8497,Отель ТАГАНКА-ХОЛЛ Москва,TAGANKA-HOLL Moscow Hotel,Таганская (Кольцевая),613.0,,886.41,84967.0,1010.61,RUB,True,2026-10-14T11:00:00Z,False,nomeal,84967.0,886.41,8497,84967.0,1010.61,Двухместный номер Улучшенный с видом на город (2 отдельные кровати),1,9.1,229.0,2395,Москва,10.0,2026-09-27 07:37:22.871,,3.9,8.0,awarded-hotel,Москва,октябрь,moscow_october.xlsx,10,8496.7,2-5 км,9+,10
"улица Годовикова, д.7А, Москва",2026-10-15,2026-10-25,Москва,Россия,RUB,5.669255,False,False,False,sitipark_hotel,False,False,Hotel,55.806435,37.629692,9763668,True,38346.0,3835,Отель Ситипарк,Sitipark Hotel,Алексеевская,587.0,,400.04,38346.0,456.09,RUB,False,,False,nomeal,38346.0,400.04,3835,38346.0,456.09,Двухместный номер Standard (2 отдельные кровати),1,9.1,331.0,2395,Москва,84.0,2026-09-27 07:37:22.871,3.0,3.8,12.0,awarded-hotel,Москва,октябрь,moscow_october.xlsx,10,3834.6,5-10 км,9+,10
"Международное шоссе, владение 1А, Химки",2026-10-15,2026-10-25,Химки,Россия,RUB,26.31303,True,False,True,radisson_blu_hotel_moscow_sheremetyevo_airport_,False,False,Hotel,55.963028,37.413322,6533315,,97650.0,9765,Cosmos Selection Москва Шереметьево Аэропорт Отель,Cosmos Selection Moscow Sheremetyevo Airport Hotel,,,873.0,1018.72,97650.0,1161.46,RUB,True,2026-10-14T21:00:00Z,False,nomeal,97650.0,1018.72,9765,97650.0,1161.46,Двухместный номер Стандартный (двуспальная кровать) (тип кровати может измениться),1,8.6,1998.0,179603,Химки,391.0,2026-09-27 07:37:22.871,5.0,4.2,1317.0,,Москва,октябрь,moscow_october.xlsx,10,9765.0,20+ км,8-9,10
"Москва, Замоскворечье, Озерковская набережная 50, строен.2, Москва",2026-10-15,2026-10-25,Москва,Россия,RUB,2.7224748,True,True,False,ozerkovskaya_hotel_,False,False,Hotel,55.734665,37.639523,7938351,True,67300.0,6730,Отель Озерковская,Ozerkovskaya Hotel,Павелецкая (Замоскворецкая),276.0,,702.1,67300.0,800.48,RUB,True,2026-10-14T11:00:00Z,True,breakfast,67300.0,702.1,6730,67300.0,800.48,Двухместный номер Улучшенный (двуспальная кровать),1,8.9,337.0,2395,Москва,27.0,2026-09-27 07:37:22.871,3.0,3.9,76.0,,Москва,октябрь,moscow_october.xlsx,10,6730.0,2-5 км,8-9,10
"улица 1-я Брестская, д. 38, стр. 1, Москва",2026-10-15,2026-10-25,Москва,Россия,RUB,2.6336637,False,False,False,otel_gentalion,False,False,Hotel,55.77317,37.588917,7779256,True,70649.0,7065,Отель Gentalion,Gentalion Hotel,Маяковская,590.0,,737.04,70649.0,840.31,RUB,False,,False,nomeal,70649.0,737.04,7065,70649.0,840.31,Двухместный номер Комфорт (2 отдельные кровати),1,8.1,155.0,2395,Москва,30.0,2026-09-27 07:37:22.871,4.0,3.6,75.0,,Москва,октябрь,moscow_october.xlsx,10,7064.9,2-5 км,8-9,10
"Samarskaya street, 1, Москва",2027-01-02,2027-01-09,Москва,Россия,RUB,3.2495396,True,False,False,radisson_blu_olympiyskiy_hotel,True,False,Hotel,55.784706,37.626274,8869780,True,97650.0,13950,"Гостиница Radisson Blu Олимпийский, Москва","Radisson Blu Olympiyskiy Hotel, Moscow",Проспект Мира (Калужско-Рижская),548.0,18.0,1018.72,97650.0,1161.46,RUB,True,2027-01-01T21:00:00Z,False,nomeal,97650.0,1018.72,13950,97650.0,1161.46,Двухместный номер Стандартный с видом на город (двуспальная кровать),1,9.1,728.0,2395,Москва,379.0,2026-09-27 07:43:10.721,5.0,,,awarded-hotel,Москва,январь,moscow_january.xlsx,7,13950.0,2-5 км,9+,10
"переулок Съезжинский, д.8 стр.1, Москва",2027-01-02,2027-01-09,Москва,Россия,RUB,3.592184,True,False,False,otel_andron,True,False,Hotel,55.7477,37.67328,6344401,True,34380.0,4911,Гостиница Андрон-Отель,Andron-Otel Hotel,Площадь Ильича,465.0,,358.66,34380.0,408.92,RUB,True,2027-01-01T21:00:00Z,False,nomeal,34380.0,358.66,4911,34380.0,408.92,Двухместный номер Economy (без окна) (двуспальная кровать) (без окна),1,7.3,847.0,2395,Москва,94.0,2026-09-27 07:43:10.722,3.0,2.7,130.0,,Москва,январь,moscow_january.xlsx,7,4911.428571428572,2-5 км,7-8,10
"улица Лесная, д. 15, Москва",2027-01-02,2027-01-09,Москва,Россия,RUB,3.1630156,True,False,True,kholidei_inn_moskva_lesnaia,True,False,Hotel,55.77941,37.58927,7467380,True,82000.0,11714,Отель Лесная Сафмар (бывший Холидей Инн Москва Лесная),Hotel Lesnaya Safmar (ex. Holiday Inn Moscow Lesnaya),Белорусская (Кольцевая),500.0,1790.0,855.45,82000.0,975.32,RUB,True,2027-01-01T21:00:00Z,False,nomeal,82000.0,855.45,11714,82000.0,975.32,Двухместный номер Стандартный (двуспальная кровать),1,9.0,2021.0,2395,Москва,301.0,2026-09-27 07:43:10.722,4.0,4.0,1401.0,,Москва,январь,moscow_january.xlsx,7,11714.285714285714,2-5 км,8-9,10
"150 Mira Prospect, Москва",2027-01-02,2027-01-09,Москва,Россия,RUB,7.5816135,True,True,False,cosmos_hotel,True,False,Hotel,55.82206,37.6471,7466678,True,75500.0,10786,Cosmos Москва ВДНХ Отель,Cosmos Moscow VDNH Hotel,ВДНХ,384.0,873.0,787.64,75500.0,898.01,RUB,True,2027-01-01T21:00:00Z,True,breakfast,75500.0,787.64,10786,75500.0,898.01,Номер Повышенной комфортности,1,6.9,2533.0,2395,Москва,1644.0,2026-09-27 07:43:10.722,3.0,,,historic-hotel,Москва,январь,moscow_january.xlsx,7,10785.714285714286,5-10 км,<7,10
"улица Петра Романова, д.7/2, Москва",2027-01-02,2027-01-09,Москва,Россия,RUB,6.6457863,True,False,False,aroma_hotel_on_kozhukhovskaya,True,False,Hotel,55.70816,37.681767,9084838,True,37980.0,5426,Отель Арома-Отель,Aroma-otel Hotel,Кожуховская,322.0,,396.22,37980.0,451.74,RUB,True,2027-01-01T21:00:00Z,False,nomeal,37980.0,396.22,5426,37980.0,451.74,Двухместный номер Budget Цокольный этаж (двуспальная кровать),1,8.0,631.0,2395,Москва,124.0,2026-09-27 07:43:10.722,3.0,,,,Москва,январь,moscow_january.xlsx,7,5425.714285714285,5-10 км,7-8,10
"Олимпийский пр-т, д. 18/1, Москва",2027-01-02,2027-01-09,Москва,Россия,RUB,3.2706678,True,False,False,azimut_moscow_olympic_hotel,False,False,Hotel,55.785072,37.62415,7597419,True,77000.0,11000,AZIMUT Сити Отель Олимпик Москва,AZIMUT City Hotel Olympic Moscow,Проспект Мира (Калужско-Рижская),681.0,1199.0,803.29,77000.0,915.85,RUB,True,2027-01-01T21:00:00Z,False,nomeal,77000.0,803.29,11000,77000.0,915.85,Двухместный номер Классик (двуспальная кровать),1,8.5,5148.0,2395,Москва,496.0,2026-09-27 07:43:10.722,4.0,4.5,4261.0,,Москва,январь,moscow_january.xlsx,7,11000.0,2-5 км,8-9,10
"проезд Гостиничный, д.6, корп.2, Москва",2027-01-02,2027-01-09,Москва,Россия,RUB,10.130801,True,False,True,metro_apartments_5,True,False,Aparthotel,55.844135,37.57713,9990817,True,34930.0,4990,Апарт-отель Metro rooms,Metro rooms Apart-hotel,Окружная (Люблинско-Дмитровская),299.0,,364.4,34930.0,415.46,RUB,True,2026-12-31T12:00:00Z,False,nomeal,34930.0,364.4,4990,34930.0,415.46,Номер Комфорт с ванной с двуспальным диваном (ванна),1,8.6,348.0,2395,Москва,9.0,2026-09-27 07:43:10.722,3.0,,,,Москва,январь,moscow_january.xlsx,7,4990.0,10-20 км,8-9,10
"Площадь Евразии, д.2, Москва",2027-01-02,2027-01-09,Москва,Россия,RUB,3.4977477,True,False,False,otel_radisson_slavyanskaya_and_business_centre,False,False,Hotel,55.741993,37.567493,7467357,True,70800.0,10114,Гостиница Рэдиссон Славянская,Radisson Slavyanskaya Hotel & Business Center Moscow,Киевская (Филёвская),205.0,18.0,738.61,70800.0,842.11,RUB,True,2027-01-01T21:00:00Z,False,nomeal,70800.0,738.61,10114,70800.0,842.11,Двухместный номер Стандартный (2 отдельные кровати),1,8.9,1091.0,2395,Москва,430.0,2026-09-27 07:43:10.722,4.0,,,,Москва,январь,moscow_january.xlsx,7,10114.285714285714,2-5 км,8-9,10
"ул. 1-я Тверская Ямская, д. 34, Москва",2027-01-02,2027-01-09,Москва,Россия,RUB,2.944887,True,False,True,gostinitsa_marriott_tverskaia,True,False,Hotel,55.775875,37.586815,7597423,True,65250.0,9321,Отель Сафмар Тверская Москва (бывший Марриотт Тверская),Safmar Tverskaya Hotel (ex. Marriott Hotel Tverskaya),Белорусская (Кольцевая),343.0,1790.0,680.71,65250.0,776.09,RUB,True,2027-01-01T21:00:00Z,False,nomeal,65250.0,680.71,9321,65250.0,776.09,"Двухместный номер Делюкс (двуспальная кровать) (кровать queen size, в главном здании)",1,8.8,1606.0,2395,Москва,162.0,2026-09-27 07:43:10.722,4.0,4.0,1023.0,,Москва,январь,moscow_january.xlsx,7,9321.42857142857,2-5 км,8-9,10
"переулок Расторгуевский, д.4с2, Москва",2027-01-02,2027-01-09,Москва,Россия,RUB,3.1263962,True,False,False,lemar_hotel,False,False,Hotel,55.7653,37.57059,9751549,True,37800.0,5400,Отель Лемар,Lemar Hotel,Улица 1905 года,587.0,,394.34,37800.0,449.6,RUB,True,2027-01-01T11:00:00Z,False,nomeal,37800.0,394.34,5400,37800.0,449.6,Двухместный номер Стандарт (двуспальная кровать),1,7.6,538.0,2395,Москва,67.0,2026-09-27 07:43:10.722,3.0,2.3,13.0,,Москва,январь,moscow_january.xlsx,7,5400.0,2-5 км,7-8,10
"Киевская улица, 2, Москва",2027-01-02,2027-01-09,Москва,Россия,RUB,3.7546544,True,False,True,ibis_moscow_kievskaya,False,False,Hotel,55.74321,37.56203,8669772,True,64005.0,9144,Отель ibis Москва Киевская,Ibis Moskva Kievskaya Hotel,Киевская (Кольцевая),200.0,90.0,667.72,64005.0,761.28,RUB,True,2027-01-01T12:00:00Z,False,nomeal,64005.0,667.72,9144,64005.0,761.28,Двухместный номер Standard (двуспальная кровать) (кровать queen size),1,8.6,716.0,2395,Москва,350.0,2026-09-27 07:43:10.722,3.0,,,,Москва,январь,moscow_january.xlsx,7,9143.57142857143,2-5 км,8-9,10
"Смоленская улица, 5, Москва",2027-01-02,2027-01-09,Москва,Россия,RUB,2.601091,True,False,True,golden_ring_hotel_2,True,False,Hotel,55.745335,37.58055,7467289,True,88500.0,12643,Гостиница Золотое Кольцо,Golden Ring Hotel,Смоленская (Арбатско-Покровская),330.0,,923.26,88500.0,1052.63,RUB,True,2027-01-01T11:00:00Z,False,nomeal,88500.0,923.26,12643,88500.0,1052.63,Двухместный номер Стандарт Плюс (двуспальная кровать),1,9.1,1648.0,2395,Москва,293.0,2026-09-27 07:43:10.722,5.0,4.1,1016.0,,Москва,январь,moscow_january.xlsx,7,12642.857142857143,2-5 км,9+,10
"улица Новый Арбат, 15, Москва",2027-01-02,2027-01-09,Москва,Россия,RUB,1.6009573,True,False,False,pentahotel_moscow_arbat,True,False,Hotel,55.751934,37.593067,8869717,True,122000.0,17429,Отель Pentahotel Moscow Arbat,Pentahotel Moscow Arbat Hotel,Арбатская (Филёвская),530.0,285.0,1272.75,122000.0,1451.09,RUB,True,2027-01-01T11:00:00Z,False,nomeal,122000.0,1272.75,17429,122000.0,1451.09,Двухместный номер Пента Стандартный (двуспальная кровать),1,9.0,1010.0,2395,Москва,228.0,2026-09-27 07:43:10.722,4.0,4.0,167.0,,Москва,январь,moscow_january.xlsx,7,17428.571428571428,0-2 км,8-9,10
"Каланчевская улица, 6/2 строение 2, Москва",2027-01-02,2027-01-09,Москва,Россия,RUB,2.7822247,True,False,False,hotel_shelterz_tri_vokzala,False,False,Hotel,55.771347,37.65267,11292242,True,13517.0,1931,Отель SHELTERZ Три вокзала,Hotel Shelterz Tri Vokzala,Красные ворота,370.0,,141.01,13517.0,160.77,RUB,True,2027-01-01T10:30:00Z,False,nomeal,13517.0,141.01,1931,13517.0,160.77,"Двухместный номер Эконом-класса (без окна, верхняя кровать) (общая ванная комната) (двуспальная кровать) (без окна)",1,8.9,735.0,2395,Москва,79.0,2026-09-27 07:43:10.722,,,,,Москва,январь,moscow_january.xlsx,7,1931.0,2-5 км,8-9,10
"улица Рогожский Вал, дом 10, Москва",2027-01-02,2027-01-09,Москва,Россия,RUB,3.8881106,True,True,False,hampton_by_hilton_moscow_rogozhsky_val,True,False,Hotel,55.7412,37.674145,9770069,True,87890.0,12556,Отель Hampton by Hilton Moscow Рогожский вал,Hampton By Hilton Moscow Rogozhskij Val Hotel,Римская,716.0,93.0,916.9,87890.0,1045.38,RUB,True,2027-01-01T12:00:00Z,True,breakfast,87890.0,916.9,12556,87890.0,1045.38,"Номер с кроватью Queen size для людей с ограниченными возможностями (двуспальная кровать) (кровать queen size, для гостей с ограниченными возможностями)",1,9.3,897.0,2395,Москва,147.0,2026-09-27 07:43:10.722,4.0,,,awarded-hotel,Москва,январь,moscow_january.xlsx,7,12555.714285714286,2-5 км,9+,10
"Тетеринский переулок, д. 12 стр. 4, Москва",2027-01-02,2027-01-09,Москва,Россия,RUB,2.4686248,True,True,False,kontsert_na_taganskoy_hotel,True,False,Hotel,55.7449,37.65203,10619893,True,51338.0,7334,Отель Концерт на Таганской,Kontsert Na Taganskoy Hotel,Таганская (Кольцевая),291.0,,535.58,51338.0,610.62,RUB,True,2027-01-01T21:00:00Z,True,breakfast,51338.0,535.58,7334,51338.0,610.62,Трёхместный номер Economy (двуспальная кровать и односпальная кровать),1,8.3,435.0,2395,Москва,16.0,2026-09-27 07:43:10.722,2.0,,,,Москва,январь,moscow_january.xlsx,7,7334.0,2-5 км,8-9,10
"Бауманская улица, д.54, стр. 1, Москва",2027-01-02,2027-01-09,Москва,Россия,RUB,4.1115265,False,False,False,mercure_moscow_baumanskaya,True,False,Hotel,55.76921,37.679035,8142740,True,65232.0,9319,Отель Mercure Москва Бауманская,Mercure Moscow Baumanskaya Hotel,Бауманская,356.0,9.0,680.52,65232.0,775.88,RUB,False,,False,nomeal,65232.0,680.52,9319,65232.0,775.88,Двухместный номер Classic (двуспальная кровать),1,9.2,1112.0,2395,Москва,47.0,2026-09-27 07:43:10.722,4.0,4.7,858.0,awarded-hotel,Москва,январь,moscow_january.xlsx,7,9318.857142857143,2-5 км,9+,3
"Дубининская улица, 33 B, Москва",2027-01-02,2027-01-09,Москва,Россия,RUB,3.709621,True,True,True,holiday_inn_express_moscow_paveletskaya,False,False,Hotel,55.72492,37.63995,8734938,True,69345.0,9906,Отель Cosmos Smart Москва Дубининская,Cosmos Smart Moscow Dubininskaya Hotel,Павелецкая (Кольцевая),537.0,873.0,723.43,69345.0,824.8,RUB,True,2027-01-01T12:00:00Z,True,breakfast,69345.0,723.43,9906,69345.0,824.8,Двухместный номер Стандартный (двуспальная кровать) (кровать queen size),1,9.0,1166.0,2395,Москва,243.0,2026-09-27 07:43:10.723,3.0,4.2,190.0,,Москва,январь,moscow_january.xlsx,7,9906.42857142857,2-5 км,8-9,10
"Ленинградский проспект, д.37 строение 9, Москва",2027-01-02,2027-01-09,Москва,Россия,RUB,5.841515,True,False,True,aerostar_hotel,False,False,Hotel,55.790577,37.547512,7598118,True,57798.0,8257,AZIMUT Отель Аэростар Москва,AZIMUT Hotel Aerostar Moscow,Петровский парк,608.0,,602.97,57798.0,687.46,RUB,True,2027-01-01T21:00:00Z,False,nomeal,57798.0,602.97,8257,57798.0,687.46,Двухместный полулюкс (2 отдельные кровати),1,8.6,435.0,2395,Москва,410.0,2026-09-27 07:43:10.723,4.0,,,,Москва,январь,moscow_january.xlsx,7,8256.857142857143,5-10 км,8-9,10
"вн.тер.г. муниципальный округ Соколиная гора, ул Вельяминовская, д. 34А, Москва",2027-01-02,2027-01-09,Москва,Россия,RUB,7.3058023,True,False,False,hotel_cosmos_smart_semenovskaya,True,False,Hotel,55.784946,37.722523,11237350,True,63400.0,9057,Отель Cosmos Smart Москва Семеновская,Cosmos Smart Moscow Semenovskaya Hotel,Семёновская,275.0,873.0,661.41,63400.0,754.09,RUB,True,2027-01-01T21:00:00Z,False,nomeal,63400.0,661.41,9057,63400.0,754.09,Двухместный номер Standard с видом на город (двуспальная кровать) (кровать queen size),1,9.3,790.0,2395,Москва,120.0,2026-09-27 07:43:10.723,3.0,,,group-hotel,Москва,январь,moscow_january.xlsx,7,9057.142857142857,5-10 км,9+,10
"улица Мневники, дом 3, корп. 2, Москва",2027-01-02,2027-01-09,Москва,Россия,RUB,7.6789775,True,False,False,moscow_holiday_hotel,False,False,Hotel,55.773636,37.498997,8664628,True,31030.0,4433,Отель Moscow Holiday,Moscow Holiday Hotel,Хорошёво,645.0,,323.72,31030.0,369.08,RUB,True,2027-01-01T11:00:00Z,False,nomeal,31030.0,323.72,4433,31030.0,369.08,Двухместный номер Стандартный с видом на город (2 отдельные кровати),1,8.1,348.0,2395,Москва,198.0,2026-09-27 07:43:13.112,4.0,,,,Москва,январь,moscow_january.xlsx,7,4432.857142857143,5-10 км,8-9,10
"3-я ул. Ямского поля, д. 26А, Москва",2027-01-02,2027-01-09,Москва,Россия,RUB,3.8547397,True,False,False,redisson_belorusskaia_moskva,True,False,Hotel,55.78303,37.579353,7858838,True,81450.0,11636,"Гостиница Radisson Blu Белорусская, Москва",Radisson Blu Belorusskaya Moskva Hotel,Белорусская (Кольцевая),646.0,18.0,849.72,81450.0,968.78,RUB,True,2027-01-01T12:00:00Z,False,nomeal,81450.0,849.72,11636,81450.0,968.78,Номер Стандартный,1,8.8,687.0,2395,Москва,264.0,2026-09-27 07:43:13.112,4.0,,,,Москва,январь,moscow_january.xlsx,7,11635.714285714286,2-5 км,8-9,10
"улица Бахрушина, 11, Москва",2027-01-02,2027-01-09,Москва,Россия,RUB,2.4862134,True,False,False,ibis_moscow_centre_bakhrushina,True,False,Hotel,55.735836,37.63542,8326226,True,59500.0,8500,Отель ibis Москва Центр Бахрушина,ibis Moscow Centre Bakhrushina Hotel,Павелецкая (Замоскворецкая),431.0,90.0,620.72,59500.0,707.7,RUB,True,2027-01-01T21:00:00Z,False,nomeal,59500.0,620.72,8500,59500.0,707.7,Двухместный номер Стандартный (2 отдельные кровати),1,8.9,642.0,2395,Москва,190.0,2026-09-27 07:43:13.112,3.0,,,,Москва,январь,moscow_january.xlsx,7,8500.0,2-5 км,8-9,10
"ул. Смоленская, д.8, Москва",2027-01-02,2027-01-09,Москва,Россия,RUB,2.5653744,True,False,False,azimut_hotel_smolenskaya_moscow,False,False,Hotel,55.74621,37.580437,8744391,True,105000.0,15000,AZIMUT Сити Отель Смоленская Москва,AZIMUT City Hotel Smolenskaya Moskva,Смоленская (Арбатско-Покровская),267.0,1199.0,1095.4,105000.0,1248.88,RUB,True,2027-01-01T21:00:00Z,False,nomeal,105000.0,1095.4,15000,105000.0,1248.88,Двухместный номер Smart Небольшой (140 cm кровать) (двуспальная кровать),1,8.9,2853.0,2395,Москва,474.0,2026-09-27 07:43:13.119,4.0,4.5,1947.0,awarded-hotel,Москва,январь,moscow_january.xlsx,7,15000.0,2-5 км,8-9,10
"Дмитровское шоссе, д. 46/2, Москва",2027-01-02,2027-01-09,Москва,Россия,RUB,10.242179,True,False,False,ahoumhotel_na_okruzhnoj,True,False,Hotel,55.844406,37.572136,8877655,True,37440.0,5349,Отель Ахоум-Отель,Ahoum-otel Hotel,Окружная (Люблинско-Дмитровская),203.0,,390.59,37440.0,445.32,RUB,True,2027-01-01T21:00:00Z,False,nomeal,37440.0,390.59,5349,37440.0,445.32,Двухместная студия без окна (двуспальная кровать) (без окна),1,8.2,444.0,2395,Москва,118.0,2026-09-27 07:43:13.119,3.0,2.8,14.0,,Москва,январь,moscow_january.xlsx,7,5348.571428571428,10-20 км,8-9,6
"Ленинский проспект, д.158, Москва",2027-01-02,2027-01-09,Москва,Россия,RUB,14.356438,True,False,False,happy_home_apartment_hotel,True,False,Hotel,55.651367,37.48286,13647556,True,55200.0,7886,Апарт-отель Happy Home,Happy Home Apartment hotel,Тропарёво,892.0,,575.87,55200.0,656.56,RUB,True,2027-01-01T12:00:00Z,False,nomeal,55200.0,575.87,7886,55200.0,656.56,Апартаменты Comfort c 1 комнатой (двуспальная кровать),1,7.9,30.0,2395,Москва,25.0,2026-09-27 07:43:13.119,,,,,Москва,январь,moscow_january.xlsx,7,7885.714285714285,10-20 км,7-8,10
"Ленинский проспект, д. 158, Москва",2027-01-02,2027-01-09,Москва,Россия,RUB,14.358469,False,False,True,aurum_apartment_hotel,True,False,Hotel,55.651093,37.48348,13754780,True,45006.0,6429,Апарт-отель Aurum,Aurum Apartment hotel,Тропарёво,901.0,,469.52,45006.0,535.31,RUB,False,,False,nomeal,45006.0,469.52,6429,45006.0,535.31,Двухместные апартаменты Comfort (двуспальная кровать),1,9.7,9.0,2395,Москва,3.0,2026-09-27 07:43:13.119,,,,,Москва,январь,moscow_january.xlsx,7,6429.428571428572,10-20 км,9+,10
"Космодамианская наб., д. 52, стр.6, Москва",2027-01-02,2027-01-09,Москва,Россия,RUB,3.0229025,True,False,False,swissotel_krasnye_holmy,True,False,Hotel,55.733257,37.644585,7590804,True,126500.0,18071,Отель Swissotel Красные Холмы,Swissôtel Krasnye Holmi Moscow,Павелецкая (Замоскворецкая),416.0,1509.0,1319.69,126500.0,1504.61,RUB,True,2027-01-01T21:00:00Z,False,nomeal,126500.0,1319.69,18071,126500.0,1504.61,Двухместный номер Классический с видом на город (двуспальная кровать) (кровать king size),1,8.8,2061.0,2395,Москва,233.0,2026-09-27 07:43:13.119,5.0,4.6,1588.0,awarded-hotel,Москва,январь,moscow_january.xlsx,7,18071.428571428572,2-5 км,8-9,10
"Нахимовский проспект, д.2, Москва",2027-01-02,2027-01-09,Москва,Россия,RUB,10.2671795,True,False,False,ahaushotel_na_nahimovskom_prospekte,True,False,Hotel,55.663467,37.616783,8660608,True,31050.0,4436,Отель Ахаус-Отель,Ahouse-otel Hotel,Нахимовский проспект,734.0,,323.92,31050.0,369.31,RUB,True,2027-01-01T21:00:00Z,False,nomeal,31050.0,323.92,4436,31050.0,369.31,Двухместный Номер-студио без окна (2 отдельные кровати) (без окна),1,7.9,422.0,2395,Москва,140.0,2026-09-27 07:43:13.119,3.0,3.8,61.0,,Москва,январь,moscow_january.xlsx,7,4435.714285714285,10-20 км,7-8,6
"Верхняя Красносельская улица, д.11Ас4, Москва",2027-01-02,2027-01-09,Москва,Россия,RUB,4.2904034,False,False,True,hilton_garden_inn_moscow_krasnoselskaya_hotel,False,False,Hotel,55.78476,37.663223,9751449,True,67050.0,9579,Отель Москва Красносельская (бывший Хилтон Гарден Инн Красносельская),Hotel Moscow Krasnoselskaya (ex. Hilton Garden Inn Krasnoselskaya),Красносельская,575.0,,699.49,67050.0,797.5,RUB,False,,False,nomeal,67050.0,699.49,9579,67050.0,797.5,Двухместный номер Стандарт (двуспальная кровать) (кровать king size),1,8.9,1560.0,2395,Москва,292.0,2026-09-27 07:43:13.120,4.0,4.5,538.0,,Москва,январь,moscow_january.xlsx,7,9578.57142857143,2-5 км,8-9,10
"Русаковская улица, д. 24, Москва",2027-01-02,2027-01-09,Москва,Россия,RUB,5.2757945,True,False,True,otel_kholidei_inn_moskva_sokolniki,False,False,Hotel,55.787693,37.68033,7600142,True,72900.0,10414,Отель Холидей Инн Москва Сокольники,Holiday Inn Moscow Sokolniki Hotel,Сокольники (Сокольническая),172.0,79.0,760.52,72900.0,867.08,RUB,True,2026-12-30T11:00:00Z,False,nomeal,72900.0,760.52,10414,72900.0,867.08,Двухместный номер Стандартный (2 отдельные кровати),1,9.0,2804.0,2395,Москва,523.0,2026-09-27 07:43:13.120,4.0,4.1,1635.0,,Москва,январь,moscow_january.xlsx,7,10414.285714285714,5-10 км,8-9,10
"Окружной проезд, 10Б, Москва",2027-01-02,2027-01-09,Москва,Россия,RUB,8.757693,True,False,True,apartments_komfort_v_izmaylovo,True,False,Apartment,55.792774,37.741505,13739515,True,42930.0,6133,Апартаменты Комфорт в Измайлово,Apartments Komfort V Izmaylovo,Измайлово,441.0,,447.86,42930.0,510.62,RUB,True,2027-01-01T12:00:00Z,False,nomeal,42930.0,447.86,6133,42930.0,510.62,Студия,1,9.4,102.0,2395,Москва,,2026-09-27 07:43:13.120,,,,,Москва,январь,moscow_january.xlsx,7,6132.857142857143,5-10 км,9+,10
"переулок Сивцев Вражек, 45, строение 1, Москва",2027-01-02,2027-01-09,Москва,Россия,RUB,2.247487,True,False,False,boutique_hotel_vellion_smolenskiy,True,False,Hotel,55.746243,37.586086,13297596,True,65086.0,9298,Отель Веллион Смоленский,Vellion Smolensky Hotel,Смоленская (Арбатско-Покровская),210.0,,679.0,65086.0,774.14,RUB,True,2027-01-01T09:00:00Z,False,nomeal,65086.0,679.0,9298,65086.0,774.14,Двухместный номер Standard (двуспальная кровать),1,8.7,156.0,2395,Москва,21.0,2026-09-27 07:43:13.120,4.0,4.3,11.0,,Москва,январь,moscow_january.xlsx,7,9298.0,2-5 км,8-9,10
"улица Душинская, д.3А, помещ. 23, Москва",2027-01-02,2027-01-09,Москва,Россия,RUB,5.6028695,True,False,False,apartavia_living_quarters,True,False,Hotel,55.746082,37.70559,13663569,True,42928.0,6133,Отель АпартАвиа,ApartAvia Hotel,Авиамоторная (Калининская),914.0,,447.84,42928.0,510.59,RUB,True,2027-01-01T23:00:00Z,False,nomeal,42928.0,447.84,6133,42928.0,510.59,Двухместный номер Standard c 1 комнатой (двуспальная кровать),1,8.8,124.0,2395,Москва,30.0,2026-09-27 07:43:13.120,3.0,,,,Москва,январь,moscow_january.xlsx,7,6132.571428571428,5-10 км,8-9,10
"улица Петровка, 11, Москва",2027-01-02,2027-01-09,Москва,Россия,RUB,0.79458743,True,False,False,gostinitsa_marriott_roiial_avrora,True,False,Hotel,55.76301,37.617188,7597450,True,157250.0,22464,Сафмар Аврора Люкс (бывший Марриотт Ройал Аврора),Safmar Avrora Luxe (Ex. Marriott Royal Aurora),Кузнецкий мост,490.0,1790.0,1640.49,157250.0,1870.35,RUB,True,2027-01-01T21:00:00Z,False,nomeal,157250.0,1640.49,22464,157250.0,1870.35,Двухместный номер Делюкс (двуспальная кровать) (кровать king size),1,8.8,1630.0,2395,Москва,228.0,2026-09-27 07:43:13.121,5.0,4.5,1230.0,awarded-hotel,Москва,январь,moscow_january.xlsx,7,22464.285714285714,0-2 км,8-9,10
"Чистопрудный бульвар, д.11, стр.1, Москва",2027-01-02,2027-01-09,Москва,Россия,RUB,1.821318,False,True,False,pogostiru_na_chistyih_prudah_hotel,True,False,Mini-hotel,55.762447,37.644375,9999125,True,66360.0,9480,Мини-отель Чистые пруды,Chistye Prudy Mini-hotel,Чистые пруды,443.0,,692.29,66360.0,789.3,RUB,False,,True,breakfast,66360.0,692.29,9480,66360.0,789.3,Двухместный номер Standard (двуспальная кровать),1,9.1,133.0,2395,Москва,7.0,2026-09-27 07:43:13.121,3.0,4.1,18.0,,Москва,январь,moscow_january.xlsx,7,9480.0,0-2 км,9+,10
"улица Кожевническая, д. 8, стр. 3, Москва",2027-01-02,2027-01-09,Москва,Россия,RUB,3.3783166,True,False,True,courtyard_by_marriott_moscow_paveletskaya_hotel,False,False,Hotel,55.72928,37.6439,7765017,True,68490.0,9784,Отель Cosmos Москва Павелецкая,Cosmos Moscow Paveletskaya Hotel,Павелецкая (Кольцевая),271.0,873.0,714.51,68490.0,814.63,RUB,True,2027-01-01T12:00:00Z,False,nomeal,68490.0,714.51,9784,68490.0,814.63,Двухместный номер Стандарт (двуспальная кровать) (кровать king size),1,9.1,965.0,2395,Москва,171.0,2026-09-27 07:43:13.121,4.0,4.0,505.0,,Москва,январь,moscow_january.xlsx,7,9784.285714285714,2-5 км,9+,10
"Смоленская площадь, д.6, Москва",2027-01-02,2027-01-09,Москва,Россия,RUB,2.2687294,False,False,False,mercure_arbat_moscow,False,False,Hotel,55.74865,37.58376,7796014,True,82025.0,11718,Отель Mercure Арбат Москва,Mercure Arbat Moskva Hotel,Смоленская (Филёвская),77.0,9.0,855.71,82025.0,975.62,RUB,False,,False,nomeal,82025.0,855.71,11718,82025.0,975.62,Двухместный номер Classic (двуспальная кровать) (кровать queen size),1,9.1,2360.0,2395,Москва,136.0,2026-09-27 07:43:13.121,4.0,4.6,1972.0,awarded-hotel,Москва,январь,moscow_january.xlsx,7,11717.857142857143,2-5 км,9+,10
"Ленинградское шоссе, 39 строение 1, Москва",2027-01-02,2027-01-09,Москва,Россия,RUB,11.916833,True,False,False,doubletree_by_hilton_hotel_moscow__marina,True,False,Hotel,55.832783,37.484768,8313259,True,92312.0,13187,Отель Doubletree by Hilton Moscow - Marina,Doubletree by Hilton Moscow - Marina Hotel,Водный стадион,835.0,46.0,963.03,92312.0,1097.97,RUB,True,2027-01-01T21:00:00Z,False,nomeal,92312.0,963.03,13187,92312.0,1097.97,Двухместный номер Standard (2 отдельные кровати),1,9.1,1355.0,2395,Москва,270.0,2026-09-27 07:43:13.121,4.0,4.5,1185.0,awarded-hotel,Москва,январь,moscow_january.xlsx,7,13187.42857142857,10-20 км,9+,10
"ул. Новый Арбат, 32, Москва",2027-01-02,2027-01-09,Москва,Россия,RUB,2.3448985,True,False,False,moscow_marriott_hotel_novy_arbat,True,False,Hotel,55.752964,37.580555,8139930,True,106800.0,15257,Отель Звёзды Арбата,Arbat Stars Hotel (ex Marriott Novy Arbat),Смоленская (Филёвская),594.0,,1114.18,106800.0,1270.29,RUB,True,2027-01-01T21:00:00Z,False,nomeal,106800.0,1114.18,15257,106800.0,1270.29,Двухместный номер Делюкс (2 отдельные кровати),1,9.1,415.0,2395,Москва,234.0,2026-09-27 07:43:13.121,5.0,,,,Москва,январь,moscow_january.xlsx,7,15257.142857142857,2-5 км,9+,10
"Ленинградский пр-т., д 68, стр 23., Москва",2027-01-02,2027-01-09,Москва,Россия,RUB,7.8848567,True,False,False,otel_avialiuks,True,False,Hotel,55.8036,37.524345,7395306,True,36900.0,5271,Отель Авиалюкс,Avialuxe Hotel,Сокол,621.0,,384.95,36900.0,438.89,RUB,True,2027-01-01T21:00:00Z,False,nomeal,36900.0,384.95,5271,36900.0,438.89,Двухместный номер Стандарт (2 отдельные кровати),1,8.7,496.0,2395,Москва,126.0,2026-09-27 07:43:15.021,3.0,,,,Москва,январь,moscow_january.xlsx,7,5271.428571428572,5-10 км,8-9,10
"улица Сущевский Вал, д. 74, Москва",2027-01-02,2027-01-09,Москва,Россия,RUB,4.044241,True,False,True,kholidei_inn_sushchevskii,True,False,Hotel,55.79128,37.63261,7467381,True,59400.0,8486,Отель Сущевский Сафмар (бывший Холидей Инн Москва Сущевский),Hotel Suschevsky Safmar (ex. Holiday inn Suschevsky),Рижская (Большая Кольцевая),152.0,1790.0,619.68,59400.0,706.51,RUB,True,2027-01-01T21:00:00Z,False,nomeal,59400.0,619.68,8486,59400.0,706.51,Номер Стандартный (в главном здании),1,8.7,1747.0,2395,Москва,312.0,2026-09-27 07:43:15.021,4.0,3.9,1102.0,,Москва,январь,moscow_january.xlsx,7,8485.714285714286,2-5 км,8-9,10
"ул. Тверская, 26/1, Москва",2027-01-02,2027-01-09,Москва,Россия,RUB,1.8093472,True,False,False,safmar_grand_moscow_exmarriott_grand,True,False,Hotel,55.768707,37.59991,11231733,True,96000.0,13714,Сафмар Грандъ Москва (бывший Марриотт Гранд),Safmar Grand Moscow (ex-Marriott Grand),Маяковская,264.0,1790.0,1001.51,96000.0,1141.84,RUB,True,2027-01-01T21:00:00Z,False,nomeal,96000.0,1001.51,13714,96000.0,1141.84,Двухместный номер Делюкс (2 отдельные кровати),1,8.8,1092.0,2395,Москва,385.0,2026-09-27 07:43:15.021,5.0,2.5,20.0,,Москва,январь,moscow_january.xlsx,7,13714.285714285714,0-2 км,8-9,10
"1-ая Тверская Ямская ул., д. 19, Москва",2027-01-02,2027-01-09,Москва,Россия,RUB,2.7482452,True,False,False,gostinitsa_sheraton_palas_moskva,True,False,Hotel,55.77405,37.58791,7597114,True,73000.0,10429,Отель Сафмар Палас Москва,Safmar Palace Hotel Moscow (ex.Sheraton Palace),Белорусская (Замоскворецкая),523.0,1790.0,761.56,73000.0,868.27,RUB,True,2027-01-01T21:00:00Z,False,nomeal,73000.0,761.56,10429,73000.0,868.27,Номер Классический,1,9.1,683.0,2395,Москва,215.0,2026-09-27 07:43:15.021,5.0,,,awarded-hotel,Москва,январь,moscow_january.xlsx,7,10428.57142857143,2-5 км,9+,10
"улица Бахрушина, д 11 , Москва",2027-01-02,2027-01-09,Москва,Россия,RUB,2.4612353,True,False,False,mercure_moscow_paveletskaya_2,True,False,Hotel,55.73617,37.635715,8326248,True,73000.0,10429,Отель Mercure Москва Павелецкая,Mercure Moscow Paveletskaya Hotel,Павелецкая (Замоскворецкая),459.0,13.0,761.56,73000.0,868.27,RUB,True,2027-01-01T21:00:00Z,False,nomeal,73000.0,761.56,10429,73000.0,868.27,Двухместный номер классический (двуспальная кровать),1,9.1,597.0,2395,Москва,149.0,2026-09-27 07:43:15.021,4.0,,,awarded-hotel,Москва,январь,moscow_january.xlsx,7,10428.57142857143,2-5 км,9+,10
"1-й Басманный переулок, д.5/20 строение 3, Москва",2027-01-02,2027-01-09,Москва,Россия,RUB,3.3146844,True,False,False,3v_apartamenty_aparthotel,True,False,Apartment,55.77118,37.663197,11294872,True,42500.0,6071,Апартаменты 3V АПАРТАМЕНТЫ,Apartment 3V APARTMENTS,Комсомольская (Кольцевая),589.0,,443.37,42500.0,505.5,RUB,True,2027-01-01T11:00:00Z,False,nomeal,42500.0,443.37,6071,42500.0,505.5,Двухместный номер Standard (двуспальная кровать),1,9.1,361.0,2395,Москва,,2026-09-27 07:43:15.021,,,,awarded-hotel,Москва,январь,moscow_january.xlsx,7,6071.428571428572,2-5 км,9+,10
"улица Малевича, д.2, корп.6, Москва",2027-01-02,2027-01-09,Москва,Россия,RUB,17.68455,True,False,False,azimut_skolkovo_hotel,True,False,Hotel,55.69791,37.354492,13461963,,24200.0,3457,AZIMUT Отель Сколково 3*,AZIMUT Hotel Skolkovo 3*,,,1199.0,252.46,24200.0,287.84,RUB,True,2027-01-01T21:00:00Z,False,nomeal,24200.0,252.46,3457,24200.0,287.84,Двухместный номер Standard (2 отдельные кровати),1,8.9,81.0,2395,Москва,224.0,2026-09-27 07:43:15.021,3.0,,,awarded-hotel,Москва,январь,moscow_january.xlsx,7,3457.1428571428573,10-20 км,8-9,10
"улица Моховая, д. 15/1, стр. 1, Москва",2027-01-02,2027-01-09,Москва,Россия,RUB,0.24142727,True,False,True,gostinitsa_natsional_moskva,True,False,Hotel,55.75664,37.614094,7467340,True,186150.0,26593,Гостиница Националь Москва,National Hotel,Охотный ряд,111.0,1790.0,1941.98,186150.0,2214.09,RUB,True,2027-01-01T21:00:00Z,False,nomeal,186150.0,1941.98,26593,186150.0,2214.09,Двухместный номер Классический (2 отдельные кровати),1,8.9,2893.0,2395,Москва,202.0,2026-09-27 07:43:15.021,5.0,4.5,1928.0,awarded-hotel,Москва,январь,moscow_january.xlsx,7,26592.85714285714,0-2 км,8-9,10
"Большая Спасская улица, д.13с1, Москва",2027-01-02,2027-01-09,Москва,Россия,RUB,2.440541,True,False,False,vellion_sukharevsky,True,False,Hotel,55.774048,37.63959,9078221,True,64780.0,9254,Отель Веллион Сухаревский,Vellion Suharevskij Hotel,Сухаревская,495.0,,675.81,64780.0,770.5,RUB,True,2027-01-01T11:00:00Z,False,nomeal,64780.0,675.81,9254,64780.0,770.5,Двухместный номер Standard с видом на город (двуспальная кровать),1,8.6,111.0,2395,Москва,24.0,2026-09-27 07:43:15.021,4.0,4.5,26.0,,Москва,январь,moscow_january.xlsx,7,9254.285714285714,2-5 км,8-9,10
"Киевская улица, 2, Москва",2027-01-02,2027-01-09,Москва,Россия,RUB,3.7175832,True,False,True,novotel_moscow_kievskaya,False,False,Hotel,55.74317,37.5627,8661280,True,89250.0,12750,Отель Novotel Москва Киевская,Novotel Moskva Kievskaya Hotel,Киевская (Кольцевая),159.0,40.0,931.09,89250.0,1061.55,RUB,True,2027-01-01T21:00:00Z,False,nomeal,89250.0,931.09,12750,89250.0,1061.55,Двухместный номер Улучшенный (2 отдельные кровати),1,8.8,253.0,2395,Москва,202.0,2026-09-27 07:43:15.021,4.0,,,,Москва,январь,moscow_january.xlsx,7,12750.0,2-5 км,8-9,10
"Каланчевская ул.21/40, Москва",2027-01-02,2027-01-09,Москва,Россия,RUB,2.9362555,True,False,True,gostinitsa_khilton_leningradskaia,False,False,Hotel,55.774033,37.651802,7601804,True,106900.0,15271,Отель Hilton Москва Ленинградская,Hilton Moscow Leningradskaya Hotel,Комсомольская (Кольцевая),275.0,,1115.22,106900.0,1271.48,RUB,True,2027-01-02T11:00:00Z,False,nomeal,106900.0,1115.22,15271,106900.0,1271.48,Двухместный номер Делюкс (2 отдельные кровати),1,8.7,574.0,2395,Москва,273.0,2026-09-27 07:43:15.021,5.0,,,,Москва,январь,moscow_january.xlsx,7,15271.42857142857,2-5 км,8-9,10
"Ленинский проспект, дом 90/3, Москва",2027-01-02,2027-01-09,Москва,Россия,RUB,10.999054,True,False,False,hotel_radisson_blu_leninsky_prospect_hotel_moscow,True,False,Hotel,55.67367,37.519783,10621095,True,91350.0,13050,"Отель Radisson Blu Ленинский проспект, Москва","Hotel Radisson Blu Leninsky Prospect Hotel, Moscow",Новаторская (Троицкая),244.0,18.0,953.0,91350.0,1086.53,RUB,True,2027-01-01T21:00:00Z,False,nomeal,91350.0,953.0,13050,91350.0,1086.53,Номер Улучшенный для людей с ограниченными возможностями (для гостей с ограниченными возможностями),1,9.2,194.0,2395,Москва,156.0,2026-09-27 07:43:15.021,5.0,4.5,22.0,awarded-hotel,Москва,январь,moscow_january.xlsx,7,13050.0,10-20 км,9+,10
"Хорошевское шоссе, д.23к2, Москва",2027-01-02,2027-01-09,Москва,Россия,RUB,6.0041957,True,True,False,minigostinitsa_brusnika_polezhaevskaya,True,False,Mini-hotel,55.776257,37.528755,8551959,True,68218.0,9745,Мини-Отель Брусника Полежаевская,Brusnika Polezhaevskaya Mini-Hotel,Хорошёвская,600.0,,711.67,68218.0,811.39,RUB,True,2026-12-30T11:00:00Z,True,breakfast,68218.0,711.67,9745,68218.0,811.39,Двухместный номер Комфорт (двуспальная кровать),1,8.4,236.0,2395,Москва,16.0,2026-09-27 07:43:15.021,,2.0,6.0,,Москва,январь,moscow_january.xlsx,7,9745.42857142857,5-10 км,8-9,10
"Старопименовский переулок, д.11с2, Москва",2027-01-02,2027-01-09,Москва,Россия,RUB,1.8411976,False,False,False,palaty_khovanskikh_butikhotel,True,False,Boutique_and_Design,55.770145,37.602768,11341011,True,47907.0,6844,Бутик-отель Палаты Хованских,Palaty Khovanskikh  Butik-hotel,Маяковская,414.0,,499.78,47907.0,569.81,RUB,False,,False,nomeal,47907.0,499.78,6844,47907.0,569.81,Двухместный номер Economy (двуспальная кровать),1,8.5,54.0,2395,Москва,13.0,2026-09-27 07:43:15.022,4.0,,,awarded-hotel,Москва,январь,moscow_january.xlsx,7,6843.857142857143,0-2 км,8-9,10
"Юрловский проезд, 14, корп.4, Москва",2027-01-02,2027-01-09,Москва,Россия,RUB,13.694093,False,False,False,fortuna_best_mini_hotel,True,False,Mini-hotel,55.879036,37.61062,10002093,True,26311.0,3759,Мини-отель Фортуна Бест,Fortuna Best Mini Hotel,Бибирево,718.0,,274.49,26311.0,312.95,RUB,False,,False,nomeal,26311.0,274.49,3759,26311.0,312.95,Двухместный номер Standard (2 отдельные кровати),1,8.0,33.0,2395,Москва,5.0,2026-09-27 07:43:15.022,,,,,Москва,январь,moscow_january.xlsx,7,3758.714285714286,10-20 км,7-8,10
"Озерковская набережная, д. 26, Москва",2027-01-02,2027-01-09,Москва,Россия,RUB,2.1908462,True,False,False,crowne_plaza_moscow_tretyakovskaya,True,False,Hotel,55.739563,37.637405,9291722,True,90000.0,12857,"Отель Аквамарин, ZONT Hotel Group",Aquamarine Hotel by ZONT Hotel Group,Новокузнецкая,601.0,,938.91,90000.0,1070.47,RUB,True,2027-01-01T12:00:00Z,False,nomeal,90000.0,938.91,12857,90000.0,1070.47,Двухместный номер Стандарт (тип кровати не гарантирован) (двуспальная кровать) (тип кровати может измениться),1,9.3,1493.0,2395,Москва,157.0,2026-09-27 07:43:15.022,4.0,4.4,765.0,awarded-hotel,Москва,январь,moscow_january.xlsx,7,12857.142857142857,2-5 км,9+,10
"ул. Русаковская, д. 13, стр. 5, Москва",2027-01-02,2027-01-09,Москва,Россия,RUB,4.651672,True,True,False,borodino_hotel,True,False,Hotel,55.784077,37.672676,7599836,True,86800.0,12400,Конгресс-отель Бородино,Congress Hotel Borodino,Красносельская,627.0,,905.53,86800.0,1032.41,RUB,True,2027-01-01T12:00:00Z,True,breakfast,86800.0,905.53,12400,86800.0,1032.41,"Двухместный номер Standard (двуспальная кровать) (кровать queen size, в главном здании)",1,8.3,955.0,2395,Москва,236.0,2026-09-27 07:43:15.022,4.0,4.0,524.0,,Москва,январь,moscow_january.xlsx,7,12400.0,2-5 км,8-9,9
"улица Мастеркова, д.4, Москва",2027-01-02,2027-01-09,Москва,Россия,RUB,5.787225,True,False,False,maxima_panorama_hotel,True,False,Hotel,55.7085,37.656166,7467382,True,45344.0,6478,Отель Максима Панорама,Maxima Panorama Hotel,Автозаводская (Замоскворецкая),214.0,,473.04,45344.0,539.33,RUB,True,2027-01-01T21:00:00Z,False,nomeal,45344.0,473.04,6478,45344.0,539.33,Двухместный номер Стандарт (двуспальная кровать),1,8.9,967.0,2395,Москва,123.0,2026-09-27 07:43:15.022,4.0,4.0,625.0,,Москва,январь,moscow_january.xlsx,7,6477.714285714285,5-10 км,8-9,10
"Краснопрудная, 12, Москва  107140 Российская Федерация, Москва",2027-01-02,2027-01-09,Москва,Россия,RUB,3.6000466,True,False,True,moscow_marriott_imperial_plaza_hotel,True,False,Hotel,55.776928,37.661453,9988092,True,112000.0,16000,Отель Москва Марриотт Империал Плаза,Moscow Marriott Imperial Plaza Hotel,Комсомольская (Сокольническая),404.0,,1168.42,112000.0,1332.14,RUB,True,2027-01-01T21:00:00Z,False,nomeal,112000.0,1168.42,16000,112000.0,1332.14,Двухместный номер Делюкс (двуспальная кровать) (кровать king size),1,9.2,646.0,2395,Москва,268.0,2026-09-27 07:43:15.120,5.0,5.0,29.0,awarded-hotel,Москва,январь,moscow_january.xlsx,7,16000.0,2-5 км,9+,10
"ул. Малая Дмитровка, д 25, строение 3, Москва",2027-01-02,2027-01-09,Москва,Россия,RUB,1.8661016,True,False,False,arium_hotel,True,False,Hotel,55.7708,37.60406,8745790,True,67000.0,9571,Отель Arium by Brosko,Arium Hotel by Brosko,Маяковская,506.0,,698.97,67000.0,796.91,RUB,True,2027-01-01T21:00:00Z,False,nomeal,67000.0,698.97,9571,67000.0,796.91,Двухместный номер Стандарт (двуспальная кровать) (кровать king size),1,8.5,268.0,2395,Москва,60.0,2026-09-27 07:43:15.120,4.0,4.1,58.0,,Москва,январь,moscow_january.xlsx,7,9571.42857142857,0-2 км,8-9,10
"вн.тер.г. муниципальный округ Басманный, пер Токмаков, д. 4, Москва",2027-01-02,2027-01-09,Москва,Россия,RUB,3.4540794,False,False,False,stayway_na_kurskoy_hotel,True,False,Mini-hotel,55.76705,37.669243,13859188,True,27304.0,3901,Мини-отель StayWay на Курской,Stayway na Kurskoy Mini Hotel,Бауманская,856.0,,284.84,27304.0,324.76,RUB,False,,False,nomeal,27304.0,284.84,3901,27304.0,324.76,Двухместный номер Economy (общая ванная комната) (двуспальная кровать) (без окна),1,7.3,71.0,2395,Москва,65.0,2026-09-27 07:43:17.119,,,,,Москва,январь,moscow_january.xlsx,7,3900.5714285714284,2-5 км,7-8,10
"улица Космонавта Волкова, д.6 А, Москва",2027-01-02,2027-01-09,Москва,Россия,RUB,9.304482,False,False,False,art_moskva_hotel,True,False,Hotel,55.81527,37.512753,8748812,,77490.0,11070,"Отель Арт Москва, ZONT Hotel Group",Art Moscow by ZONT Hotel Group Hotel,Войковская,1022.0,,808.4,77490.0,921.68,RUB,False,,False,nomeal,77490.0,808.4,11070,77490.0,921.68,Двухместные апартаменты Business (двуспальная кровать) (кровать queen size),1,8.7,375.0,2395,Москва,264.0,2026-09-27 07:43:17.119,4.0,,,,Москва,январь,moscow_january.xlsx,7,11070.0,5-10 км,8-9,10
"ул Леонова 1-я, д 18, Москва",2027-01-02,2027-01-09,Москва,Россия,RUB,9.999179,True,False,False,yes_botanica_aparthotel,True,False,Aparthotel,55.84503,37.63922,9988912,True,57200.0,8171,Апарт-отель Yes Botanica,Apart-Hotel Yes Botanica,Ботанический сад (МЦК),58.0,,596.73,57200.0,680.34,RUB,True,2027-01-01T21:00:00Z,False,nomeal,57200.0,596.73,8171,57200.0,680.34,Студия (первая категория) с диваном (диван) (в главном здании),1,9.1,371.0,2395,Москва,267.0,2026-09-27 07:43:17.119,3.0,3.5,10.0,,Москва,январь,moscow_january.xlsx,7,8171.428571428572,5-10 км,9+,6
"Красногорский бульвар, д. 24, помещение 1, Красногорск",2027-01-02,2027-01-09,Красногорск,Россия,RUB,16.631618,True,False,False,crocus_star_minihotel,False,False,Hotel,55.819668,37.3769,8742609,True,72185.0,10312,Отель Crocus Star,Crocus Star Hotel,Мякинино,688.0,,753.06,72185.0,858.58,RUB,True,2026-12-27T05:00:00Z,False,nomeal,72185.0,753.06,10312,72185.0,858.58,Двухместный номер Стандарт (2 отдельные кровати),1,8.6,108.0,179605,Красногорск,15.0,2026-09-27 07:43:17.119,3.0,4.5,4.0,,Москва,январь,moscow_january.xlsx,7,10312.142857142857,10-20 км,8-9,10
"проспект Андропова, д.10, Москва",2027-01-02,2027-01-09,Москва,Россия,RUB,7.472715,True,True,False,apartotel_yes_technopark,True,False,Aparthotel,55.69429,37.665714,10151494,True,102420.0,14631,Апарт-отель Yes Technopark,Yes Technopark Apart-Hotel,Технопарк,341.0,,1068.48,102420.0,1218.2,RUB,True,2027-01-01T21:00:00Z,True,breakfast,102420.0,1068.48,14631,102420.0,1218.2,Двухместная студия (первая категория) Плюс (двуспальная кровать),1,9.2,153.0,2395,Москва,166.0,2026-09-27 07:43:17.119,4.0,,,awarded-hotel,Москва,январь,moscow_january.xlsx,7,14631.42857142857,5-10 км,9+,9
"Новоданиловская наб., д. 6, Москва",2027-01-02,2027-01-09,Москва,Россия,RUB,6.5068913,True,False,True,palmira_business_club_hotel,True,False,Hotel,55.697475,37.625607,11157982,True,94860.0,13551,Отель Пальмира Бизнес Клуб,Palmira Business Club Hotel,Верхние Котлы,892.0,,989.61,94860.0,1128.28,RUB,True,2027-01-01T12:00:00Z,False,nomeal,94860.0,989.61,13551,94860.0,1128.28,Двухместный номер Стандарт (двуспальная кровать) (тип кровати может измениться),1,9.2,915.0,2395,Москва,222.0,2026-09-27 07:43:17.119,4.0,4.7,674.0,awarded-hotel,Москва,январь,moscow_january.xlsx,7,13551.42857142857,5-10 км,9+,10
"Садовническая набережная, д. 7, помещ. 50, Москва",2027-01-02,2027-01-09,Москва,Россия,RUB,1.2204372,True,False,False,balchug_viewpoint_hotel,True,False,Hotel,55.746548,37.628036,8878179,True,89400.0,12771,Отель Viewpoint Hotel,Viewpoint Hotel Hotel,Новокузнецкая,480.0,,932.65,89400.0,1063.34,RUB,True,2027-01-01T11:00:00Z,False,nomeal,89400.0,932.65,12771,89400.0,1063.34,Двухместный номер Superior (2 отдельные кровати),1,8.9,300.0,2395,Москва,34.0,2026-09-27 07:43:17.119,4.0,4.1,33.0,,Москва,январь,moscow_january.xlsx,7,12771.42857142857,0-2 км,8-9,10
"улица Новый Арбат, д. 21, строение 2, Москва",2027-01-02,2027-01-09,Москва,Россия,RUB,2.0373647,True,False,False,hotel_brosko,True,False,Hotel,55.751575,37.58602,8854267,True,93000.0,13286,Отель Brosko Moscow,Brosko Moscow Hotel,Смоленская (Филёвская),426.0,,970.21,93000.0,1106.16,RUB,True,2027-01-01T11:00:00Z,False,nomeal,93000.0,970.21,13286,93000.0,1106.16,Двухместный номер Standard (двуспальная кровать) (кровать king size),1,8.5,464.0,2395,Москва,120.0,2026-09-27 07:43:17.119,4.0,3.7,97.0,awarded-hotel,Москва,январь,moscow_january.xlsx,7,13285.714285714286,2-5 км,8-9,10
"улица 4-я Магистральная, д. 4/11, Москва",2027-01-02,2027-01-09,Москва,Россия,RUB,6.7286906,True,False,True,palmira_art_hotel,True,False,Hotel,55.77599,37.516182,13287330,True,106830.0,15261,Отель Palmira Art,Palmira Art Hotel,Полежаевская,172.0,,1114.49,106830.0,1270.65,RUB,True,2027-01-01T12:00:00Z,False,nomeal,106830.0,1114.49,15261,106830.0,1270.65,Двухместный номер Стандарт (двуспальная кровать),1,9.2,310.0,2395,Москва,225.0,2026-09-27 07:43:17.119,4.0,,,awarded-hotel,Москва,январь,moscow_january.xlsx,7,15261.42857142857,5-10 км,9+,10
"проспект Ленинградский, д. 40, Москва",2027-01-02,2027-01-09,Москва,Россия,RUB,5.858996,True,False,False,petrovskii_putevoi_dvorets,True,False,Hotel,55.793537,37.552113,7741454,True,142250.0,20321,Отель Петровский Путевой Дворец,Petrovskiy Putevoy Dvorets Hotel,Петровский парк,369.0,,1484.0,142250.0,1691.94,RUB,True,2027-01-01T21:00:00Z,False,nomeal,142250.0,1484.0,20321,142250.0,1691.94,Двухместный люкс Представительский с 2 комнатами (двуспальная кровать) (кровать king size),1,8.3,591.0,2395,Москва,43.0,2026-09-27 07:43:17.119,5.0,4.3,481.0,historic-hotel,Москва,январь,moscow_january.xlsx,7,20321.428571428572,5-10 км,8-9,10
"Ленинградский проспект 36 строение 33, Москва",2027-01-02,2027-01-09,Москва,Россия,RUB,4.6991205,True,False,False,petrovskij_park_congress_hotel,False,False,Hotel,55.78683,37.5665,10001298,True,196000.0,28000,Отель Hyatt Regency Moscow Petrovsky Park,Hyatt Regency Moscow Petrovsky Park Hotel,Динамо,611.0,27.0,2044.74,196000.0,2331.25,RUB,True,2027-01-01T21:00:00Z,False,nomeal,196000.0,2044.74,28000,196000.0,2331.25,Двухместный номер Стандартный (2 отдельные кровати),1,9.3,764.0,2395,Москва,298.0,2026-09-27 07:43:17.119,5.0,4.3,425.0,awarded-hotel,Москва,январь,moscow_january.xlsx,7,28000.0,2-5 км,9+,10
"Прямой переулок, 3с1, Москва",2027-01-02,2027-01-09,Москва,Россия,RUB,2.4630983,True,False,False,hotel_domus_8,True,False,Hotel,55.750805,37.57935,13368013,True,100398.0,14343,Отель Домус,Domus Hotel,Смоленская (Филёвская),424.0,,1047.39,100398.0,1194.15,RUB,True,2026-12-31T09:00:00Z,False,nomeal,100398.0,1047.39,14343,100398.0,1194.15,Двухместный номер Economy (двуспальная кровать),1,8.9,137.0,2395,Москва,25.0,2026-09-27 07:43:17.119,3.0,4.4,7.0,,Москва,январь,moscow_january.xlsx,7,14342.57142857143,2-5 км,8-9,10
"Страстной бульвар,  д. 7 строение 2, Москва",2027-01-02,2027-01-09,Москва,Россия,RUB,1.4314972,True,False,False,brestol_guest_house,True,False,Hotel,55.767555,37.608086,11093332,True,96936.0,13848,Меблированные комнаты Брестоль,Brestol Living quarters,Чеховская,191.0,,1011.27,96936.0,1152.97,RUB,True,2026-12-30T11:00:00Z,False,nomeal,96936.0,1011.27,13848,96936.0,1152.97,"Двухместный номер Standard (двуспальная кровать) (без окна, кровать king size)",1,9.0,274.0,2395,Москва,27.0,2026-09-27 07:43:17.119,,,,,Москва,январь,moscow_january.xlsx,7,13848.0,0-2 км,8-9,10
"Измайловское шоссе, д. 71, стр. 3В, Москва",2027-01-02,2027-01-09,Москва,Россия,RUB,8.967533,True,False,False,best_western_vega_hotel,True,False,Hotel,55.7905,37.747288,7467768,True,146300.0,20900,Отель Вега Измайлово,Vega Izmailovo Hotel,Партизанская,262.0,,1526.25,146300.0,1740.11,RUB,True,2027-01-01T11:00:00Z,False,nomeal,146300.0,1526.25,20900,146300.0,1740.11,Апартаменты Смарт,1,9.1,1307.0,2395,Москва,1008.0,2026-09-27 07:43:17.119,4.0,,,,Москва,январь,moscow_january.xlsx,7,20900.0,5-10 км,9+,10
"Тверская улица, д.22, Москва",2027-01-02,2027-01-09,Москва,Россия,RUB,1.6393764,True,False,False,interkontinental_moskva,True,False,Hotel,55.767384,37.60132,7741106,True,130985.0,18712,Отель Континенталь,Continental Hotel,Пушкинская,285.0,,1366.48,130985.0,1557.95,RUB,True,2027-01-01T11:00:00Z,False,nomeal,130985.0,1366.48,18712,130985.0,1557.95,Двухместный номер Делюкс (2 отдельные кровати) (тип кровати может измениться),1,8.9,1424.0,2395,Москва,201.0,2026-09-27 07:43:17.119,5.0,4.5,1220.0,awarded-hotel,Москва,январь,moscow_january.xlsx,7,18712.14285714286,0-2 км,8-9,10
"Аэропорт Шереметьево, 5-ый этаж, терминал «Аэроэкспресс», терминал EF, Москва",2027-01-02,2027-01-09,Москва,Россия,RUB,26.332064,True,False,False,vozdushny_express,True,False,Hotel,55.963493,37.414192,7034463,,46900.0,6700,Отель Комфорт,Komfort Hotel,,,,489.28,46900.0,557.84,RUB,True,2027-01-01T11:00:00Z,False,nomeal,46900.0,489.28,6700,46900.0,557.84,Двухместный номер без окна Стандарт (двуспальная кровать) (без окна),1,8.2,240.0,2395,Москва,30.0,2026-09-27 07:43:17.120,,,,,Москва,январь,moscow_january.xlsx,7,6700.0,20+ км,8-9,10
"пер. Сытинский, д.3/5, помещ. 4/1, Москва",2027-01-02,2027-01-09,Москва,Россия,RUB,1.3526337,True,False,False,sofit_butikhotel,True,False,Boutique_and_Design,55.76396,37.601547,8849518,True,59500.0,8500,Бутик-отель Софит,Sofit Boutique Hotel,Пушкинская,224.0,,620.72,59500.0,707.7,RUB,True,2027-01-02T11:00:00Z,False,nomeal,59500.0,620.72,8500,59500.0,707.7,Двухместный номер Standard с видом на город (двуспальная кровать),1,8.9,231.0,2395,Москва,36.0,2026-09-27 07:43:17.120,4.0,4.3,58.0,,Москва,январь,moscow_january.xlsx,7,8500.0,0-2 км,8-9,10
"улица Балчуг, д. 1, Москва",2027-01-02,2027-01-09,Москва,Россия,RUB,0.99487233,True,False,True,hotel_baltschug_kempinski_moscow,True,False,Hotel,55.748207,37.625946,7590814,True,244000.0,34857,Отель Балчуг Кемпински Москва,Baltschug Kempinski Moscow Hotel,Новокузнецкая,690.0,1200.0,2545.49,244000.0,2902.17,RUB,True,2027-01-01T21:00:00Z,False,nomeal,244000.0,2545.49,34857,244000.0,2902.17,Двухместный номер Улучшенный (2 отдельные кровати) (в главном здании),1,8.4,1724.0,2395,Москва,229.0,2026-09-27 07:43:17.120,5.0,4.4,1464.0,awarded-hotel,Москва,январь,moscow_january.xlsx,7,34857.142857142855,0-2 км,8-9,10
"улица Щепкина, д. 32, стр. 1, Москва",2027-01-02,2027-01-09,Москва,Россия,RUB,2.7382555,False,False,True,sunflower_avenue_hotel,True,False,Hotel,55.779564,37.629692,8873685,True,60703.0,8672,Отель Sunflower Авеню Москва ZONT Hotel Group,Sunflower Avenue Moscow by ZONT Hotel Group Hotel,Проспект Мира (Кольцевая),341.0,,633.28,60703.0,722.01,RUB,False,,False,nomeal,60703.0,633.28,8672,60703.0,722.01,Двухместный номер Standard (двуспальная кровать) (кровать queen size),1,9.3,1145.0,2395,Москва,166.0,2026-09-27 07:43:17.120,3.0,,,awarded-hotel,Москва,январь,moscow_january.xlsx,7,8671.857142857143,2-5 км,9+,10
"улица Красная Пресня, д.30 стр.3, Москва",2027-01-02,2027-01-09,Москва,Россия,RUB,3.1873171,True,False,False,winewood_moscow_lounge_hotel,True,False,Hotel,55.762676,37.56818,8854262,True,98000.0,14000,Отель WineWood Moscow,WineWood Moscow Hotel,Улица 1905 года,460.0,,1022.37,98000.0,1165.63,RUB,True,2026-12-30T11:00:00Z,False,nomeal,98000.0,1022.37,14000,98000.0,1165.63,Двухместный номер Стандарт (двуспальная кровать),1,9.1,256.0,2395,Москва,49.0,2026-09-27 07:43:17.120,4.0,4.6,58.0,awarded-hotel,Москва,январь,moscow_january.xlsx,7,14000.0,2-5 км,9+,10
"Вознесенский переулок, д.7, Москва",2027-01-02,2027-01-09,Москва,Россия,RUB,0.88803846,False,False,False,courtyard_by_marriott_moscow_city_center,True,False,Hotel,55.757973,37.604,7597525,True,80500.0,11500,Отель Арткорт Москва Центр,Artcourt Moscow Center (ex. Courtyard by Marriott City Center) Hotel,Арбатская (Арбатско-Покровская),608.0,,839.8,80500.0,957.48,RUB,False,,False,nomeal,80500.0,839.8,11500,80500.0,957.48,Номер вид в Атриум Стандартный (двуспальная кровать) (кровать king size),1,9.0,400.0,2395,Москва,218.0,2026-09-27 07:43:20.523,4.0,,,,Москва,январь,moscow_january.xlsx,7,11500.0,0-2 км,8-9,10
"улица Большая Полянка, д. 17с1, Москва",2027-01-02,2027-01-09,Москва,Россия,RUB,1.8576417,True,False,True,park_inn_by_radisson_sadu,False,False,Hotel,55.739147,37.618088,7597068,True,108000.0,15429,"Гостиница SADU Москва, участник Radisson Individuals","SADU Hotel Moscow, a member of Radisson Individuals",Полянка,262.0,135.0,1126.69,108000.0,1284.57,RUB,True,2027-01-01T12:00:00Z,False,nomeal,108000.0,1126.69,15429,108000.0,1284.57,Двухместный номер Стандартный (двуспальная кровать) (кровать queen size),1,8.2,260.0,2395,Москва,117.0,2026-09-27 07:43:20.523,3.0,,,,Москва,январь,moscow_january.xlsx,7,15428.57142857143,0-2 км,8-9,10
"улица Вильгельма Пика, д. 16, Москва",2027-01-02,2027-01-09,Москва,Россия,RUB,9.9475765,True,False,False,soluxe_hotel_moscow,False,False,Hotel,55.84487,37.63472,10480541,True,102343.5,14621,Отель Soluxe Hotel Moscow,Soluxe Hotel Moscow,Ботанический сад (Калужско-Рижская),196.0,,1067.68,102343.5,1217.29,RUB,True,2027-01-01T21:00:00Z,False,nomeal,102343.5,1067.68,14621,102343.5,1217.29,Номер для гостей с ограниченными возможностями (двуспальная кровать) (для гостей с ограниченными возможностями),1,9.4,285.0,2395,Москва,330.0,2026-09-27 07:43:20.523,5.0,3.8,32.0,awarded-hotel,Москва,январь,moscow_january.xlsx,7,14620.5,5-10 км,9+,10
"улица Большая садовая 5, Москва",2027-01-02,2027-01-09,Москва,Россия,RUB,2.0621715,True,False,False,gostinitsa_pekin,True,False,Hotel,55.768692,37.593864,7465127,True,105525.0,15075,Гостиница Пекин,Pekin Hotel,Маяковская,192.0,,1100.87,105525.0,1255.13,RUB,True,2027-01-01T21:00:00Z,False,nomeal,105525.0,1100.87,15075,105525.0,1255.13,Двухместный люкс (двуспальная кровать и диван),1,8.5,854.0,2395,Москва,151.0,2026-09-27 07:43:20.523,4.0,3.7,594.0,historic-hotel,Москва,январь,moscow_january.xlsx,7,15075.0,2-5 км,8-9,10
"улица Кожевническая д.3 строение 1, Москва",2027-01-02,2027-01-09,Москва,Россия,RUB,3.2407436,True,True,True,paveletskaya_ploshchad_hotel,True,False,Hotel,55.730423,37.643032,7035319,True,48468.0,6924,Павелецкая АЭРО,Paveletskaya AERO,Павелецкая (Кольцевая),225.0,,505.64,48468.0,576.49,RUB,True,2027-01-01T11:00:00Z,True,breakfast,48468.0,505.64,6924,48468.0,576.49,Двухместный номер Superior (двуспальная кровать),1,8.5,603.0,2395,Москва,77.0,2026-09-27 07:43:20.523,3.0,3.6,98.0,,Москва,январь,moscow_january.xlsx,7,6924.0,2-5 км,8-9,10
"Ленинградский проспект 31 А стр.1, Москва",2027-01-02,2027-01-09,Москва,Россия,RUB,4.734828,True,False,False,otel_renaissance_moscow_monarch_centre,True,False,Hotel,55.7836,37.560196,7469066,True,98000.0,14000,Отель МонАрх Москва,MonArch Moscow Hotel,Динамо,691.0,,1022.37,98000.0,1165.63,RUB,True,2027-01-02T12:00:00Z,False,nomeal,98000.0,1022.37,14000,98000.0,1165.63,Двухместный номер Делюкс (двуспальная кровать),1,8.7,1009.0,2395,Москва,366.0,2026-09-27 07:43:20.523,5.0,4.5,804.0,awarded-hotel,Москва,январь,moscow_january.xlsx,7,14000.0,2-5 км,8-9,10
"улица Земляной Вал, д.70, Москва",2027-01-02,2027-01-09,Москва,Россия,RUB,2.6273253,False,False,True,movenpick_moscow_taganskaya,True,False,Hotel,55.744423,37.654465,9260139,True,121770.0,17396,Отель Movenpiсk Москва Таганская,Movenpick Moskva Taganskaya Hotel,Таганская (Кольцевая),236.0,641.0,1270.35,121770.0,1448.35,RUB,False,,False,nomeal,121770.0,1270.35,17396,121770.0,1448.35,Двухместный номер Superior с видом на внутренний двор (2 отдельные кровати),1,8.9,261.0,2395,Москва,148.0,2026-09-27 07:43:20.523,5.0,4.3,99.0,awarded-hotel,Москва,январь,moscow_january.xlsx,7,17395.714285714286,2-5 км,8-9,10
"Левобережная улица, д.12, Москва",2027-01-02,2027-01-09,Москва,Россия,RUB,16.423082,True,True,True,holiday_inn_express_moscow_khovrino,False,False,Hotel,55.877815,37.46909,8769428,True,50700.0,7243,Отель Satelinn Moscow Khovrino,Satelinn Moscow Khovrino Hotel,Ховрино,727.0,,528.92,50700.0,603.03,RUB,True,2027-01-01T21:00:00Z,True,breakfast,50700.0,528.92,7243,50700.0,603.03,Двухместный номер Standard (двуспальная кровать) (в главном здании),1,9.1,266.0,2395,Москва,171.0,2026-09-27 07:43:20.523,3.0,,,awarded-hotel,Москва,январь,moscow_january.xlsx,7,7242.857142857143,10-20 км,9+,10
"Каширское Шоссе,д. 39 стр. Б, Москва",2027-01-02,2027-01-09,Москва,Россия,RUB,12.598262,True,False,False,kolomenskoye__2,False,False,Hotel,55.64693,37.67347,8126782,,53100.0,7586,Отель Интурист Коломенское,Intourist Kolomenskoe Hotel,Кантемировская,1622.0,873.0,553.96,53100.0,631.58,RUB,True,2027-01-01T21:00:00Z,False,nomeal,53100.0,553.96,7586,53100.0,631.58,Двухместный номер Standard с видом на город (двуспальная кровать) (кровать queen size),1,8.9,322.0,2395,Москва,259.0,2026-09-27 07:43:20.619,4.0,,,,Москва,январь,moscow_january.xlsx,7,7585.714285714285,10-20 км,8-9,10
"улица Садовая-Кудринская, д.21/5, Москва",2027-01-02,2027-01-09,Москва,Россия,RUB,2.064327,True,True,False,ooo_hartvel_hotel,True,False,Hotel,55.765392,37.589355,8735752,True,85700.0,12243,Отель Hartwell,Hartwell Hotel,Маяковская,653.0,,894.05,85700.0,1019.33,RUB,True,2027-01-01T11:00:00Z,True,breakfast,85700.0,894.05,12243,85700.0,1019.33,Двухместный номер Standard с видом на Садовое кольцо (двуспальная кровать),1,8.5,74.0,2395,Москва,29.0,2026-09-27 07:43:20.619,4.0,,,,Москва,январь,moscow_january.xlsx,7,12242.857142857143,2-5 км,8-9,10
"проспект Вернадского, д. 41, стр. 1, Москва",2027-01-02,2027-01-09,Москва,Россия,RUB,11.64647,True,False,True,fortestate_apart_hotel,True,False,Hotel,55.673203,37.503307,13644772,True,47500.0,6786,Апарт Отель FortEstate,FortEstate Apart Hotel,Проспект Вернадского,442.0,,495.54,47500.0,564.97,RUB,True,2027-01-01T12:00:00Z,False,nomeal,47500.0,495.54,6786,47500.0,564.97,Апартаменты c 1 комнатой с видом на город (двуспальная кровать),1,8.9,22.0,2395,Москва,6.0,2026-09-27 07:43:20.619,,,,,Москва,январь,moscow_january.xlsx,7,6785.714285714285,10-20 км,8-9,6
"улица Мясницкая, д.14/2 стр.1, Москва",2027-01-02,2027-01-09,Москва,Россия,RUB,1.0543635,False,False,False,myasnitskiy_boutique_hotel,True,False,Boutique_and_Design,55.76076,37.63214,9022928,True,99910.0,14273,Мясницкий Бутик Отель,Myasnitskij Butik Hotel,Лубянка,350.0,,1042.3,99910.0,1188.34,RUB,False,,False,nomeal,99910.0,1042.3,14273,99910.0,1188.34,Двухместный номер Премьер (2 отдельные кровати) (тип кровати может измениться),1,8.4,76.0,2395,Москва,15.0,2026-09-27 07:43:20.619,4.0,,,,Москва,январь,moscow_january.xlsx,7,14272.857142857143,0-2 км,8-9,10
"улица Народная, 20, строение 2, Москва",2027-01-02,2027-01-09,Москва,Россия,RUB,2.8553972,True,False,False,sanremo_hotel,True,False,Hotel,55.737114,37.64892,8744681,True,53266.0,7609,Отель Сан-Ремо,San-Remo Hotel,Таганская (Таганско-Краснопресненская),376.0,,555.69,53266.0,633.55,RUB,True,2027-01-01T10:30:00Z,False,nomeal,53266.0,555.69,7609,53266.0,633.55,Двухместный номер Эконом Мансарда (двуспальная кровать),1,7.9,264.0,2395,Москва,40.0,2026-09-27 07:43:20.619,3.0,3.6,27.0,,Москва,январь,moscow_january.xlsx,7,7609.428571428572,2-5 км,7-8,10
"улица Зацепа, д. 27, Москва",2027-01-02,2027-01-09,Москва,Россия,RUB,3.0662458,True,False,False,innova_hotel,False,False,Hotel,55.729397,37.63157,10859344,True,61600.0,8800,Отель Innova Hotel,Innova Hotel Hotel,Серпуховская,502.0,,642.63,61600.0,732.68,RUB,True,2027-01-02T11:00:00Z,False,nomeal,61600.0,642.63,8800,61600.0,732.68,Двухместный номер Стандартный (двуспальная кровать),1,8.4,65.0,2395,Москва,14.0,2026-09-27 07:43:20.619,3.0,,,,Москва,январь,moscow_january.xlsx,7,8800.0,2-5 км,8-9,10
"улица Шипиловская, д.28 А, Москва",2027-01-02,2027-01-09,Москва,Россия,RUB,16.404684,False,False,False,milan_hotel,True,False,Hotel,55.618828,37.715122,7573441,True,39424.0,5632,Отель Милан,Milan Hotel,Домодедовская,922.0,,411.29,39424.0,468.91,RUB,False,,False,nomeal,39424.0,411.29,5632,39424.0,468.91,Двухместный номер Стандартный (двуспальная кровать),1,8.9,814.0,2395,Москва,298.0,2026-09-27 07:43:20.619,4.0,4.0,567.0,,Москва,январь,moscow_january.xlsx,7,5632.0,10-20 км,8-9,10
"Спиридоньевский переулок, д. 9, стр. 1., Москва",2027-01-02,2027-01-09,Москва,Россия,RUB,1.6559571,True,False,True,otel_marko_polo_presnia,True,False,Hotel,55.762463,37.593952,7467371,True,88900.0,12700,Отель Marco Polo by Moss Hospitality,Marco Polo by Moss Hospitality Hotel,Пушкинская,715.0,,927.44,88900.0,1057.39,RUB,True,2027-01-01T11:00:00Z,False,nomeal,88900.0,927.44,12700,88900.0,1057.39,Двухместный номер Стандарт (2 отдельные кровати),1,8.3,521.0,2395,Москва,75.0,2026-09-27 07:43:20.619,4.0,4.1,365.0,business-hotel,Москва,январь,moscow_january.xlsx,7,12700.0,0-2 км,8-9,10
"Шоссе Энтузиастов, д. 9, Москва",2027-01-02,2027-01-09,Москва,Россия,RUB,5.9086876,False,False,False,stayway_aviamotornaya_hotel,True,False,Hotel,55.7511,37.711807,13432738,True,28260.0,4037,Отель Stay Way Авиамоторная,Stayway Aviamotornaya Hotel,Авиамоторная (Калининская),305.0,,294.82,28260.0,336.13,RUB,False,,False,nomeal,28260.0,294.82,4037,28260.0,336.13,Двухместный номер без окна Economy (общая ванная комната) (двуспальная кровать) (без окна),1,8.0,268.0,2395,Москва,20.0,2026-09-27 07:43:20.619,,,,,Москва,январь,moscow_january.xlsx,7,4037.1428571428573,5-10 км,7-8,10
"Международное шоссе, вл. 3, Химки",2027-01-02,2027-01-09,Химки,Россия,RUB,26.144835,True,False,False,novotel_moskva_sheremetevo,False,False,Hotel,55.9622,37.416237,7590072,,69825.0,9975,Отель Novotel Москва Аэропорт Шереметьево,Novotel Aeroport Sheremetevo Hotel,,,40.0,728.44,69825.0,830.51,RUB,True,2027-01-01T21:00:00Z,False,nomeal,69825.0,728.44,9975,69825.0,830.51,Двухместный номер Standard (2 отдельные кровати),1,8.7,2190.0,179603,Химки,493.0,2026-09-27 07:43:20.619,4.0,3.9,1627.0,,Москва,январь,moscow_january.xlsx,7,9975.0,20+ км,8-9,10
"Ленинградский пр-кт, д. 37, корп. 8, Москва",2027-01-02,2027-01-09,Москва,Россия,RUB,6.1449695,True,False,False,ibis_moscow_dynamo,False,False,Hotel,55.79227,37.543694,6298912,True,41930.5,5990,Отель Ibis Москва Динамо,ibis Moscow Dynamo Hotel,Петровский парк,837.0,90.0,437.43,41930.5,498.73,RUB,True,2026-12-03T12:00:00Z,False,nomeal,41930.5,437.43,5990,41930.5,498.73,Двухместный номер Standard (двуспальная кровать),1,8.4,838.0,2395,Москва,317.0,2026-09-27 07:43:20.619,3.0,4.1,525.0,,Москва,январь,moscow_january.xlsx,7,5990.071428571428,5-10 км,8-9,10
"улица Петровка, д. 17, строение 1, Москва",2027-01-02,2027-01-09,Москва,Россия,RUB,0.94000924,True,False,False,p_17_hotel,True,False,Boutique_and_Design,55.764286,37.616302,9741283,True,71910.0,10273,Бутик-Отель П 17 / P 17 Hotel,P 17 Otel / P 17 Boutique Hotel,Трубная,538.0,,750.19,71910.0,855.31,RUB,True,2027-01-01T21:00:00Z,False,nomeal,71910.0,750.19,10273,71910.0,855.31,Двухместный номер Стандартный (двуспальная кровать),1,9.6,143.0,2395,Москва,19.0,2026-09-27 07:43:20.619,4.0,,,awarded-hotel,Москва,январь,moscow_january.xlsx,7,10272.857142857143,0-2 км,9+,10
"улица Татищева д. 3, помещ. 1Б/1, Москва",2027-01-02,2027-01-09,Москва,Россия,RUB,4.4709306,True,False,False,avtor_shabolovskaya_hotel,True,False,Hotel,55.71564,37.615883,13395628,True,48468.0,6924,Отель Автор Шаболовская,Avtor Shabolovskaya Hotel,Шаболовская,619.0,,505.64,48468.0,576.49,RUB,True,2026-12-28T10:30:00Z,False,nomeal,48468.0,505.64,6924,48468.0,576.49,Двухместный номер (Без окна) Economy (общая ванная комната) (двуспальная кровать) (без окна),1,9.1,133.0,2395,Москва,15.0,2026-09-27 07:43:23.322,,,,,Москва,январь,moscow_january.xlsx,7,6924.0,2-5 км,9+,10
"проезд Гостиничный, д. 8/1, Москва",2027-01-02,2027-01-09,Москва,Россия,RUB,10.345173,True,False,False,sherston_okruzhnaya_apart_hotel,True,False,Aparthotel,55.845978,37.576096,10440368,True,48300.0,6900,Апарт-отель Шерстон,Sherston Apart-hotel,Окружная (Люблинско-Дмитровская),150.0,,503.88,48300.0,574.49,RUB,True,2027-01-01T23:00:00Z,False,nomeal,48300.0,503.88,6900,48300.0,574.49,Студия с кухней Мансарда (диван) (кухня),1,7.8,1148.0,2395,Москва,13.0,2026-09-27 07:43:23.322,3.0,,,,Москва,январь,moscow_january.xlsx,7,6900.0,10-20 км,7-8,10
"Дурасовский переулок, д. 7, стр. 1, Москва",2027-01-02,2027-01-09,Москва,Россия,RUB,2.0362914,True,True,False,ermitazh_otel,True,False,Hotel,55.75459,37.650185,7853735,True,65450.0,9350,Эрмитаж Отель,Ermitage Hotel,Чкаловская,588.0,,682.8,65450.0,778.47,RUB,True,2026-12-31T11:00:00Z,True,breakfast,65450.0,682.8,9350,65450.0,778.47,Двухместный номер Стандарт (2 отдельные кровати),1,8.2,699.0,2395,Москва,96.0,2026-09-27 07:43:23.322,4.0,3.1,142.0,historic-hotel,Москва,январь,moscow_january.xlsx,7,9350.0,2-5 км,8-9,10
"Улица Лесная, д.20 стр.2, Москва",2027-01-02,2027-01-09,Москва,Россия,RUB,3.0363686,True,False,False,minima_belorusskaya_hotel,True,False,Hotel,55.7789,37.591576,6959324,True,46430.0,6633,Отель Минима Белорусская,Minima Belorusskaya Hotel,Менделеевская,552.0,,484.37,46430.0,552.25,RUB,True,2027-01-01T11:00:00Z,False,nomeal,46430.0,484.37,6633,46430.0,552.25,Двухместный номер Стандартный (двуспальная кровать) (кровать queen size),1,8.1,330.0,2395,Москва,60.0,2026-09-27 07:43:23.322,3.0,3.4,46.0,,Москва,январь,moscow_january.xlsx,7,6632.857142857143,2-5 км,8-9,10
"проспект Ленинский, д.158, к.640, Москва",2027-01-02,2027-01-09,Москва,Россия,RUB,14.363593,True,False,True,fortestate_aparthotel,True,False,Hotel,55.651188,37.483105,13644118,True,65000.0,9286,Отель FortEstate,FortEstate Hotel,Тропарёво,890.0,,678.1,65000.0,773.12,RUB,True,2027-01-01T12:00:00Z,False,nomeal,65000.0,678.1,9286,65000.0,773.12,Апартаменты c 1 комнатой с видом на город (двуспальная кровать),1,8.1,36.0,2395,Москва,2.0,2026-09-27 07:43:23.322,,,,,Москва,январь,moscow_january.xlsx,7,9285.714285714286,10-20 км,8-9,10
"улица Фридриха Энгельса, д. 20, строение 1, Москва",2027-01-02,2027-01-09,Москва,Россия,RUB,4.483649,True,False,False,iudzhin_otel,True,False,Hotel,55.772373,37.68314,7804375,True,68250.0,9750,Отель Юджин,Eugene Hotel,Бауманская,258.0,,712.01,68250.0,811.78,RUB,True,2026-12-26T11:00:00Z,False,nomeal,68250.0,712.01,9750,68250.0,811.78,Двухместный номер Standard (двуспальная кровать),1,8.3,288.0,2395,Москва,33.0,2026-09-27 07:43:23.322,3.0,3.4,57.0,,Москва,январь,moscow_january.xlsx,7,9750.0,2-5 км,8-9,10
"проспект Ленинский, д. 158, Москва",2027-01-02,2027-01-09,Москва,Россия,RUB,14.363593,True,False,False,salyut_aparthotel,True,False,Hotel,55.651188,37.483105,11176521,True,68425.0,9775,Отель Ваш Салют Апарт,Vash Salut Apart Hotel,Тропарёво,890.0,,713.83,68425.0,813.86,RUB,True,2027-01-01T11:00:00Z,False,nomeal,68425.0,713.83,9775,68425.0,813.86,Двухместный номер Комфорт (двуспальная кровать),1,8.5,547.0,2395,Москва,109.0,2026-09-27 07:43:23.322,4.0,,,,Москва,январь,moscow_january.xlsx,7,9775.0,10-20 км,8-9,10
"2-я Рощинская улица, 10, Москва",2027-01-02,2027-01-09,Москва,Россия,RUB,5.1406536,True,False,True,butikotel_tulskii,True,False,Boutique_and_Design,55.709698,37.61239,10459862,True,50895.0,7271,Бутик-отель Тульский,Butik-Otel Tulskiy,Тульская,650.0,,530.95,50895.0,605.35,RUB,True,2027-01-02T00:00:00Z,False,nomeal,50895.0,530.95,7271,50895.0,605.35,Студия с диваном,1,7.7,301.0,2395,Москва,13.0,2026-09-27 07:43:23.322,3.0,,,,Москва,январь,moscow_january.xlsx,7,7270.714285714285,5-10 км,7-8,10
"Павелецкая площадь, д. 1а, стр.1, Москва",2027-01-02,2027-01-09,Москва,Россия,RUB,3.192219,True,False,False,new_city_inn_hotel,True,False,Hotel,55.7298,37.639168,9290790,True,40908.0,5844,Отель New City Inn,New City Inn Hotel,Павелецкая (Кольцевая),32.0,,426.77,40908.0,486.57,RUB,True,2027-01-01T21:00:00Z,False,nomeal,40908.0,426.77,5844,40908.0,486.57,Двухместный номер Standard (двуспальная кровать) (кровать queen size),1,8.0,1025.0,2395,Москва,51.0,2026-09-27 07:43:23.322,3.0,2.9,25.0,,Москва,январь,moscow_january.xlsx,7,5844.0,2-5 км,7-8,10
"Улица Шереметьевская, д. 6, к. 1, Москва",2027-01-02,2027-01-09,Москва,Россия,RUB,4.39714,True,False,False,raikin_plaza_hotel,False,False,Hotel,55.795433,37.61714,7930655,True,61600.0,8800,Отель Райкин Плаза,Hotel Rajkin Plaza,Марьина роща (Большая Кольцевая),142.0,,642.63,61600.0,732.68,RUB,True,2027-01-01T11:00:00Z,False,nomeal,61600.0,642.63,8800,61600.0,732.68,Двухместный номер Стандарт (2 отдельные кровати),1,8.8,292.0,2395,Москва,54.0,2026-09-27 07:43:23.322,4.0,4.3,160.0,,Москва,январь,moscow_january.xlsx,7,8800.0,2-5 км,8-9,8
"Старопименовский переулок, д. 11/6, Москва",2027-01-02,2027-01-09,Москва,Россия,RUB,1.821119,True,False,False,miniotel_sleepy_tom,True,False,Boutique_and_Design,55.770054,37.603127,6297673,True,93660.0,13380,Бутик-отель Тверской,Tverskoy Boutique Hotel,Маяковская,436.0,,977.09,93660.0,1114.01,RUB,True,2027-01-01T11:00:00Z,False,nomeal,93660.0,977.09,13380,93660.0,1114.01,Двухместный номер Стандартный с видом на город (двуспальная кровать),1,8.9,405.0,2395,Москва,11.0,2026-09-27 07:43:23.322,4.0,,,awarded-hotel,Москва,январь,moscow_january.xlsx,7,13380.0,0-2 км,8-9,10
"переулок Большой Власьевский, д. 14/2, Москва",2027-01-02,2027-01-09,Москва,Россия,RUB,1.9241186,True,False,False,vinterfell_na_starom_arbate_hotel,True,False,Hotel,55.74661,37.591694,9210217,True,43030.0,6147,Отель Винтерфелл  Старый Арбат,Hotel Winterfell Stary Arbat,Смоленская (Арбатско-Покровская),506.0,,448.9,43030.0,511.8,RUB,True,2027-01-01T11:00:00Z,False,nomeal,43030.0,448.9,6147,43030.0,511.8,Трёхместный номер Бюджетный (общая ванная комната) (двуспальная кровать и односпальная кровать) (без окна),1,8.5,108.0,2395,Москва,30.0,2026-09-27 07:43:23.322,,,,,Москва,январь,moscow_january.xlsx,7,6147.142857142857,0-2 км,8-9,10
"улица Расковой, д.24, стр.4, Москва",2027-01-02,2027-01-09,Москва,Россия,RUB,4.4393034,True,False,False,buddotel_moskva,True,False,Hotel,55.788185,37.575954,6518015,True,71090.0,10156,Отель БуддОтель,BuddHotel Hotel,Савёловская,990.0,,741.64,71090.0,845.55,RUB,True,2026-12-30T10:30:00Z,False,nomeal,71090.0,741.64,10156,71090.0,845.55,Двухместный номер Deluxe (двуспальная кровать),1,8.6,512.0,2395,Москва,37.0,2026-09-27 07:43:23.322,3.0,3.7,60.0,,Москва,январь,moscow_january.xlsx,7,10155.714285714286,2-5 км,8-9,10
"115035 Москва, Космодамианская наб. д. 40-42, стр. 3 помещение. 1/1, Москва",2027-01-02,2027-01-09,Москва,Россия,RUB,2.622,True,False,False,croissant_bakery_and_hotel,True,False,Hostel,55.73776,37.644585,6656198,True,21094.0,3013,Хостел Автор Павелецкая,Avtor Paveleckaya Hostel,Таганская (Таганско-Краснопресненская),574.0,,220.06,21094.0,250.9,RUB,True,2026-12-30T09:00:00Z,False,nomeal,21094.0,220.06,3013,21094.0,250.9,Капсула Classic (общая ванная комната) (двуспальная кровать),1,8.6,474.0,2395,Москва,10.0,2026-09-27 07:43:23.322,,,,,Москва,январь,moscow_january.xlsx,7,3013.4285714285716,2-5 км,8-9,10
"Ленинградский проспект, д.47, стр 2, Москва",2027-01-02,2027-01-09,Москва,Россия,RUB,7.159594,True,False,False,city_otel_2,True,False,Hotel,55.798847,37.532356,10360572,True,58800.0,8400,Отель Сити отель,Hotel Siti hotel,Аэропорт,160.0,,613.42,58800.0,699.38,RUB,True,2026-12-30T11:00:00Z,False,nomeal,58800.0,613.42,8400,58800.0,699.38,Двухместный номер Стандарт (2 отдельные кровати),1,8.5,117.0,2395,Москва,34.0,2026-09-27 07:43:23.322,,,,,Москва,январь,moscow_january.xlsx,7,8400.0,5-10 км,8-9,10
"Зубовская площадь, 3 строение 1, Москва",2027-01-02,2027-01-09,Москва,Россия,RUB,2.8337016,True,False,False,hotel_maidens_hotel,True,False,Hotel,55.737904,37.585533,13100159,True,141036.0,20148,Отель Maidens Hotel,Hotel Maidens Hotel,Парк культуры (Сокольническая),563.0,,1471.34,141036.0,1677.5,RUB,True,2027-01-01T21:00:00Z,False,nomeal,141036.0,1471.34,20148,141036.0,1677.5,Двухместный номер Premium с видом на внутренний двор (двуспальная кровать) (кровать king size),1,9.7,72.0,2395,Москва,118.0,2026-09-27 07:43:23.322,5.0,,,awarded-hotel,Москва,январь,moscow_january.xlsx,7,20148.0,2-5 км,9+,10
"Измайловское шоссе, д.71 А, Москва",2027-01-02,2027-01-09,Москва,Россия,RUB,9.061582,True,False,False,izmailovo_alpha_hotel,True,False,Hotel,55.78983,37.749504,7467385,True,59941.0,8563,Гостиница Альфа Измайлово,Alpha Izmailovo Hotel,Партизанская,157.0,,625.33,59941.0,712.95,RUB,True,2027-01-01T09:00:00Z,False,nomeal,59941.0,625.33,8563,59941.0,712.95,Двухместный номер Стандарт (2 отдельные кровати),1,8.8,1320.0,2395,Москва,985.0,2026-09-27 07:43:23.322,4.0,,,,Москва,январь,moscow_january.xlsx,7,8563.0,5-10 км,8-9,10
"Новинский Бульвар, д. 8, стр. 2, Москва",2027-01-02,2027-01-09,Москва,Россия,RUB,2.2167215,True,False,True,lotte_otel_moskva,True,False,Hotel,55.750134,37.583744,7382812,True,336000.0,48000,Лотте Отель Москва,Lotte Hotel Moscow,Смоленская (Филёвская),242.0,1236.0,3505.27,336000.0,3996.43,RUB,True,2027-01-01T21:00:00Z,False,nomeal,336000.0,3505.27,48000,336000.0,3996.43,Двухместный номер Супериор (двуспальная кровать) (кровать king size),1,9.4,1463.0,2395,Москва,304.0,2026-09-27 07:43:23.322,5.0,4.8,1386.0,awarded-hotel,Москва,январь,moscow_january.xlsx,7,48000.0,2-5 км,9+,10
"улица Николоямская, д. 38/23, Москва",2027-01-02,2027-01-09,Москва,Россия,RUB,2.7345965,True,False,True,otel_the_rooms,True,False,Hotel,55.747063,37.658535,8169297,True,75537.0,10791,Бутик-отель Румс,Rooms Butik Hotel,Таганская (Кольцевая),613.0,,788.03,75537.0,898.45,RUB,True,2027-01-01T11:00:00Z,False,nomeal,75537.0,788.03,10791,75537.0,898.45,Двухместный номер Бизнес-класса (двуспальная кровать),1,8.5,241.0,2395,Москва,62.0,2026-09-27 07:43:23.322,5.0,,,,Москва,январь,moscow_january.xlsx,7,10791.0,2-5 км,8-9,10
"улица Ольховская, д.23, Москва",2027-01-02,2027-01-09,Москва,Россия,RUB,3.7774396,True,False,True,mandarin_moscow_hotel,True,False,Hotel,55.77474,37.667953,7467339,True,63015.0,9002,Отель Мандарин Москва,Mandarin Moskva Hotel,Красносельская,581.0,,657.39,63015.0,749.51,RUB,True,2026-12-31T21:00:00Z,False,nomeal,63015.0,657.39,9002,63015.0,749.51,Двухместный номер Budget с ограниченным видом (двуспальная кровать),1,8.0,895.0,2395,Москва,165.0,2026-09-27 07:43:23.322,4.0,,,,Москва,январь,moscow_january.xlsx,7,9002.142857142857,2-5 км,7-8,10
"Аэропорт Домодедово, строение 6, Москва",2027-01-02,2027-01-09,Москва,Россия,RUB,41.197697,False,False,True,aerootel_domodedovo,True,False,Hotel,55.42015,37.89609,7758809,,31920.0,4560,Отель Аэротель Домодедово ZONT Hotel Group,Airhotel Domodedovo by ZONT Hotel Group Hotel,,,,333.0,31920.0,379.66,RUB,False,,False,nomeal,31920.0,333.0,4560,31920.0,379.66,Двухместный номер Эконом (2 отдельные кровати),1,8.8,1446.0,2395,Москва,299.0,2026-09-27 07:43:25.721,3.0,3.7,755.0,,Москва,январь,moscow_january.xlsx,7,4560.0,20+ км,8-9,10
"Кутузовский пр-т, д. 2/1 стр.1, Москва",2027-01-02,2027-01-09,Москва,Россия,RUB,3.29003,True,False,True,radisson_collection_hotel_moscow,True,False,Hotel,55.751507,37.56566,8876782,True,146700.0,20957,Гостиница Radisson Collection Москва,"Radisson Collection Hotel, Moscow",Киевская (Арбатско-Покровская),827.0,18.0,1530.43,146700.0,1744.87,RUB,True,2027-01-01T21:00:00Z,False,nomeal,146700.0,1530.43,20957,146700.0,1744.87,Двухместный номер Коллекшен Супериор (2 отдельные кровати) (тип кровати может измениться),1,9.4,2256.0,2395,Москва,501.0,2026-09-27 07:43:25.721,5.0,4.5,2000.0,awarded-hotel,Москва,январь,moscow_january.xlsx,7,20957.14285714286,2-5 км,9+,10
"Щербаковская улица, д.57а, помещ. 1, Москва",2027-01-02,2027-01-09,Москва,Россия,RUB,8.273363,True,False,False,izmajlovskij_park_aparthotel,True,False,Aparthotel,55.783554,37.740562,9761076,True,39590.0,5656,Апарт-отель Измайловский парк,Izmajlovskij Park Apart-hotel,Измайлово,616.0,,413.02,39590.0,470.89,RUB,True,2027-01-01T12:00:00Z,False,nomeal,39590.0,413.02,5656,39590.0,470.89,Номер Standard с диваном,1,8.9,1048.0,2395,Москва,184.0,2026-09-27 07:43:25.721,3.0,4.0,4.0,awarded-hotel,Москва,январь,moscow_january.xlsx,7,5655.714285714285,5-10 км,8-9,10
"Малая Грузинская улица, д.3/9, Москва",2027-01-02,2027-01-09,Москва,Россия,RUB,3.0166276,True,False,False,bookhome_hotel,True,False,Hotel,55.76292,37.57111,13098597,True,40089.0,5727,Отель Апарт-отель Студии на Пресне,Apart-otel Studii na Presne Hotel,Краснопресненская (Кольцевая),487.0,,418.22,40089.0,476.82,RUB,True,2026-12-31T11:00:00Z,False,nomeal,40089.0,418.22,5727,40089.0,476.82,"Двухместный номер Стандарт (двуспальная кровать) (кровать queen size, кухня)",1,8.2,77.0,2395,Москва,22.0,2026-09-27 07:43:25.721,,,,,Москва,январь,moscow_january.xlsx,7,5727.0,2-5 км,8-9,8
"улица Гостиничная, дом 4, корпус 9, Москва",2027-01-02,2027-01-09,Москва,Россия,RUB,10.007773,True,False,False,maxima_zarya_hotel,True,False,Hotel,55.843525,37.580948,7597075,True,44025.0,6289,Отель Максима Заря,Maxima Zarya Hotel,Окружная (Люблинско-Дмитровская),531.0,,459.28,44025.0,523.64,RUB,True,2027-01-01T21:00:00Z,False,nomeal,44025.0,459.28,6289,44025.0,523.64,Двухместный номер Standard (двуспальная кровать),1,8.7,739.0,2395,Москва,192.0,2026-09-27 07:43:25.721,3.0,3.9,363.0,,Москва,январь,moscow_january.xlsx,7,6289.285714285715,10-20 км,8-9,10
"Большой бульвар, 56, Москва",2027-01-02,2027-01-09,Москва,Россия,RUB,19.054388,True,False,False,hotel_chyornaya_smorodina_skolkovo,True,False,Hotel,55.682205,37.342777,13920346,,56259.0,8037,Отель Чёрная Смородина Сколково,Chyornaya Smorodina Skolkovo Hotel,Боровское шоссе,4222.0,,586.91,56259.0,669.15,RUB,True,2027-01-01T12:00:00Z,False,nomeal,56259.0,586.91,8037,56259.0,669.15,Двухместный номер Standard (2 отдельные кровати),1,9.6,7.0,2395,Москва,165.0,2026-09-27 07:43:25.721,4.0,,,,Москва,январь,moscow_january.xlsx,7,8037.0,10-20 км,9+,10
"Улица Нагорная, д.5, корп.1, Москва",2027-01-02,2027-01-09,Москва,Россия,RUB,8.267842,True,False,True,brusnika,True,False,Mini-hotel,55.681534,37.61176,6376673,True,20524.0,2932,Мини-Отель Брусника,Brusnika Mini-Hotel,Нагатинская,693.0,,214.11,20524.0,244.12,RUB,True,2026-12-30T11:00:00Z,False,nomeal,20524.0,214.11,2932,20524.0,244.12,Двухместный номер Economy (двуспальная кровать) (без окна),1,8.2,150.0,2395,Москва,10.0,2026-09-27 07:43:25.721,,2.5,2.0,,Москва,январь,moscow_january.xlsx,7,2932.0,5-10 км,8-9,10
"3-я Хорошёвская улица, д.23А, Москва",2027-01-02,2027-01-09,Москва,Россия,RUB,8.210652,True,True,False,anisstayl_moskva_oktyabryskoye_pole_aparthotel,True,False,Aparthotel,55.78664,37.498276,10437053,True,70734.0,10105,Апарт-отель Анис Стайл Москва Октябрьское Поле,Anis Style Moscow Oktyabrskoye Pole Apart-hotel,Зорге,426.0,,737.92,70734.0,841.32,RUB,True,2027-01-01T11:00:00Z,True,breakfast,70734.0,737.92,10105,70734.0,841.32,Двухместная студия (двуспальная кровать),1,8.7,297.0,2395,Москва,163.0,2026-09-27 07:43:25.721,4.0,,,,Москва,январь,moscow_january.xlsx,7,10104.857142857143,5-10 км,8-9,10
"Никольская ул., 12, Москва",2027-01-02,2027-01-09,Москва,Россия,RUB,0.59216225,True,False,False,the_st_regis_moscow_nikolskaya,True,False,Hotel,55.758934,37.62544,7710430,True,249900.0,35700,Отель The St. Regis Moscow Nikolskaya,The St. Regis Moscow Nikolskaya Hotel,Лубянка,122.0,1.0,2607.04,249900.0,2972.35,RUB,True,2027-01-01T21:00:00Z,False,nomeal,249900.0,2607.04,35700,249900.0,2972.35,Двухместный номер Мансардный (2 отдельные кровати),1,9.0,1003.0,2395,Москва,209.0,2026-09-27 07:43:25.721,5.0,4.5,861.0,awarded-hotel,Москва,январь,moscow_january.xlsx,7,35700.0,0-2 км,8-9,10
"улица Воронцовская, д. 20, Москва",2027-01-02,2027-01-09,Москва,Россия,RUB,3.2153282,True,False,False,spektrcity_taganskaya_hotel,True,False,Hotel,55.737324,37.65717,11024207,True,60116.0,8588,Отель Spektrcity Taganskaya,Spektrcity Taganskaya Hotel,Таганская (Таганско-Краснопресненская),345.0,,627.15,60116.0,715.03,RUB,True,2027-01-01T10:00:00Z,False,nomeal,60116.0,627.15,8588,60116.0,715.03,Двухместный номер Стандарт (двуспальная кровать),1,9.0,310.0,2395,Москва,62.0,2026-09-27 07:43:25.721,3.0,4.2,43.0,,Москва,январь,moscow_january.xlsx,7,8588.0,2-5 км,8-9,10
"Tverskaya Street, 9Ас5, Москва",2027-01-02,2027-01-09,Москва,Россия,RUB,0.66979337,True,False,False,akosterev_hotel,False,False,Hotel,55.759705,37.609444,9291986,True,53410.0,7630,Отель A.Kosterev,A.Kosterev Hotel,Охотный ряд,534.0,,557.19,53410.0,635.27,RUB,True,2027-01-02T11:00:00Z,False,nomeal,53410.0,557.19,7630,53410.0,635.27,Двухместный номер Economy (общая ванная комната) (двухъярусная кровать),1,8.5,284.0,2395,Москва,57.0,2026-09-27 07:43:25.721,2.0,2.9,20.0,,Москва,январь,moscow_january.xlsx,7,7630.0,0-2 км,8-9,10
"улица Дурова, д. 36, Москва",2027-01-02,2027-01-09,Москва,Россия,RUB,2.6319625,True,False,False,butik__otel_mira,True,False,Hotel,55.778267,37.631363,6743374,True,61600.0,8800,Отель Мира,Mira Hotel,Проспект Мира (Кольцевая),411.0,,642.63,61600.0,732.68,RUB,True,2027-01-01T11:00:00Z,False,nomeal,61600.0,642.63,8800,61600.0,732.68,Двухместный номер Economy (двуспальная кровать),1,8.4,101.0,2395,Москва,15.0,2026-09-27 07:43:25.721,3.0,4.1,23.0,,Москва,январь,moscow_january.xlsx,7,8800.0,2-5 км,8-9,10
"улица Бауманская, д.58/3с5, Москва",2027-01-02,2027-01-09,Москва,Россия,RUB,3.9475853,True,False,False,gregori_hotel,False,False,Hotel,55.767677,37.677246,13647491,True,53520.0,7646,Отель Грегори,Gregori Hotel,Бауманская,539.0,,558.34,53520.0,636.57,RUB,True,2026-12-30T10:30:00Z,False,nomeal,53520.0,558.34,7646,53520.0,636.57,Двухместный номер Стандарт (двуспальная кровать),1,9.2,61.0,2395,Москва,43.0,2026-09-27 07:43:25.721,4.0,4.6,36.0,,Москва,январь,moscow_january.xlsx,7,7645.714285714285,2-5 км,9+,10
"Дегтярный переулок, д. 8/2, Москва",2027-01-02,2027-01-09,Москва,Россия,RUB,1.5997856,True,False,False,russkie_sezonyi,True,False,Boutique_and_Design,55.768223,37.604576,8848163,True,92857.0,13265,Бутик-Отель Регул,Regul Boutique Hotel,Пушкинская,320.0,1690.0,968.72,92857.0,1104.45,RUB,True,2026-12-31T21:00:00Z,False,nomeal,92857.0,968.72,13265,92857.0,1104.45,Двухместный номер Стандарт (двуспальная кровать) (тип кровати может измениться),1,9.2,96.0,2395,Москва,15.0,2026-09-27 07:43:25.721,5.0,4.6,45.0,awarded-hotel,Москва,январь,moscow_january.xlsx,7,13265.285714285714,0-2 км,9+,10
"ул Арбат, д. 4, стр. 1, помещ. 1/12, Москва",2027-01-02,2027-01-09,Москва,Россия,RUB,1.2705204,True,False,False,boxtel_hostel,True,False,Hostel,55.75205,37.598545,8446915,True,18701.0,2672,Хостел Бокстэл,Bokstel Hostel,Арбатская (Филёвская),186.0,,195.1,18701.0,222.43,RUB,True,2026-12-31T11:00:00Z,False,nomeal,18701.0,195.1,2672,18701.0,222.43,Капсула Superior (общая ванная комната),1,8.3,334.0,2395,Москва,5.0,2026-09-27 07:43:25.721,,3.9,27.0,,Москва,январь,moscow_january.xlsx,7,2671.5714285714284,0-2 км,8-9,10
"улица Покровка, д. 10, стр. 1, Москва",2027-01-02,2027-01-09,Москва,Россия,RUB,1.6541575,True,False,True,axismoscow_heritage_aparthotel,True,False,Boutique_and_Design,55.758923,37.64359,11292139,True,79091.0,11299,Бутик-отель Axis.Moscow Heritage,Axis.Moscow Heritage Boutique Hotel,Чистые пруды,722.0,,825.11,79091.0,940.72,RUB,True,2026-12-26T12:00:00Z,False,nomeal,79091.0,825.11,11299,79091.0,940.72,Двухместный Mini (двуспальная кровать),1,9.3,132.0,2395,Москва,36.0,2026-09-27 07:43:25.721,4.0,,,awarded-hotel,Москва,январь,moscow_january.xlsx,7,11298.714285714286,0-2 км,9+,10
"Электрический переулок,  д. 3/10 стр 1, Москва",2027-01-02,2027-01-09,Москва,Россия,RUB,3.1819324,True,False,False,kapuchino_hotel,False,False,Hotel,55.77229,37.576008,9292008,True,50841.0,7263,Капучино Отель,Kapuchino Hotel,Белорусская (Замоскворецкая),656.0,,530.39,50841.0,604.71,RUB,True,2027-01-01T09:00:00Z,False,nomeal,50841.0,530.39,7263,50841.0,604.71,Двухместный номер Эконом (двуспальная кровать),1,8.3,161.0,2395,Москва,21.0,2026-09-27 07:43:25.721,3.0,,,,Москва,январь,moscow_january.xlsx,7,7263.0,2-5 км,8-9,5
"Митинская 16, Москва",2027-01-02,2027-01-09,Москва,Россия,RUB,18.041065,True,False,False,apart_hotel_yes,True,False,Aparthotel,55.842438,37.37335,8737542,True,105020.0,15003,Апарт-отель Yes Митино,Yes Mitino Apart-hotel,Митино,864.0,,1095.61,105020.0,1249.12,RUB,True,2027-01-01T21:00:00Z,False,nomeal,105020.0,1095.61,15003,105020.0,1249.12,Двухместный номер Стандарт (первая категория) (двуспальная кровать),1,8.4,364.0,2395,Москва,211.0,2026-09-27 07:43:25.721,3.0,2.5,18.0,,Москва,январь,moscow_january.xlsx,7,15002.857142857143,10-20 км,8-9,6
"Съезжинский переулок, д.10, строение 5, Москва",2027-01-02,2027-01-09,Москва,Россия,RUB,3.6192708,True,True,False,osobnyak_na_syezzhinskom_apartments_2,True,False,Hotel,55.748096,37.673904,10213247,True,103600.0,14800,Отель Особняк 1830,Osobnyak 1830 Hotel,Площадь Ильича,437.0,,1080.79,103600.0,1232.23,RUB,True,2027-01-01T12:00:00Z,True,breakfast,103600.0,1080.79,14800,103600.0,1232.23,Двухместный номер Стандартный (двуспальная кровать),1,9.7,70.0,2395,Москва,33.0,2026-09-27 07:43:25.721,4.0,,,awarded-hotel,Москва,январь,moscow_january.xlsx,7,14800.0,2-5 км,9+,10
"Головинское шоссе, д.8к2А, Москва",2027-01-02,2027-01-09,Москва,Россия,RUB,12.048252,True,False,False,wellion_vodny_hotel,True,False,Hotel,55.838516,37.49286,8854273,True,42310.0,6044,Отель Веллион Водный,Vellion Vodnyij Hotel,Водный стадион,434.0,,441.39,42310.0,503.24,RUB,True,2027-01-01T11:00:00Z,False,nomeal,42310.0,441.39,6044,42310.0,503.24,Одноместный номер Стандартный с видом на город (дополнительная кровать не включена),1,8.4,105.0,2395,Москва,53.0,2026-09-27 07:43:25.721,3.0,4.1,19.0,,Москва,январь,moscow_january.xlsx,7,6044.285714285715,10-20 км,8-9,10
"улица Садовая-Каретная, д. 20, стр. 1 помещение. 1/4, Москва",2027-01-02,2027-01-09,Москва,Россия,RUB,1.949243,True,False,False,na_tsvetnom_bulvare_minihotel_2,True,False,Mini-hotel,55.772896,37.61024,10658281,True,33093.0,4728,Мини-отель Stay Way на Цветном Бульваре,StayWay Na Tsvetnom Bulvare Mini-Hotel,Цветной бульвар,689.0,,345.24,33093.0,393.61,RUB,True,2027-01-01T10:30:00Z,False,nomeal,33093.0,345.24,4728,33093.0,393.61,Двухместный номер без окна Economy (общая ванная комната) (двуспальная кровать) (без окна),1,7.4,319.0,2395,Москва,42.0,2026-09-27 07:43:27.840,,,,,Москва,январь,moscow_january.xlsx,7,4727.571428571428,0-2 км,7-8,7
"пл. Киевского вокзала, д.1, Москва",2027-01-02,2027-01-09,Москва,Россия,RUB,3.5467904,False,False,True,otel_gorod,True,False,Hotel,55.742687,37.566044,6450776,True,43539.0,6220,ГородОтель на Киевском,GorodOtel' na Kievskom Hotel,Киевская (Кольцевая),97.0,,454.21,43539.0,517.86,RUB,False,,False,nomeal,43539.0,454.21,6220,43539.0,517.86,Двухместный номер Бюджет (общая ванная комната) (2 отдельные кровати),1,7.8,157.0,2395,Москва,22.0,2026-09-27 07:43:27.840,2.0,3.5,30.0,,Москва,январь,moscow_january.xlsx,7,6219.857142857143,2-5 км,7-8,6
"улица Покровка, д. 6, помещ. 1/Н, Москва",2027-01-02,2027-01-09,Москва,Россия,RUB,1.553851,True,False,False,pokrovka_6_hotel,True,False,Hotel,55.75869,37.642036,8742888,True,58320.0,8331,Отель Покровка 6,Pokrovka 6 Hotel,Чистые пруды,711.0,,608.41,58320.0,693.67,RUB,True,2026-12-31T11:00:00Z,False,nomeal,58320.0,608.41,8331,58320.0,693.67,"Двухместный номер Небольшой без окна (двуспальная кровать) (без окна, небольшая площадь)",1,9.4,475.0,2395,Москва,45.0,2026-09-27 07:43:27.840,3.0,4.9,122.0,awarded-hotel,Москва,январь,moscow_january.xlsx,7,8331.42857142857,0-2 км,9+,10
"Новоясеневский проспект, д.1 Б, корп. 1, Москва",2027-01-02,2027-01-09,Москва,Россия,RUB,16.805038,True,False,False,prince_park_hotel_,True,False,Hotel,55.617226,37.51051,6458819,True,52500.0,7500,Принц Парк Отель,Prince Park Hotel,Тёплый Стан,335.0,,547.7,52500.0,624.44,RUB,True,2027-01-01T21:00:00Z,False,nomeal,52500.0,547.7,7500,52500.0,624.44,Двухместный номер Стандарт (двуспальная кровать) (кровать queen size),1,7.6,423.0,2395,Москва,387.0,2026-09-27 07:43:27.840,4.0,3.8,219.0,,Москва,январь,moscow_january.xlsx,7,7500.0,10-20 км,7-8,10
"улица Новодмитровская, д. 2, к 7, Москва",2027-01-02,2027-01-09,Москва,Россия,RUB,5.4227676,True,False,False,v_neboskrebe_s_vidom_na_ostankinskuyu_bashnyu_apartments_1,False,True,Apartment,55.802464,37.591934,13382278,True,36499.0,5214,Апартаменты В Небоскребе с видом на Останкинскую башню 1,V Neboskrebe s vidom na Ostankinskuyu bashnyu Apartments 1,Дмитровская,921.0,,380.77,36499.0,434.12,RUB,True,2027-01-01T12:00:00Z,False,nomeal,36499.0,380.77,5214,36499.0,434.12,Двухместные апартаменты (двуспальная кровать),1,9.1,68.0,2395,Москва,,2026-09-27 07:43:27.840,,,,,Москва,январь,moscow_january.xlsx,7,5214.142857142857,5-10 км,9+,10
"Красноказарменная улица, д. 3а, Москва",2027-01-02,2027-01-09,Москва,Россия,RUB,4.580046,True,False,False,dynasty_hotel_lefortovo,False,False,Hotel,55.761562,37.690247,8853795,,29820.0,4260,Отель Династия Лефортово,Dinastiya Lefortovo Hotel,Лефортово,1096.0,,311.09,29820.0,354.68,RUB,True,2026-12-30T11:00:00Z,False,nomeal,29820.0,311.09,4260,29820.0,354.68,Двухместный номер Стандартный (двуспальная кровать) (в главном здании),1,8.0,286.0,2395,Москва,44.0,2026-09-27 07:43:27.840,3.0,3.4,17.0,,Москва,январь,moscow_january.xlsx,7,4260.0,2-5 км,7-8,10
"улица Амурская, д.62, Москва",2027-01-02,2027-01-09,Москва,Россия,RUB,12.554553,True,False,False,brusnika_schelkovskaya_minihotel,True,False,Mini-hotel,55.812763,37.791283,8481957,True,23091.0,3299,Мини гостиница Брусника Холдинг,Brusnika Holding Mini-hotel,Щёлковская,536.0,,240.89,23091.0,274.65,RUB,True,2026-12-26T11:00:00Z,False,nomeal,23091.0,240.89,3299,23091.0,274.65,Номер Эконом с окном (общая ванная комната) (диван),1,8.5,117.0,2395,Москва,9.0,2026-09-27 07:43:27.840,1.0,2.0,6.0,,Москва,январь,moscow_january.xlsx,7,3298.714285714286,10-20 км,8-9,10
"Улица Маросейка, д.2/15, Москва",2027-01-02,2027-01-09,Москва,Россия,RUB,0.9037607,True,False,False,otel_maroseika_215,False,False,Hotel,55.757084,37.63199,6686024,True,66045.0,9435,Отель Маросейка 2/15,Maroseyka 2/15 Hotel,Китай-город (Таганско-Краснопресненская),78.0,,689.0,66045.0,785.55,RUB,True,2026-12-30T11:00:00Z,False,nomeal,66045.0,689.0,9435,66045.0,785.55,Двухместный номер Стандартный (двуспальная кровать) (кровать queen size),1,9.0,809.0,2395,Москва,56.0,2026-09-27 07:43:27.840,3.0,4.4,205.0,awarded-hotel,Москва,январь,moscow_january.xlsx,7,9435.0,0-2 км,8-9,10
"улица Петровка, д. 26с8, помещ. 1Н, Москва",2027-01-02,2027-01-09,Москва,Россия,RUB,1.0644243,True,False,False,petrovka_26_boutiquehotel,True,False,Boutique_and_Design,55.76544,37.617844,10675430,True,125720.0,17960,Бутик-отель Петровка 26,Petrovka 26 Boutique-Hotel,Трубная,377.0,,1311.56,125720.0,1495.33,RUB,True,2027-01-01T21:00:00Z,False,nomeal,125720.0,1311.56,17960,125720.0,1495.33,Двухместный номер Стандартный (двуспальная кровать),1,9.4,132.0,2395,Москва,21.0,2026-09-27 07:43:27.840,5.0,4.6,7.0,awarded-hotel,Москва,январь,moscow_january.xlsx,7,17960.0,0-2 км,9+,10
"проезд Окружной, д. 10Б, Москва",2027-01-02,2027-01-09,Москва,Россия,RUB,8.757693,True,False,True,inchu_izmaylovskiy_park_apartments_3,True,False,Hotel,55.792774,37.741505,13163033,True,64621.0,9232,Апарт-отель INCHU Измайловский Парк,INCHU Izmailovsky Park Apartment hotel,Измайлово,441.0,,674.15,64621.0,768.61,RUB,True,2026-12-26T12:00:00Z,False,nomeal,64621.0,674.15,9232,64621.0,768.61,Трёхместный номер Standard с видом на внутренний двор (двуспальная кровать) (кровать queen size),1,9.5,114.0,2395,Москва,5.0,2026-09-27 07:43:27.840,,,,awarded-hotel,Москва,январь,moscow_january.xlsx,7,9231.57142857143,5-10 км,9+,10
"Милютинский пер., 2, Москва",2027-01-02,2027-01-09,Москва,Россия,RUB,1.085542,True,False,False,barin_residence_grand,False,False,Hotel,55.76145,37.63194,9157844,True,98700.0,14100,Отель Barin Residence Grand&Myasnitskaya,Barin Residence Grand&Myasnitskaya Hotel,Лубянка,385.0,,1029.67,98700.0,1173.95,RUB,True,2027-01-01T11:00:00Z,False,nomeal,98700.0,1029.67,14100,98700.0,1173.95,Двухместный номер Стандарт мансардный (двуспальная кровать),1,9.0,193.0,2395,Москва,26.0,2026-09-27 07:43:27.840,4.0,4.3,11.0,awarded-hotel,Москва,январь,moscow_january.xlsx,7,14100.0,0-2 км,8-9,10
"Новоостаповская улица, 20, подъезд 10, Москва",2027-01-02,2027-01-09,Москва,Россия,RUB,5.6039805,True,False,False,apartment_hotel_4_komnaty,True,False,Hotel,55.7239,37.686993,13901600,True,71898.0,10271,Отель 4 Комнаты,4 Komnaty Hotel,Волгоградский проспект,111.0,,750.07,71898.0,855.17,RUB,True,2027-01-01T12:00:00Z,False,nomeal,71898.0,750.07,10271,71898.0,855.17,Студия Superior с видом на город (двуспальная кровать),1,9.6,7.0,2395,Москва,18.0,2026-09-27 07:43:27.840,3.0,,,,Москва,январь,moscow_january.xlsx,7,10271.142857142857,5-10 км,9+,10
"Ленинградский проспект, д.32/2, Москва",2027-01-02,2027-01-09,Москва,Россия,RUB,4.4176164,True,False,True,sovetsky_historical_hotel,False,False,Hotel,55.78493,37.569485,7467335,True,51800.0,7400,Легендарный отель Советский,Legendary Hotel Sovietsky,Динамо,885.0,,540.4,51800.0,616.12,RUB,True,2027-01-01T21:00:00Z,False,nomeal,51800.0,540.4,7400,51800.0,616.12,Двухместный номер Standard (двуспальная кровать) (кровать queen size),1,8.6,519.0,2395,Москва,109.0,2026-09-27 07:43:27.840,4.0,3.9,329.0,historic-hotel,Москва,январь,moscow_january.xlsx,7,7400.0,2-5 км,8-9,10
"Пятницкое шоссе, д.18, помещение 2/1, Москва",2027-01-02,2027-01-09,Москва,Россия,RUB,17.608128,False,False,True,otel_mitino,True,False,Hotel,55.84375,37.383118,7467343,True,26460.0,3780,Отель Митино,Mitino Hotel,Волоколамская,920.0,,276.04,26460.0,314.72,RUB,False,,False,nomeal,26460.0,276.04,3780,26460.0,314.72,Двухместный номер Standard (двуспальная кровать) (в главном здании),1,8.0,145.0,2395,Москва,91.0,2026-09-27 07:43:27.840,3.0,,,,Москва,январь,moscow_january.xlsx,7,3780.0,10-20 км,7-8,10
"Староалексеевская улица, д.20, Москва",2027-01-02,2027-01-09,Москва,Россия,RUB,6.2307067,True,False,False,1_art_hotel,True,False,Hotel,55.809933,37.644108,9764903,True,62300.0,8900,1 Арт Отель,1 Art Hotel,Алексеевская,412.0,,649.94,62300.0,741.01,RUB,True,2027-01-01T11:00:00Z,False,nomeal,62300.0,649.94,8900,62300.0,741.01,Двухместный номер Comfort (2 отдельные кровати),1,9.1,340.0,2395,Москва,155.0,2026-09-27 07:43:27.840,4.0,4.8,93.0,awarded-hotel,Москва,январь,moscow_january.xlsx,7,8900.0,5-10 км,9+,10
"наб. Раушская, д. 4/5, стр. 1, Москва",2027-01-02,2027-01-09,Москва,Россия,RUB,1.012488,True,False,False,otel_troika_moskva,True,False,Hotel,55.748505,37.627247,8660992,True,94776.0,13539,Отель Билибин Гарден,Bilibin Garden Hotel,Новокузнецкая,703.0,,988.74,94776.0,1127.28,RUB,True,2027-01-01T11:00:00Z,False,nomeal,94776.0,988.74,13539,94776.0,1127.28,Двухместный номер Стандартный (2 отдельные кровати),1,8.7,150.0,2395,Москва,28.0,2026-09-27 07:43:27.840,,3.9,8.0,historic-hotel,Москва,январь,moscow_january.xlsx,7,13539.42857142857,0-2 км,8-9,10
"ул. Большая Дмитровка, д. 13, эт. 3, Москва",2027-01-02,2027-01-09,Москва,Россия,RUB,0.7707937,False,False,False,la_maison_residence_hotel,True,False,Hotel,55.76235,37.613323,8851912,True,83215.0,11888,Отель La Maison ZONT Hotel Group,La Maison by ZONT Hotel Group Hotel,Чеховская,506.0,,868.13,83215.0,989.77,RUB,False,,False,nomeal,83215.0,868.13,11888,83215.0,989.77,Двухместный номер без окна (двуспальная кровать) (без окна),1,8.1,193.0,2395,Москва,21.0,2026-09-27 07:43:27.840,3.0,,,historic-hotel,Москва,январь,moscow_january.xlsx,7,11887.857142857143,0-2 км,8-9,10
"улица Хабарова, д. 2, вход 2, этаж 6, Московский",2027-01-02,2027-01-09,Московский,Россия,RUB,24.523914,True,False,False,inside_moskovskiy,True,False,Hotel,55.59387,37.351894,8748293,,40900.0,5843,Отель Sunflower Внуково ZONT Hotel Group,ZONT Hotel Group Sunflower Hotel,Филатов Луг,3613.0,,426.68,40900.0,486.47,RUB,True,2027-01-02T10:00:00Z,False,nomeal,40900.0,426.68,5843,40900.0,486.47,Двухместный номер Standard (двуспальная кровать),1,9.1,171.0,965829913,Московский,27.0,2026-09-27 07:43:27.840,4.0,,,,Москва,январь,moscow_january.xlsx,7,5842.857142857143,20+ км,9+,10
" Скатертный переулок, дом 13, Москва",2027-01-02,2027-01-09,Москва,Россия,RUB,1.4369118,True,True,False,gostinitsa_arbat_house_byvshaia_melodiia,False,False,Hotel,55.75588,37.59472,7601703,True,119900.0,17129,Гостиница Арбат Хауc,Arbat House Hotel,Арбатская (Филёвская),592.0,,1250.84,119900.0,1426.11,RUB,True,2027-01-01T11:00:00Z,True,breakfast,119900.0,1250.84,17129,119900.0,1426.11,Двухместный номер Standard (2 отдельные кровати),1,8.3,351.0,2395,Москва,117.0,2026-09-27 07:43:27.840,4.0,,,,Москва,январь,moscow_january.xlsx,7,17128.571428571428,0-2 км,8-9,6
"набережная Кадашевская, д.26, Москва",2027-01-02,2027-01-09,Москва,Россия,RUB,1.243434,True,False,False,kadashevskaya_hotel,True,False,Hotel,55.744938,37.621998,7597455,True,103504.0,14786,Гостиница Кадашевская,Kadashevskaya Hotel,Третьяковская (Калининская),495.0,,1079.79,103504.0,1231.09,RUB,True,2027-01-01T11:00:00Z,False,nomeal,103504.0,1079.79,14786,103504.0,1231.09,Двухместный номер Business (двуспальная кровать),1,8.5,501.0,2395,Москва,35.0,2026-09-27 07:43:27.840,4.0,4.3,390.0,,Москва,январь,moscow_january.xlsx,7,14786.285714285714,0-2 км,8-9,6
"Неглинная ул., 4, Москва",2027-01-02,2027-01-09,Москва,Россия,RUB,0.5125651,True,False,True,ararat_park_khaiatt,True,False,Hotel,55.759922,37.621593,7599730,True,279650.0,39950,Арарат Парк Хаятт Москва,Ararat Park Hyatt Moscow,Кузнецкий мост,255.0,27.0,2917.41,279650.0,3326.2,RUB,True,2026-12-31T12:00:00Z,False,nomeal,279650.0,2917.41,39950,279650.0,3326.2,Двухместный номер Парк (двуспальная кровать) (кровать king size),1,9.3,1708.0,2395,Москва,202.0,2026-09-27 07:44:38.416,5.0,4.8,1617.0,awarded-hotel,Москва,январь,moscow_january.xlsx,7,39950.0,0-2 км,9+,10
"ш Волоколамское, д. 71/22, к. 1, помещ. 7, Москва",2027-01-02,2027-01-09,Москва,Россия,RUB,13.381633,True,False,False,kigo_spartak_minihotel,True,False,Hotel,55.821926,37.438618,11152834,True,17068.0,2438,Отель Киго Спартак,Kigo Spartak Hotel,Спартак,467.0,,178.06,17068.0,203.01,RUB,True,2026-12-26T11:00:00Z,False,nomeal,17068.0,178.06,2438,17068.0,203.01,Двухместное без окна (общая ванная комната) (двуспальная кровать),1,9.3,192.0,2395,Москва,8.0,2026-09-27 07:44:38.416,,,,awarded-hotel,Москва,январь,moscow_january.xlsx,7,2438.285714285714,10-20 км,9+,10
"улица Новодмитровская, д. 2, корп. 5, Москва",2027-01-02,2027-01-09,Москва,Россия,RUB,5.5572085,True,False,False,v_46ti_etazhnom_neboskrebe_apart_hotel,False,True,Apartment,55.803574,37.591038,10575691,True,40258.0,5751,Апартаменты 3 В 46ти Этажном Небоскребе,3 V 46ti Etazhnom Neboskrebe Apartment,Дмитровская,800.0,,419.99,40258.0,478.83,RUB,True,2027-01-01T12:00:00Z,False,nomeal,40258.0,419.99,5751,40258.0,478.83,Двухместный номер Superior с красивым видом из окна (двуспальная кровать),1,9.3,28.0,2395,Москва,,2026-09-27 07:44:38.416,,,,awarded-hotel,Москва,январь,moscow_january.xlsx,7,5751.142857142857,5-10 км,9+,10
"улица Абельмановская, д.9 строение 1, Москва",2027-01-02,2027-01-09,Москва,Россия,RUB,4.0342917,True,False,False,vezendorf_taganka_hotel,False,False,Hotel,55.73587,37.67154,8745249,True,36400.0,5200,Отель Везендорф Таганка,Vezendorf Taganka Hotel,Пролетарская,561.0,,379.74,36400.0,432.95,RUB,True,2027-01-01T11:00:00Z,False,nomeal,36400.0,379.74,5200,36400.0,432.95,Двухместный номер Standard Мансарда (двуспальная кровать) (без окна),1,8.2,146.0,2395,Москва,19.0,2026-09-27 07:44:38.416,3.0,2.4,5.0,,Москва,январь,moscow_january.xlsx,7,5200.0,2-5 км,8-9,10
"Хомутовский тупик, д. 5-7, стр. 13, Москва",2027-01-02,2027-01-09,Москва,Россия,RUB,2.5774062,False,False,False,u_krasnykh_vorot_hotel,True,False,Hotel,55.76722,37.653645,13109974,True,63032.0,9005,Отель у Красных Ворот,U Krasnykh Vorot Hotel,Красные ворота,346.0,,657.57,63032.0,749.71,RUB,False,,False,nomeal,63032.0,657.57,9005,63032.0,749.71,Двухместный номер Standard (двуспальная кровать),1,8.1,43.0,2395,Москва,22.0,2026-09-27 07:44:38.416,3.0,,,,Москва,январь,moscow_january.xlsx,7,9004.57142857143,2-5 км,8-9,10
"улица Тверская, д. 6, строение 1, Москва",2027-01-02,2027-01-09,Москва,Россия,RUB,0.6281062,True,False,True,kvartirasvobodna_tverskaya_61_apartments,True,False,Apartment,55.760242,37.611347,8874650,True,141745.0,20249,Квартира Свободна -Тверская 6/1,Svobodna -Tverskaya 6/1 Flat,Охотный ряд,498.0,,1478.73,141745.0,1685.94,RUB,True,2026-12-31T12:00:00Z,False,nomeal,141745.0,1478.73,20249,141745.0,1685.94,Апартаменты с красивым видом из окна (двуспальная кровать и диван),1,9.2,20.0,2395,Москва,,2026-09-27 07:44:38.416,,,,,Москва,январь,moscow_january.xlsx,7,20249.285714285714,0-2 км,9+,10
"Осташковское шоссе, вл52с4, Москва",2027-01-02,2027-01-09,Москва,Россия,RUB,18.621193,True,False,False,kunlun,True,False,Hotel,55.921555,37.662346,10013909,,30063.0,4295,Отель Кунь Лунь,Kun' Lun' Hotel,Медведково,3795.0,,313.63,30063.0,357.57,RUB,True,2026-12-31T21:00:00Z,False,nomeal,30063.0,313.63,4295,30063.0,357.57,Двухместный номер Standard (двуспальная кровать),1,8.9,129.0,2395,Москва,60.0,2026-09-27 07:44:38.416,4.0,,,awarded-hotel,Москва,январь,moscow_january.xlsx,7,4294.714285714285,10-20 км,8-9,10
"улица Новодмитровская, д. 2, корп. 5, Москва",2027-01-02,2027-01-09,Москва,Россия,RUB,5.5572085,True,False,False,apartment_in_a_46storey_skyscraper_2,False,True,Apartment,55.803574,37.591038,13382282,True,36499.0,5214,Апартаменты 2 В 46ти Этажном Небоскребе,Apartment in a 46-Storey Skyscraper 2,Дмитровская,800.0,,380.77,36499.0,434.12,RUB,True,2027-01-01T12:00:00Z,False,nomeal,36499.0,380.77,5214,36499.0,434.12,Двухместный номер Standard с красивым видом из окна (двуспальная кровать),1,9.4,40.0,2395,Москва,,2026-09-27 07:44:38.416,,,,awarded-hotel,Москва,январь,moscow_january.xlsx,7,5214.142857142857,5-10 км,9+,10
"улица Ярославская, д.15, кор. 2, Москва",2027-01-02,2027-01-09,Москва,Россия,RUB,7.3785925,True,False,False,oksana_hotel,True,False,Hotel,55.820164,37.647175,7600396,True,54600.0,7800,Гостиница Луна и лотос,Luna and Lotos Hotel,ВДНХ,406.0,,569.61,54600.0,649.42,RUB,True,2026-12-31T11:00:00Z,False,nomeal,54600.0,569.61,7800,54600.0,649.42,Двухместный номер Comfort (двуспальная кровать),1,8.7,431.0,2395,Москва,62.0,2026-09-27 07:44:38.416,3.0,3.8,136.0,,Москва,январь,moscow_january.xlsx,7,7800.0,5-10 км,8-9,10
"3-я Фрунзенская улица, д.13, Москва",2027-01-02,2027-01-09,Москва,Россия,RUB,4.608444,True,False,True,na_ulitse_3ya_frunzenskaya_13_flat,True,False,Apartment,55.72249,37.573967,13656873,True,83812.0,11973,Квартира на улице 3-я Фрунзенская 13,Na ulitse 3-ya Frunzenskaya 13 Flat,Фрунзенская,568.0,,874.36,83812.0,996.87,RUB,True,2027-01-01T11:00:00Z,False,nomeal,83812.0,874.36,11973,83812.0,996.87,Апартаменты c 1 комнатой (двуспальная кровать и диван),1,8.4,3.0,2395,Москва,,2026-09-27 07:44:38.416,,,,,Москва,январь,moscow_january.xlsx,7,11973.142857142857,2-5 км,8-9,5
"г Москва,  ул Макаренко, д. 2/21, стр. 1, помещ. 2/4, Москва",2027-01-02,2027-01-09,Москва,Россия,RUB,1.899354,True,False,False,ayti_hotel,True,False,Hotel,55.760925,37.646713,11305802,True,68658.0,9808,Отель АйТи,Ayti Hotel,Чистые пруды,663.0,,716.26,68658.0,816.63,RUB,True,2027-01-01T09:00:00Z,False,nomeal,68658.0,716.26,9808,68658.0,816.63,Двухместный номер Standard (2 отдельные кровати),1,9.1,124.0,2395,Москва,10.0,2026-09-27 07:44:38.416,3.0,,,awarded-hotel,Москва,январь,moscow_january.xlsx,7,9808.285714285714,0-2 км,9+,10
"улица Гостиничная, д. 10/5, Москва",2027-01-02,2027-01-09,Москва,Россия,RUB,10.294451,True,False,True,dvukhurovnevaya_studiya_s_vidom_na_gorod_na_vladykino_apartments,True,False,Apartment,55.8462,37.581146,13068608,True,48625.0,6946,Апартаменты Двухуровневая Студия с Видом на Город на Владыкино,Dvukhurovnevaya Studiya S Vidom Na Gorod Na Vladykino Apartments,Окружная (Люблинско-Дмитровская),467.0,,507.27,48625.0,578.35,RUB,True,2027-01-01T11:00:00Z,False,nomeal,48625.0,507.27,6946,48625.0,578.35,Студия Дуплекс с красивым видом из окна (двуспальная кровать и диван),1,9.3,15.0,2395,Москва,,2026-09-27 07:44:38.416,,,,,Москва,январь,moscow_january.xlsx,7,6946.428571428572,10-20 км,9+,10
"Садовническая улица, д. 20, стр. 1, Москва",2027-01-02,2027-01-09,Москва,Россия,RUB,1.3029352,True,False,False,sadovnicheskaya_city_center_2,True,False,Hotel,55.74672,37.63074,9997889,True,68927.0,9847,Отель Sadovnicheskaya City Center,Sadovnicheskaya City Center Hotel,Новокузнецкая,505.0,,719.07,68927.0,819.83,RUB,True,2026-12-28T11:00:00Z,False,nomeal,68927.0,719.07,9847,68927.0,819.83,Двухместный номер Standard Classic (двуспальная кровать) (кровать king size),1,9.0,45.0,2395,Москва,15.0,2026-09-27 07:44:38.416,4.0,,,,Москва,январь,moscow_january.xlsx,7,9846.714285714286,0-2 км,8-9,10
"улица Бахрушина, д.21с4, Москва",2027-01-02,2027-01-09,Москва,Россия,RUB,2.6970997,True,False,False,hotel_wellion_paveletskaya,True,False,Hotel,55.73403,37.636543,8748309,True,52390.0,7484,Отель Веллион Павелецкая,Wellion Paveletskaya,Павелецкая (Замоскворецкая),219.0,,546.55,52390.0,623.13,RUB,True,2027-01-01T11:00:00Z,False,nomeal,52390.0,546.55,7484,52390.0,623.13,Двухместный номер Стандартный Мансарда (двуспальная кровать),1,8.9,187.0,2395,Москва,35.0,2026-09-27 07:44:38.416,3.0,4.2,37.0,,Москва,январь,moscow_january.xlsx,7,7484.285714285715,2-5 км,8-9,10
"Болотниковская улица, д.5, Москва",2027-01-02,2027-01-09,Москва,Россия,RUB,11.103082,True,False,False,vnorkeru_varshavskaya_aparthotel,True,False,Aparthotel,55.65597,37.613495,9716149,True,39274.0,5611,Апарт-отель Norke Варшавская,Norke Varshavskaya Apart-Hotel,Варшавская,483.0,1709.0,409.72,39274.0,467.13,RUB,True,2027-01-01T09:00:00Z,False,nomeal,39274.0,409.72,5611,39274.0,467.13,Двухместная студия Mini (двуспальная кровать),1,7.6,110.0,2395,Москва,83.0,2026-09-27 07:44:38.416,3.0,,,,Москва,январь,moscow_january.xlsx,7,5610.571428571428,10-20 км,7-8,10
"улица Барышиха, д.40/1 помещение. 5Н, Москва",2027-01-02,2027-01-09,Москва,Россия,RUB,20.217865,True,False,False,otel_melton,True,False,Hotel,55.85294,37.34389,8871897,True,29750.0,4250,Отель Мелтон,Melton Hotel,Пятницкое шоссе,725.0,,310.36,29750.0,353.85,RUB,True,2027-01-01T11:00:00Z,False,nomeal,29750.0,310.36,4250,29750.0,353.85,"Двухместный номер Стандарт+ (двуспальная кровать) (небольшая площадь, кровать queen size)",1,7.2,48.0,2395,Москва,11.0,2026-09-27 07:44:38.416,3.0,,,,Москва,январь,moscow_january.xlsx,7,4250.0,20+ км,7-8,10
"Волгоградский проспект, д.32/5 корпус 2, Москва",2027-01-02,2027-01-09,Москва,Россия,RUB,6.1052947,True,False,True,v_afinakh_apartments,True,True,Apartment,55.71954,37.69092,13109852,True,78387.4,11198,Апартаменты Афинcкий дворик,Afinskiy dvorik Apartments,Угрешская,445.0,,817.76,78387.4,932.35,RUB,True,2026-12-31T11:00:00Z,False,nomeal,78387.4,817.76,11198,78387.4,932.35,Двухместная студия (двуспальная кровать),1,9.6,111.0,2395,Москва,,2026-09-27 07:44:38.416,,,,awarded-hotel,Москва,январь,moscow_january.xlsx,7,11198.199999999999,5-10 км,9+,10
"улица Доброслободская, д. 6 стр. 1, Москва",2027-01-02,2027-01-09,Москва,Россия,RUB,3.6288028,True,False,False,norke_prime_baumanskaya_hotel,True,False,Hotel,55.767944,37.671623,11161354,True,56227.5,8033,Отель Norke Prime Бауманская,Norke Prime Baumanskaya Hotel,Бауманская,681.0,,586.59,56227.5,668.78,RUB,True,2027-01-01T12:00:00Z,False,nomeal,56227.5,586.59,8033,56227.5,668.78,Двухместная студия Дуплекс (двуспальная кровать),1,8.0,135.0,2395,Москва,53.0,2026-09-27 07:44:38.416,4.0,,,,Москва,январь,moscow_january.xlsx,7,8032.5,2-5 км,7-8,10
"Улица Братиславская, д.12с1, Москва",2027-01-02,2027-01-09,Москва,Россия,RUB,13.621473,True,False,False,hotel_bratislavskaya_2_,True,False,Mini-hotel,55.6596,37.752403,8264420,True,25776.0,3682,Мини-отель Автор Братиславская,Avtor Bratislavskaya Mini-hotel,Братиславская,120.0,,268.9,25776.0,306.58,RUB,True,2026-12-30T11:00:00Z,False,nomeal,25776.0,268.9,3682,25776.0,306.58,Двухместный номер Economy с видом на город (общая ванная комната) (2 отдельные кровати),1,8.5,299.0,2395,Москва,16.0,2026-09-27 07:44:38.416,,3.3,3.0,,Москва,январь,moscow_january.xlsx,7,3682.285714285714,10-20 км,8-9,10
"40 км А-105 строение 3, Москва",2027-01-02,2027-01-09,Москва,Россия,RUB,37.042877,False,False,False,ibis_moscow_domodedovo_airport,True,False,Hotel,55.451786,37.859547,8743706,,36540.0,5220,ibis Moscow Domodedovo Airport,ibis Moscow Domodedovo Airport,,,90.0,381.2,36540.0,434.61,RUB,False,,False,nomeal,36540.0,381.2,5220,36540.0,434.61,Двухместный номер Стандартный (2 отдельные кровати),1,8.6,212.0,2395,Москва,152.0,2026-09-27 07:44:38.416,3.0,,,airport-hotel,Москва,январь,moscow_january.xlsx,7,5220.0,20+ км,8-9,7
"Малая Юшуньская улица, д.1/2, Москва",2027-01-02,2027-01-09,Москва,Россия,RUB,11.479723,True,False,False,berlin,False,False,Hotel,55.653484,37.593147,6514841,True,35367.0,5052,Отель Берлин,Berlin Hotel,Каховская,322.0,,368.96,35367.0,420.66,RUB,True,2027-01-01T11:00:00Z,False,nomeal,35367.0,368.96,5052,35367.0,420.66,Двухместный номер Standard (двуспальная кровать),1,8.3,262.0,2395,Москва,94.0,2026-09-27 07:44:42.111,3.0,3.4,62.0,,Москва,январь,moscow_january.xlsx,7,5052.428571428572,10-20 км,8-9,10
"улица 1-я Новокузьминская, д.19, Москва",2027-01-02,2027-01-09,Москва,Россия,RUB,11.737016,True,False,False,arfa_hotel_na_ryazanskom_prospekte,False,False,Hotel,55.71476,37.790516,8740472,True,39150.0,5593,Отель Арфа-Отель,Arfa-otel Hotel,Рязанский проспект,349.0,,408.43,39150.0,465.66,RUB,True,2027-01-02T11:00:00Z,False,nomeal,39150.0,408.43,5593,39150.0,465.66,Двухместная студия (двуспальная кровать) (тип кровати может измениться),1,8.0,283.0,2395,Москва,64.0,2026-09-27 07:44:42.111,3.0,3.0,16.0,,Москва,январь,moscow_january.xlsx,7,5592.857142857143,10-20 км,7-8,9
"улица Петра Романова, 7, стр.1, Москва",2027-01-02,2027-01-09,Москва,Россия,RUB,6.621707,True,False,True,loftet_apartments,True,False,Aparthotel,55.708305,37.68147,9991306,True,28633.0,4090,Апарт-отель Loftet Rooms,Loftet Rooms Apart-Hotel,Кожуховская,346.0,,298.71,28633.0,340.56,RUB,True,2027-01-01T12:00:00Z,False,nomeal,28633.0,298.71,4090,28633.0,340.56,Двухместная студия Уют Мансарда (двуспальная кровать) (тип кровати может измениться),1,8.7,275.0,2395,Москва,15.0,2026-09-27 07:44:42.111,,,,,Москва,январь,moscow_january.xlsx,7,4090.4285714285716,5-10 км,8-9,10
"2-й Вольный переулок, д.11, Москва",2027-01-02,2027-01-09,Москва,Россия,RUB,7.8549438,True,False,False,solnechnye_u_metro_sokolinaya_gora_apartments,True,False,Apartment,55.773792,37.73924,10546832,True,54214.0,7745,Апартаменты Солнечные у метро Соколиная Гора,Solnechnye U Metro Sokolinaya Gora Apartments,Соколиная Гора,462.0,,565.58,54214.0,644.83,RUB,True,2026-10-11T03:00:00Z,False,nomeal,54214.0,565.58,7745,54214.0,644.83,Двухместные апартаменты (двуспальная кровать и диван),1,9.3,45.0,2395,Москва,,2026-09-27 07:44:42.111,,,,,Москва,январь,moscow_january.xlsx,7,7744.857142857143,5-10 км,9+,10
"Пестовский переулок, д.3/1, Москва",2027-01-02,2027-01-09,Москва,Россия,RUB,2.8538432,True,False,False,seven_hills_taganka_minihotel,False,False,Hotel,55.7453,37.659294,9086450,True,140000.0,20000,Отель Seven Hills Taganka,Seven Hills Taganka Hotel,Таганская (Кольцевая),493.0,,1460.53,140000.0,1665.18,RUB,True,2027-01-01T11:00:00Z,False,nomeal,140000.0,1460.53,20000,140000.0,1665.18,Двухместный номер Улучшенный с видом на город (двуспальная кровать),1,8.4,183.0,2395,Москва,41.0,2026-09-27 07:44:42.111,,3.6,25.0,,Москва,январь,moscow_january.xlsx,7,20000.0,2-5 км,8-9,10
"Большая Никитская 24/1 с.6, Москва",2027-01-02,2027-01-09,Москва,Россия,RUB,0.9875301,True,False,False,status_hotel_5,False,False,Hotel,55.75717,37.602077,7058678,True,73836.0,10548,Отель Гостиница Скайвью Сити,Gostinica Skyview City Hotel,Арбатская (Арбатско-Покровская),534.0,,770.28,73836.0,878.22,RUB,True,2026-12-31T21:00:00Z,False,nomeal,73836.0,770.28,10548,73836.0,878.22,Двухместный номер (2 отдельные кровати),1,8.3,263.0,2395,Москва,12.0,2026-09-27 07:44:42.111,4.0,2.7,3.0,,Москва,январь,moscow_january.xlsx,7,10548.0,0-2 км,8-9,10
"ул. Покровка, д. 40 стр. 2, Москва",2027-01-02,2027-01-09,Москва,Россия,RUB,2.3206754,True,False,False,mamaison_allsuites_spa_hotel_pokrovka,True,False,Aparthotel,55.761967,37.653194,7590428,True,117117.0,16731,Апарт-отель Mamaison All-Suites Spa Pokrovka Moscow,Mamaison All-Suites Spa Pokrovka Moscow Apartment Hotel,Курская (Арбатско-Покровская),511.0,,1221.81,117117.0,1393.01,RUB,True,2027-01-01T21:00:00Z,False,nomeal,117117.0,1221.81,16731,117117.0,1393.01,Полулюкс,1,8.9,652.0,2395,Москва,84.0,2026-09-27 07:44:42.111,5.0,4.3,569.0,awarded-hotel,Москва,январь,moscow_january.xlsx,7,16731.0,2-5 км,8-9,10
"Большой Головин переулок, д.25. помещ. 1/1, Москва",2027-01-02,2027-01-09,Москва,Россия,RUB,1.7148746,True,False,False,hanzer,False,False,Hotel,55.769558,37.630344,6964709,True,54208.0,7744,Отель Ханзер,Hanzer Hotel,Сухаревская,331.0,,565.52,54208.0,644.76,RUB,True,2027-01-01T11:00:00Z,False,nomeal,54208.0,565.52,7744,54208.0,644.76,Двухместный номер Comfort (двуспальная кровать),1,8.6,201.0,2395,Москва,18.0,2026-09-27 07:44:42.111,3.0,4.1,43.0,,Москва,январь,moscow_january.xlsx,7,7744.0,0-2 км,8-9,10
"Грохольский переулок, д. 32/2, Москва",2027-01-02,2027-01-09,Москва,Россия,RUB,2.8800523,True,False,True,jackpot_energy_hotel,True,False,Aparthotel,55.77729,37.64362,9227117,True,60614.64,8659,Апарт-отель JackPot Energy,JackPot Energy Apart-hotel,Проспект Мира (Кольцевая),807.0,,632.35,60614.64,720.96,RUB,True,2026-12-26T12:00:00Z,False,nomeal,60614.64,632.35,8659,60614.64,720.96,Двухместный номер без кухни (двуспальная кровать),1,9.2,402.0,2395,Москва,24.0,2026-09-27 07:44:42.111,3.0,4.8,45.0,awarded-hotel,Москва,январь,moscow_january.xlsx,7,8659.234285714285,2-5 км,9+,10
"1-й Казачий переулок, д.4, Москва",2027-01-02,2027-01-09,Москва,Россия,RUB,2.3319747,True,True,True,hotel_in_kazachy_pereulok,True,False,Hotel,55.735134,37.623516,7594715,True,89232.0,12747,Отель На Казачьем,in Kazachy Pereulok Hotel,Полянка,367.0,,930.9,89232.0,1061.34,RUB,True,2027-01-01T11:00:00Z,True,breakfast,89232.0,930.9,12747,89232.0,1061.34,Двухместный номер без окна на улицу (окно выходит в атриум отеля) Стандарт (2 отдельные кровати) (без окна),1,9.0,189.0,2395,Москва,26.0,2026-09-27 07:44:42.111,4.0,4.1,66.0,,Москва,январь,moscow_january.xlsx,7,12747.42857142857,2-5 км,8-9,10
"1-й Красногвардейский проезд, д.21, строение 2, Москва",2027-01-02,2027-01-09,Москва,Россия,RUB,5.277746,True,False,True,studii_s_panoramnym_vidom_v_moskvasiti_aparthotel,True,False,Apartment,55.74938,37.534092,10673131,True,155816.0,22259,Апартаменты Студии с панорамным видом в Москва-Сити,Studio apartments with panoramic views in Moscow City,Москва-Сити (Филевская),106.0,,1625.53,155816.0,1853.3,RUB,True,2026-12-30T12:00:00Z,False,nomeal,155816.0,1625.53,22259,155816.0,1853.3,Люкс Superior с красивым видом из окна (двуспальная кровать),1,9.0,21.0,2395,Москва,,2026-09-27 07:44:42.111,,,,,Москва,январь,moscow_january.xlsx,7,22259.428571428572,5-10 км,8-9,10
"Николоямская улица 38/23  строение 1, Москва",2027-01-02,2027-01-09,Москва,Россия,RUB,2.7345965,True,False,True,oootagankaholl,True,False,Hotel,55.747063,37.658535,10001836,True,74716.0,10674,Отель ТАГАНКА-ХОЛЛ Москва,TAGANKA-HOLL Moscow Hotel,Таганская (Кольцевая),613.0,,779.46,74716.0,888.68,RUB,True,2027-01-01T11:00:00Z,False,nomeal,74716.0,779.46,10674,74716.0,888.68,Двухместный номер Бизнес-класса с видом на город (двуспальная кровать),1,9.1,229.0,2395,Москва,10.0,2026-09-27 07:44:42.111,,3.9,8.0,awarded-hotel,Москва,январь,moscow_january.xlsx,7,10673.714285714286,2-5 км,9+,10
"Международное шоссе, владение 1А, Химки",2027-01-02,2027-01-09,Химки,Россия,RUB,26.31303,True,False,True,radisson_blu_hotel_moscow_sheremetyevo_airport_,False,False,Hotel,55.963028,37.413322,6533315,,104600.0,14943,Cosmos Selection Москва Шереметьево Аэропорт Отель,Cosmos Selection Moscow Sheremetyevo Airport Hotel,,,873.0,1091.22,104600.0,1244.13,RUB,True,2027-01-01T21:00:00Z,False,nomeal,104600.0,1091.22,14943,104600.0,1244.13,Двухместный номер Стандартный (2 отдельные кровати) (тип кровати может измениться),1,8.6,1998.0,179603,Химки,391.0,2026-09-27 07:44:42.112,5.0,4.2,1317.0,,Москва,январь,moscow_january.xlsx,7,14942.857142857143,20+ км,8-9,10
"улица 1-я Брестская, д. 38, стр. 1, Москва",2027-01-02,2027-01-09,Москва,Россия,RUB,2.6336637,False,False,False,otel_gentalion,False,False,Hotel,55.77317,37.588917,7779256,True,70985.0,10141,Отель Gentalion,Gentalion Hotel,Маяковская,590.0,,740.54,70985.0,844.31,RUB,False,,False,nomeal,70985.0,740.54,10141,70985.0,844.31,Двухместный номер Комфорт (2 отдельные кровати),1,8.1,155.0,2395,Москва,30.0,2026-09-27 07:44:42.112,4.0,3.6,75.0,,Москва,январь,moscow_january.xlsx,7,10140.714285714286,2-5 км,8-9,10
"Товарищеский переулок, д.24, стр.4, Москва",2027-01-02,2027-01-09,Москва,Россия,RUB,3.298929,True,False,False,dom_khudozhnikov_korovinykh_minihotel,True,False,Mini-hotel,55.74337,37.66555,13122954,True,54731.0,7819,Мини-отель Дом Художников Коровиных,Dom Khudozhnikov Korovinykh Mini-hotel,Марксистская,649.0,,570.97,54731.0,650.98,RUB,True,2027-01-01T11:00:00Z,False,nomeal,54731.0,570.97,7819,54731.0,650.98,Двухместный номер (двуспальная кровать),1,9.7,44.0,2395,Москва,8.0,2026-09-27 07:44:42.112,4.0,,,awarded-hotel,Москва,январь,moscow_january.xlsx,7,7818.714285714285,2-5 км,9+,10
"улица Кирова, д.26 А, Люберцы",2027-01-02,2027-01-09,Люберцы,Россия,RUB,19.192638,True,False,False,mansarda_hotel,True,False,Hotel,55.67619,37.88975,8742042,,22857.0,3265,Отель Мансарда,Mansarda Hotel,Котельники,1957.0,,238.45,22857.0,271.86,RUB,True,2026-12-30T11:00:00Z,False,nomeal,22857.0,238.45,3265,22857.0,271.86,Двухместный номер Standard с видом на город (двуспальная кровать),1,7.8,100.0,179611,Люберцы,22.0,2026-09-27 07:44:42.112,,3.9,7.0,,Москва,январь,moscow_january.xlsx,7,3265.285714285714,10-20 км,7-8,10
"Измайловское шоссе д. 71, корп. 3В, Москва",2027-01-02,2027-01-09,Москва,Россия,RUB,8.953423,True,False,False,izmaylovo_vega_infiniti_grupp_hotel,True,False,Hotel,55.79049,37.747047,10134181,True,70651.0,10093,Отель Измайлово Вега Сервис Размещения Инфинити Групп,Otel' Izmaylovo Vega Servis Razmeshcheniya Infinity Grupp Hotel,Партизанская,269.0,,737.06,70651.0,840.33,RUB,True,2027-01-01T11:00:00Z,False,nomeal,70651.0,737.06,10093,70651.0,840.33,Двухместный номер Стандарт (2 отдельные кровати),1,8.7,88.0,2395,Москва,,2026-09-27 07:44:42.112,,,,,Москва,январь,moscow_january.xlsx,7,10093.0,5-10 км,8-9,10
"вн.тер.г. муниципальный округ Тверской, пер Малый Палашёвский, д. 6, помещ. 1/4, Москва",2027-01-02,2027-01-09,Москва,Россия,RUB,1.4015509,True,False,True,elizium_na_pushkinskoj,True,False,Hotel,55.765194,37.602615,9990818,True,41707.0,5958,Отель Элизиум,Elizium Hotel,Пушкинская,96.0,,435.1,41707.0,496.07,RUB,True,2026-12-31T21:00:00Z,False,nomeal,41707.0,435.1,5958,41707.0,496.07,Двухместный номер Economy (двуспальная кровать) (без окна),1,8.0,475.0,2395,Москва,16.0,2026-09-27 07:44:42.112,,2.9,12.0,,Москва,январь,moscow_january.xlsx,7,5958.142857142857,0-2 км,7-8,10
"улица Василисы Кожиной, д. 13, помещ. 2531, Москва",2027-01-02,2027-01-09,Москва,Россия,RUB,7.6869917,False,False,True,apin_aparts,True,False,Hotel,55.736183,37.499874,9996446,True,53248.0,7607,Апарт-отель Ap-in,Ap-in Apartment hotel,Багратионовская,857.0,,555.5,53248.0,633.34,RUB,False,,False,nomeal,53248.0,555.5,7607,53248.0,633.34,Двухместный апартамент студия мини с видом на достопримечательность (двуспальная кровать) (кухня),1,9.1,17.0,2395,Москва,16.0,2026-09-27 07:44:42.112,,,,,Москва,январь,moscow_january.xlsx,7,7606.857142857143,5-10 км,9+,10
"улица Киевская, дом 2, Москва",2027-01-02,2027-01-09,Москва,Россия,RUB,3.700458,True,False,True,adazhio_moskva_kievskaya_aparthotel,False,False,Aparthotel,55.743248,37.56294,9204547,True,79800.0,11400,Апарт-отель Адажио Москва Киевская,Adagio Moscow Kievskaya,Киевская (Кольцевая),143.0,9.0,832.5,79800.0,949.15,RUB,True,2027-01-01T21:00:00Z,False,nomeal,79800.0,832.5,11400,79800.0,949.15,"Двухместный номер Studio для людей с ограниченной мобильностью (двуспальная кровать) (кровать queen size, для гостей с ограниченными возможностями)",1,9.1,139.0,2395,Москва,149.0,2026-09-27 07:44:42.112,4.0,,,,Москва,январь,moscow_january.xlsx,7,11400.0,2-5 км,9+,10
"Кривоарбатский пер., 3, Москва",2027-01-02,2027-01-09,Москва,Россия,RUB,1.8348687,True,False,True,kvartira_krivoarbatskiy_13,True,False,Apartment,55.74859,37.59136,11198013,True,97800.0,13971,Квартира Кривоарбатский 1.3,Kvartira Krivoarbatskiy 1.3,Смоленская (Филёвская),478.0,,1020.28,97800.0,1163.25,RUB,True,2026-12-30T12:00:00Z,False,nomeal,97800.0,1020.28,13971,97800.0,1163.25,Апартаменты с 2 комнатами (двуспальная кровать и диван),1,7.2,9.0,2395,Москва,,2026-09-27 07:45:16.221,,,,,Москва,январь,moscow_january.xlsx,7,13971.42857142857,0-2 км,7-8,10
"Новинский бульвар,  д. 13, Москва",2027-01-02,2027-01-09,Москва,Россия,RUB,2.1899638,True,False,False,uyutnaya_na_novom_arbate_flat,True,False,Apartment,55.753834,37.582863,13658105,True,74503.0,10643,Квартира Уютная На Новом Арбате,Uyutnaya Na Novom Arbate Flat,Смоленская (Филёвская),657.0,,777.24,74503.0,886.15,RUB,True,2027-01-01T11:00:00Z,False,nomeal,74503.0,777.24,10643,74503.0,886.15,Апартаменты c 1 комнатой с балконом (двуспальная кровать и диван),1,9.6,2.0,2395,Москва,,2026-09-27 07:45:16.221,,,,,Москва,январь,moscow_january.xlsx,7,10643.285714285714,2-5 км,9+,10
"проезд Гостиничный, д. 8, корп. 1, Москва",2027-01-02,2027-01-09,Москва,Россия,RUB,10.3385315,False,False,True,komfortabelnyie_apartamentyi_u_metro_okruzhnaya,True,True,Apartment,55.845924,37.576153,9995993,True,48486.0,6927,Апартаменты Комфортабельные у метро Окружная,Komfortabelnie U Metro Okruzhnaya Apartments,Окружная (Люблинско-Дмитровская),154.0,,505.82,48486.0,576.7,RUB,False,,False,nomeal,48486.0,505.82,6927,48486.0,576.7,Семейный номер Classic с видом на город (диван),1,9.7,40.0,2395,Москва,,2026-09-27 07:45:16.221,,,,awarded-hotel,Москва,январь,moscow_january.xlsx,7,6926.571428571428,10-20 км,9+,10
"улица Мосфильмовская, д. 55, Москва",2027-01-02,2027-01-09,Москва,Россия,RUB,9.657263,True,False,False,hotel_skyada,False,False,Hotel,55.70308,37.495087,9771550,True,75256.0,10751,Отель Skyada,Skyada Hotel,Раменки,655.0,,785.1,75256.0,895.11,RUB,True,2026-12-31T11:00:00Z,False,nomeal,75256.0,785.1,10751,75256.0,895.11,Двухместный номер Standard (двуспальная кровать),1,8.2,76.0,2395,Москва,24.0,2026-09-27 07:45:16.221,,4.0,1.0,,Москва,январь,moscow_january.xlsx,7,10750.857142857143,5-10 км,8-9,8
"Лубянский проезд 25 строение 1, Москва",2027-01-02,2027-01-09,Москва,Россия,RUB,1.0597178,True,False,False,minima_kitaygorod,True,False,Hotel,55.7549,37.63456,9768719,True,56680.0,8097,Минима Китай-город,Minima Kitay-Gorod Hotel,Китай-город (Калужско-Рижская),135.0,,591.31,56680.0,674.16,RUB,True,2027-01-01T11:00:00Z,False,nomeal,56680.0,591.31,8097,56680.0,674.16,Двухместный номер Standard (двуспальная кровать) (кровать queen size),1,8.2,328.0,2395,Москва,45.0,2026-09-27 07:45:16.221,3.0,3.3,12.0,,Москва,январь,moscow_january.xlsx,7,8097.142857142857,0-2 км,8-9,10
"Воронцовский переулок, д.5/7 стр2, Москва",2027-01-02,2027-01-09,Москва,Россия,RUB,3.524153,True,False,False,vorontsovsky_hotel,True,False,Hotel,55.73425,37.65893,7724453,True,54249.0,7750,Отель Воронцовский,Vorontsovskij Hotel,Крестьянская застава,418.0,,565.94,54249.0,645.25,RUB,True,2027-01-01T11:00:00Z,False,nomeal,54249.0,565.94,7750,54249.0,645.25,Двухместный номер Стандарт Мансарда (двуспальная кровать),1,9.0,170.0,2395,Москва,37.0,2026-09-27 07:45:16.225,4.0,3.9,72.0,,Москва,январь,moscow_january.xlsx,7,7749.857142857143,2-5 км,8-9,10
"Варшавское шоссе, 9, Москва",2027-01-02,2027-01-09,Москва,Россия,RUB,6.1607027,True,False,True,azimut_moscow_tulskaya_hotel,False,False,Hotel,55.700466,37.62166,7768573,True,55860.0,7980,AZIMUT Сити Отель Тульская Москва,AZIMUT City Hotel Tulskaya Moscow,Тульская,934.0,1199.0,582.75,55860.0,664.41,RUB,True,2027-01-01T21:00:00Z,False,nomeal,55860.0,582.75,7980,55860.0,664.41,Двухместный номер SMART Стандарт (2 отдельные кровати),1,8.6,2682.0,2395,Москва,144.0,2026-09-27 07:45:16.225,4.0,4.5,2294.0,,Москва,январь,moscow_january.xlsx,7,7980.0,5-10 км,8-9,10
"улица Пятницкая, 10 строение 1, Москва",2027-01-02,2027-01-09,Москва,Россия,RUB,1.4846634,True,False,False,apartamenty_apartotel_weekend_inn,False,False,Aparthotel,55.74374,37.627678,10093644,True,55392.0,7913,Апартаменты Уикенд,Weekend Apartment,Новокузнецкая,187.0,,577.87,55392.0,658.84,RUB,True,2027-01-01T11:00:00Z,False,nomeal,55392.0,577.87,7913,55392.0,658.84,Двухместный номер Economy с видом на город (общая ванная комната) (двуспальная кровать),1,8.9,212.0,2395,Москва,9.0,2026-09-27 07:45:16.225,,4.2,63.0,,Москва,январь,moscow_january.xlsx,7,7913.142857142857,0-2 км,8-9,10
"переулок Сивцев Вражек, д.15/25, Москва",2027-01-02,2027-01-09,Москва,Россия,RUB,1.731802,True,False,True,kvartirasvobodna_bolshaya_kvartira_v_samom_serdtse_goroda,True,False,Apartment,55.747364,37.594486,8583568,True,140479.0,20068,Квартира Свободна - Сивцев Вражек,Svobodna - Sivtsev Vrazhek Flat,Кропоткинская,620.0,,1465.53,140479.0,1670.88,RUB,True,2026-12-31T12:00:00Z,False,nomeal,140479.0,1465.53,20068,140479.0,1670.88,Четырёхместные апартаменты с видом на город (2 двуспальные кровати и диван),1,9.6,29.0,2395,Москва,,2026-09-27 07:45:16.225,,,,awarded-hotel,Москва,январь,moscow_january.xlsx,7,20068.428571428572,0-2 км,9+,10
"улица Пречистенка, д.37/2, Москва",2027-01-02,2027-01-09,Москва,Россия,RUB,2.606361,True,False,False,villadzhio,True,False,Hotel,55.738983,37.588764,8660050,True,40152.0,5736,Отель Вилладжио,Villadzhio Hotel,Парк культуры (Сокольническая),502.0,,418.88,40152.0,477.57,RUB,True,2027-01-01T10:30:00Z,False,nomeal,40152.0,418.88,5736,40152.0,477.57,Двухместный номер Standard (двуспальная кровать),1,8.1,296.0,2395,Москва,30.0,2026-09-27 07:45:16.225,3.0,3.9,26.0,,Москва,январь,moscow_january.xlsx,7,5736.0,2-5 км,8-9,10
"Ulitsa Sadovnicheskaya 8, Москва",2027-01-02,2027-01-09,Москва,Россия,RUB,1.1025344,True,False,False,barin_rezidence_balchug,True,False,Hotel,55.74763,37.62754,8854270,True,90720.0,12960,Барин Резиденс Центр,Barin Rezidens Tsentr Hotel,Новокузнецкая,604.0,,946.42,90720.0,1079.04,RUB,True,2027-01-01T11:00:00Z,False,nomeal,90720.0,946.42,12960,90720.0,1079.04,Двухместный номер Делюкс Мансардный (двуспальная кровать),1,9.4,709.0,2395,Москва,15.0,2026-09-27 07:45:16.225,4.0,,,awarded-hotel,Москва,январь,moscow_january.xlsx,7,12960.0,0-2 км,9+,10
"Ходынский бульвар, д.2, Москва",2027-01-02,2027-01-09,Москва,Россия,RUB,6.2073965,True,False,True,knokey_tsska_apartments_2,False,False,Apartment,55.789253,37.53808,13362080,True,66495.0,9499,Апартаменты Knokey ЦСКА,Knokey Tsska Apartments,ЦСКА,441.0,,693.7,66495.0,790.9,RUB,True,2027-01-01T12:00:00Z,False,nomeal,66495.0,693.7,9499,66495.0,790.9,Апартаменты c 1 комнатой (двуспальная кровать),1,9.0,62.0,2395,Москва,,2026-09-27 07:45:16.225,,,,,Москва,январь,moscow_january.xlsx,7,9499.285714285714,5-10 км,8-9,10
"Столешников переулок, д. 12, стр. 3, Москва",2027-01-02,2027-01-09,Москва,Россия,RUB,0.75812244,True,False,False,akvarel_hotel,True,False,Boutique_and_Design,55.76246,37.614597,7378024,True,116480.0,16640,Бутик-Отель Акварель,Akvarel Butik-Hotel,Чеховская,552.0,,1215.16,116480.0,1385.43,RUB,True,2026-12-31T21:00:00Z,False,nomeal,116480.0,1215.16,16640,116480.0,1385.43,Двухместный номер Classic (2 отдельные кровати) (тип кровати может измениться),1,9.2,169.0,2395,Москва,24.0,2026-09-27 07:45:16.225,4.0,4.7,55.0,awarded-hotel,Москва,январь,moscow_january.xlsx,7,16640.0,0-2 км,9+,10
"Международное шоссе, стр. 1В, Химки",2027-01-02,2027-01-09,Химки,Россия,RUB,26.008072,True,True,False,holiday_inn_express_moscow_sheremetyevo_airport,False,False,Hotel,55.95996,37.41357,8744851,,60500.0,8643,Холидей Экспресс Москва Аэропорт Шереметьево,Holiday Express Moscow Sheremetyevo Airport Hotel,,,,631.16,60500.0,719.6,RUB,True,2027-01-02T11:00:00Z,True,breakfast,60500.0,631.16,8643,60500.0,719.6,Двухместный номер для людей с ограниченными возможностями Standard (двуспальная кровать) (для гостей с ограниченными возможностями),1,9.1,843.0,179603,Химки,198.0,2026-09-27 07:45:16.225,3.0,,,awarded-hotel,Москва,январь,moscow_january.xlsx,7,8642.857142857143,20+ км,9+,10
"Никитский бул., 10, Москва",2027-01-02,2027-01-09,Москва,Россия,RUB,1.0525686,True,False,False,doubletree_by_hilton_moscow_arbat,False,False,Hotel,55.754948,37.600945,9989265,True,107500.0,15357,Отель DoubleTree Москва Арбат,DoubleTree Moscow Arbat Hotel,Арбатская (Филёвская),310.0,46.0,1121.48,107500.0,1278.62,RUB,True,2027-01-01T12:00:00Z,False,nomeal,107500.0,1121.48,15357,107500.0,1278.62,Двухместный номер Стандартный (двуспальная кровать) (кровать queen size),1,9.1,95.0,2395,Москва,100.0,2026-09-27 07:45:16.225,4.0,2.9,10.0,,Москва,январь,moscow_january.xlsx,7,15357.142857142857,0-2 км,9+,10
"Кутузовский проспект, д.17, Москва",2027-01-02,2027-01-09,Москва,Россия,RUB,3.9346504,True,False,False,svobodnaya_na_kutuzovskom_prospekte_17_flat,True,False,Apartment,55.746964,37.5568,13741880,True,131725.0,18818,Квартира Свободная на Кутузовском проспекте 17,Svobodnaya Na Kutuzovskom Prospekte 17 Flat,Киевская (Кольцевая),659.0,,1374.2,131725.0,1566.76,RUB,True,2027-01-01T12:00:00Z,False,nomeal,131725.0,1374.2,18818,131725.0,1566.76,Апартаменты с 2 комнатами с балконом (двуспальная кровать и диван),1,9.1,3.0,2395,Москва,,2026-09-27 07:45:16.225,,,,,Москва,январь,moscow_january.xlsx,7,18817.85714285714,2-5 км,9+,10
"Октябрьский переулок, д.12, Москва",2027-01-02,2027-01-09,Москва,Россия,RUB,3.5294056,True,False,False,gostinitsa_metallurg,False,False,Guesthouse,55.787457,37.611885,7384374,True,42000.0,6000,Гостиница Металлург,Metallurg Hotel,Достоевская,688.0,,438.16,42000.0,499.55,RUB,True,2027-01-02T11:00:00Z,False,nomeal,42000.0,438.16,6000,42000.0,499.55,Двухместный номер Стандарт (2 отдельные кровати),1,7.9,416.0,2395,Москва,165.0,2026-09-27 07:45:16.225,2.0,2.7,81.0,,Москва,январь,moscow_january.xlsx,7,6000.0,2-5 км,7-8,10
"Коровинское шоссе, д.10, Москва",2027-01-02,2027-01-09,Москва,Россия,RUB,13.760963,True,False,True,iris_congress_hotel,False,False,Hotel,55.870758,37.53546,7600189,True,78750.0,11250,Отель Edge Seligerskaya Moscow,Edge Seligerskaya Moscow Hotel,Селигерская,867.0,,821.55,78750.0,936.66,RUB,True,2027-01-01T21:00:00Z,False,nomeal,78750.0,821.55,11250,78750.0,936.66,Четырёхместный люкс семейный с 2 комнатами (2 отдельные кровати и двуспальная кровать),1,8.9,451.0,2395,Москва,201.0,2026-09-27 07:45:16.225,4.0,3.9,295.0,,Москва,январь,moscow_january.xlsx,7,11250.0,10-20 км,8-9,10
"Дмитровское шоссе 27, Москва",2027-01-02,2027-01-09,Москва,Россия,RUB,8.343479,True,False,False,molodozhny,False,False,Hotel,55.826366,37.57176,7401579,True,49207.5,7030,Гостиница Парк Тауэр,Park Tower Hotel,Тимирязевская,931.0,,513.35,49207.5,585.28,RUB,True,2027-01-01T11:00:00Z,False,nomeal,49207.5,513.35,7030,49207.5,585.28,Двухместный номер Standard (2 отдельные кровати),1,8.4,454.0,2395,Москва,440.0,2026-09-27 07:45:16.225,4.0,3.4,172.0,,Москва,январь,moscow_january.xlsx,7,7029.642857142857,5-10 км,8-9,10
"улица Садовая -Триумфальная, д. 4/10, Москва",2027-01-02,2027-01-09,Москва,Россия,RUB,1.9876685,True,False,True,apartamentyi_kvartirasvobodnasadovaya_triumfalnaya_410_6,True,False,Apartment,55.7704,37.599174,8875171,True,189204.0,27029,Квартира Свободна-Садовая -Триумфальная 4/10 (6),Svobodna-Sadovaya -Triumfalnaya 4/10 (6) Flat,Маяковская,199.0,,1973.84,189204.0,2250.42,RUB,True,2026-12-31T12:00:00Z,False,nomeal,189204.0,1973.84,27029,189204.0,2250.42,Апартаменты с видом на город (2 двуспальные кровати и диван),1,9.3,34.0,2395,Москва,,2026-09-27 07:45:16.226,,,,,Москва,январь,moscow_january.xlsx,7,27029.14285714286,0-2 км,9+,10
"улица Малая Дмитровка, д. 11, Москва",2027-01-02,2027-01-09,Москва,Россия,RUB,1.6401213,False,False,False,chekhoff_hotel_moscow_curio_collection_by_hilton,False,False,Hotel,55.76889,37.605366,9023595,True,152254.0,21751,Чехофф Отель Москва Кьюрио Коллекшен Хилтон,Chekhoff Hotel Moscow Curio Collection by Hilton 5*,Чеховская,382.0,126.0,1588.37,152254.0,1810.93,RUB,False,,False,nomeal,152254.0,1588.37,21751,152254.0,1810.93,Двухместный номер Comfort (двуспальная кровать) (кровать king size),1,9.1,71.0,2395,Москва,95.0,2026-09-27 07:45:18.163,5.0,,,,Москва,январь,moscow_january.xlsx,7,21750.571428571428,0-2 км,9+,10
"улица Большая Бронная, 23, строение 3, Москва",2027-01-02,2027-01-09,Москва,Россия,RUB,1.3643862,True,False,False,otel_de_pari,False,False,Hotel,55.763584,37.60073,7681565,True,76950.0,10993,Отель Де Пари,De Paris Hotel,Пушкинская,290.0,,802.77,76950.0,915.25,RUB,True,2027-01-01T11:00:00Z,False,nomeal,76950.0,802.77,10993,76950.0,915.25,Двухместный номер Стандарт с гидромассажной ванной (двуспальная кровать),1,8.7,135.0,2395,Москва,28.0,2026-09-27 07:45:18.163,4.0,,,awarded-hotel,Москва,январь,moscow_january.xlsx,7,10992.857142857143,0-2 км,8-9,10
"улица Большая Тульская, д.2, Москва",2027-01-02,2027-01-09,Москва,Россия,RUB,5.2509723,True,False,False,pogosti_na_tulskoy,False,False,Hotel,55.70864,37.620827,6422447,True,57624.0,8232,Отель Погости.ру на Тульской,Pogosti.ru Na Tulskoj Hotel,Тульская,114.0,,601.15,57624.0,685.39,RUB,True,2027-01-01T21:00:00Z,False,nomeal,57624.0,601.15,8232,57624.0,685.39,Двухместный люкс с видом на город (двуспальная кровать и диван) (джакузи),1,8.0,65.0,2395,Москва,27.0,2026-09-27 07:45:18.163,3.0,,,,Москва,январь,moscow_january.xlsx,7,8232.0,5-10 км,7-8,10
"Калужское шоссе, 22-й километр, д.10с23, Москва",2027-01-02,2027-01-09,Москва,Россия,RUB,20.156118,True,False,False,fud_siti_hotel,True,False,Hotel,55.5964,37.464375,9761064,True,36004.0,5143,Отель Фуд Сити,Fud Siti Hotel,Корниловская,958.0,,375.61,36004.0,428.24,RUB,True,2027-01-01T10:30:00Z,False,nomeal,36004.0,375.61,5143,36004.0,428.24,Двухместный номер Standard (2 отдельные кровати),1,7.8,88.0,2395,Москва,245.0,2026-09-27 07:45:18.163,4.0,4.5,8.0,,Москва,январь,moscow_january.xlsx,7,5143.428571428572,20+ км,7-8,10
"Новорязанская улица, дом 16/11 строение 1, Москва",2027-01-02,2027-01-09,Москва,Россия,RUB,3.1995702,True,False,False,vnorkeru_kazanskiy_aparthotel,False,False,Aparthotel,55.772175,37.659874,9079480,True,63210.0,9030,Апарт-отель Norke Казанский,Norke Kazanskiy Apart-hotel,Комсомольская (Кольцевая),362.0,1709.0,659.43,63210.0,751.83,RUB,True,2027-01-01T21:00:00Z,False,nomeal,63210.0,659.43,9030,63210.0,751.83,Двухместная студия (2 отдельные кровати),1,8.2,195.0,2395,Москва,30.0,2026-09-27 07:45:18.163,3.0,3.7,3.0,,Москва,январь,moscow_january.xlsx,7,9030.0,2-5 км,8-9,10
"улица Академика Анохина, д. 11А, Москва",2027-01-02,2027-01-09,Москва,Россия,RUB,14.219206,True,True,False,maleton,False,False,Hotel,55.65745,37.472534,7001492,True,59500.0,8500,Отель Малетон на Анохина,Maleton na Anokhina Hotel,Юго-Западная,908.0,,620.72,59500.0,707.7,RUB,True,2027-01-01T11:00:00Z,True,breakfast,59500.0,620.72,8500,59500.0,707.7,Двухместный номер (двуспальная кровать),1,9.2,89.0,2395,Москва,18.0,2026-09-27 07:45:18.163,3.0,,,,Москва,январь,moscow_january.xlsx,7,8500.0,10-20 км,9+,10
"улица Штурманская, д.29, Внуково",2027-01-02,2027-01-09,Внуково,Россия,RUB,25.26764,True,False,False,shturman_guest_house,False,False,Guesthouse,55.613102,37.303745,11194501,,27419.0,3917,Гостевой дом Штурман,Shturman Guest House,Аэропорт Внуково,1213.0,,286.04,27419.0,326.13,RUB,True,2026-12-30T11:00:00Z,False,nomeal,27419.0,286.04,3917,27419.0,326.13,Двухместный номер Superior (общая ванная комната) (двуспальная кровать) (кровать queen size),1,9.3,85.0,965821604,Внуково,,2026-09-27 07:45:18.163,,,,awarded-hotel,Москва,январь,moscow_january.xlsx,7,3917.0,20+ км,9+,10
"Ходынский бульвар, д. 2, Москва",2027-01-02,2027-01-09,Москва,Россия,RUB,6.2073965,True,False,True,v_zhk_layner_apartments,True,True,Apartment,55.789253,37.53808,10210932,True,135402.0,19343,Апартаменты Люкс с Видом на Город Elite Apartments,Apartamenty Lyuks s Vidom na Gorod Elite Apartments,ЦСКА,441.0,,1412.56,135402.0,1610.49,RUB,True,2026-12-30T12:00:00Z,False,nomeal,135402.0,1412.56,19343,135402.0,1610.49,Апартаменты с видом на город (двуспальная кровать и диван),1,9.7,32.0,2395,Москва,,2026-09-27 07:45:18.163,,,,,Москва,январь,moscow_january.xlsx,7,19343.14285714286,5-10 км,9+,10
"улица Тверская, д.5/6, Москва",2027-01-02,2027-01-09,Москва,Россия,RUB,0.40038162,False,False,False,otel_apelsin_u_krasnoy_ploshadi,False,False,Hotel,55.757893,37.612408,13107335,True,91107.0,13015,Отель Апельсин у Красной площади,Apelsin u Krasnoy Ploshadi Hotel,Охотный ряд,263.0,,950.46,91107.0,1083.64,RUB,False,,False,nomeal,91107.0,950.46,13015,91107.0,1083.64,Студия Дуплекс с видом на город (односпальная кровать) (кресло-кровать),1,8.4,74.0,2395,Москва,29.0,2026-09-27 07:45:18.163,3.0,,,,Москва,январь,moscow_january.xlsx,7,13015.285714285714,0-2 км,8-9,10
"улица Покровка, д.3, корп.7, строение 1Б, Москва",2027-01-02,2027-01-09,Москва,Россия,RUB,1.4749622,True,False,True,norke_pokrovka_apartments,True,False,Apartment,55.759193,37.640533,13098301,True,47031.0,6719,Апартаменты Norke Покровка,Norke Pokrovka Apartments,Чистые пруды,634.0,,490.64,47031.0,559.39,RUB,True,2026-12-26T13:00:00Z,False,nomeal,47031.0,490.64,6719,47031.0,559.39,Двухместный номер Standard (двуспальная кровать),1,8.2,46.0,2395,Москва,,2026-09-27 07:45:18.163,,,,,Москва,январь,moscow_january.xlsx,7,6718.714285714285,0-2 км,8-9,8
"1-й Пехотный переулок, д.10, Москва",2027-01-02,2027-01-09,Москва,Россия,RUB,10.249038,False,True,False,astrohostel_pehota,True,False,Hostel,55.805225,37.479153,9990522,,31920.0,4560,Хостел Радушие,Radushie Hostel,Щукинская,1044.0,,333.0,31920.0,379.66,RUB,False,,True,breakfast,31920.0,333.0,4560,31920.0,379.66,Двухместный номер (общая ванная комната) (2 отдельные кровати),1,9.2,236.0,2395,Москва,87.0,2026-09-27 07:45:18.163,,4.5,28.0,awarded-hotel,Москва,январь,moscow_january.xlsx,7,4560.0,10-20 км,9+,10
"Тверской бульвар, д. 14/4, Москва",2027-01-02,2027-01-09,Москва,Россия,RUB,1.1015611,False,False,False,east_west,False,False,Hotel,55.759727,37.601475,7842381,True,65800.0,9400,Отель Ист-Вест,Hotel Ist-Vest,Тверская,605.0,,686.45,65800.0,782.63,RUB,False,,False,nomeal,65800.0,686.45,9400,65800.0,782.63,Двухместный номер Standard (2 отдельные кровати),1,7.5,207.0,2395,Москва,26.0,2026-09-27 07:45:18.163,3.0,2.9,48.0,,Москва,январь,moscow_january.xlsx,7,9400.0,0-2 км,7-8,10
"Нагатинская набережная, д.10, корпус 3, Москва",2027-01-02,2027-01-09,Москва,Россия,RUB,8.308382,True,False,False,hotel_i_chajnaya_ivan_chaj,True,False,Hotel,55.68276,37.645554,8664695,,26600.0,3800,Отель Иван Чай,Ivan Chaj Hotel,Коломенская,1288.0,,277.5,26600.0,316.38,RUB,True,2026-12-31T11:00:00Z,False,nomeal,26600.0,277.5,3800,26600.0,316.38,Двухместный номер Economy (двухъярусная кровать) (без окна),1,8.9,39.0,2395,Москва,9.0,2026-09-27 07:45:18.163,3.0,,,,Москва,январь,moscow_january.xlsx,7,3800.0,5-10 км,8-9,10
"Пресненская Набережная, д. 2, Москва",2027-01-02,2027-01-09,Москва,Россия,RUB,5.1422434,True,False,False,novotel_moscow_city_hotel,False,False,Hotel,55.74791,37.536694,7620527,True,92300.0,13186,Отель Novotel Москва Сити,Novotel Moscow City Hotel,Деловой центр (Солнцевская),209.0,40.0,962.91,92300.0,1097.83,RUB,True,2027-01-01T12:00:00Z,False,nomeal,92300.0,962.91,13186,92300.0,1097.83,Двухместный номер Стандартный с видом в атриум (двуспальная кровать) (кровать queen size),1,8.7,2333.0,2395,Москва,361.0,2026-09-27 07:45:18.163,4.0,4.3,1836.0,awarded-hotel,Москва,январь,moscow_january.xlsx,7,13185.714285714286,5-10 км,8-9,10
"проспект 60-летия Октября, д.14, пом. II, Москва",2027-01-02,2027-01-09,Москва,Россия,RUB,7.6424646,False,False,False,littlehotel_mini_hotel,False,False,Mini-hotel,55.691463,37.57483,13902910,True,40036.0,5719,Мини-отель Littlehotel,LittleHotel Mini hotel,Академическая (Калужско-Рижская),434.0,,417.67,40036.0,476.19,RUB,False,,False,nomeal,40036.0,417.67,5719,40036.0,476.19,Семейный номер Classic с видом на город (двуспальная кровать),1,8.7,7.0,2395,Москва,8.0,2026-09-27 07:45:18.163,,,,,Москва,январь,moscow_january.xlsx,7,5719.428571428572,5-10 км,8-9,5
"переулок Плотников , д. 12, Москва",2027-01-02,2027-01-09,Москва,Россия,RUB,2.0861137,True,True,False,arbat,False,False,Hotel,55.746128,37.589176,7467291,True,87500.0,12500,Отель Арбат,Arbat Hotel,Смоленская (Арбатско-Покровская),375.0,,912.83,87500.0,1040.74,RUB,True,2027-01-01T11:00:00Z,True,breakfast,87500.0,912.83,12500,87500.0,1040.74,Двухместный номер Стандарт (двуспальная кровать),1,9.0,557.0,2395,Москва,104.0,2026-09-27 07:45:18.163,3.0,4.1,333.0,,Москва,январь,moscow_january.xlsx,7,12500.0,2-5 км,8-9,10
"Пресненская набережная, д.12, комплекс Москва-Сити, башня Федерация, Восточный вход, 84 этаж, апартаменты 8401, Москва",2027-01-02,2027-01-09,Москва,Россия,RUB,5.0674276,True,True,False,dot_space_84,True,False,Mini-hotel,55.749626,37.537426,9741146,True,68250.0,9750,Мини-отель Dot Space 84,Dot Space 84 Mini-hotel,Деловой центр (Солнцевская),142.0,,712.01,68250.0,811.78,RUB,True,2027-01-01T11:00:00Z,True,breakfast,68250.0,712.01,9750,68250.0,811.78,Двойная капсула (общая ванная комната) (2 отдельные кровати),1,8.8,139.0,2395,Москва,24.0,2026-09-27 07:45:18.163,,3.8,6.0,,Москва,январь,moscow_january.xlsx,7,9750.0,5-10 км,8-9,10
"улица Новый Арбат, д. 15, Москва",2027-01-02,2027-01-09,Москва,Россия,RUB,1.6009573,True,False,True,intermark_residence_apartments,True,False,Aparthotel,55.751934,37.593067,9024447,True,116800.0,16686,Апарт-отель Intermark Residence,Intermark Residence Apart-hotel,Арбатская (Филёвская),530.0,,1218.5,116800.0,1389.24,RUB,True,2027-01-01T12:00:00Z,False,nomeal,116800.0,1218.5,16686,116800.0,1389.24,Двухместная студия с красивым видом из окна (двуспальная кровать и диван) (кровать queen size),1,8.8,192.0,2395,Москва,144.0,2026-09-27 07:45:18.163,4.0,3.7,30.0,,Москва,январь,moscow_january.xlsx,7,16685.714285714286,0-2 км,8-9,10
"Москва, р-н Пресненский, 1-й Красногвардейский проезд, д. 22, стр. 1, помещ. 609, Москва",2027-01-02,2027-01-09,Москва,Россия,RUB,5.2773433,True,False,True,v_moskva_siti_75_etazh_apartments,True,False,Aparthotel,55.751133,37.533726,10161593,True,185840.0,26549,Апарт-отель ИнПремиум,InPremium Apartment Hotel,Москва-Сити (Филевская),281.0,,1938.75,185840.0,2210.41,RUB,True,2027-01-02T00:00:00Z,False,nomeal,185840.0,1938.75,26549,185840.0,2210.41,Апартаменты 62 Floor c 1 комнатой (двуспальная кровать),1,9.5,124.0,2395,Москва,17.0,2026-09-27 07:45:18.163,,,,awarded-hotel,Москва,январь,moscow_january.xlsx,7,26548.571428571428,5-10 км,9+,10
"улица Большая Семёновская, д.43, Москва",2027-01-02,2027-01-09,Москва,Россия,RUB,6.618502,True,True,False,fafralle_minihotel,False,False,Hotel,55.78168,37.713116,8744883,True,59983.0,8569,Отель Фарфалле,Farfalle Hotel,Семёновская,430.0,,625.76,59983.0,713.45,RUB,True,2026-12-30T11:00:00Z,True,breakfast,59983.0,625.76,8569,59983.0,713.45,Двухместный номер Standard с видом на город (двуспальная кровать),1,9.1,122.0,2395,Москва,27.0,2026-09-27 07:45:18.163,3.0,4.3,14.0,awarded-hotel,Москва,январь,moscow_january.xlsx,7,8569.0,5-10 км,9+,10
"Волоколамское шоссе, 81/2, с3, Москва",2027-01-02,2027-01-09,Москва,Россия,RUB,14.946388,True,False,False,apartotel_vinterfell_streshnevo,True,False,Aparthotel,55.825687,37.413216,11274632,,55131.0,7876,Апарт-отель Винтерфелл Стрешнево,Apart-hotel Winterfell Streshnevo,Тушинская,1536.0,,575.15,55131.0,655.74,RUB,True,2027-01-01T11:00:00Z,False,nomeal,55131.0,575.15,7876,55131.0,655.74,Двухместные Апартаменты c панорамным видом на реку или город (двуспальная кровать),1,8.6,34.0,2395,Москва,18.0,2026-09-27 07:46:26.820,3.0,,,,Москва,январь,moscow_january.xlsx,7,7875.857142857143,10-20 км,8-9,10
"улица Намёткина, 10Д, Москва",2027-01-02,2027-01-09,Москва,Россия,RUB,11.425099,True,False,True,apartments_knokey_kaluzhskaya,False,False,Apartment,55.660027,37.5516,13971343,True,69266.0,9895,Апартаменты Knokey Калужская,Apartments Knokey Kaluzhskaya,Воронцовская,776.0,,722.61,69266.0,823.86,RUB,True,2027-01-01T12:00:00Z,False,nomeal,69266.0,722.61,9895,69266.0,823.86,Студия (двуспальная кровать),1,9.3,2.0,2395,Москва,,2026-09-27 07:46:26.820,,,,,Москва,январь,moscow_january.xlsx,7,9895.142857142857,10-20 км,9+,10
"Хохловский пер., 11, стр. 1, Москва",2027-01-02,2027-01-09,Москва,Россия,RUB,1.634207,False,False,False,loft_hotel_h11,True,False,Hotel,55.7571,37.64374,8670999,True,58800.0,8400,Отель Loft H11,Loft H11 Hotel,Китай-город (Калужско-Рижская),677.0,,613.42,58800.0,699.38,RUB,False,,False,nomeal,58800.0,613.42,8400,58800.0,699.38,Двухместный номер Standard (двуспальная кровать),1,8.1,239.0,2395,Москва,11.0,2026-09-27 07:46:26.820,,3.9,41.0,,Москва,январь,moscow_january.xlsx,7,8400.0,0-2 км,8-9,10
"Линейный проезд, д. 6а, Москва",2027-01-02,2027-01-09,Москва,Россия,RUB,9.842187,True,False,True,apartotel_metro_plus,True,False,Apartment,55.840977,37.574093,10094357,True,32981.0,4712,Апартаменты Metro Plus,Apartment Metro Plus,Петровско-Разумовская (Серпуховско-Тимирязевская),504.0,,344.07,32981.0,392.28,RUB,True,2027-01-01T12:00:00Z,False,nomeal,32981.0,344.07,4712,32981.0,392.28,Двухместный номер Comfort (двуспальная кровать),1,8.5,179.0,2395,Москва,9.0,2026-09-27 07:46:26.820,,,,,Москва,январь,moscow_january.xlsx,7,4711.571428571428,5-10 км,8-9,10
"тер Международный Аэропорт Шереметьево, терминал Аэроэкспресс 3 этаж, стр. Е2, помещ. 3, Москва",2027-01-02,2027-01-09,Москва,Россия,RUB,26.30371,True,False,False,capsule_hotel_sleepfly_svo,False,False,Hotel,55.963528,37.41525,13435765,,24820.0,3546,Капсульный отель Sleep&Fly Svo,Capsule Hotel Sleep&Fly Svo,,,,258.93,24820.0,295.21,RUB,True,2027-01-01T08:30:00Z,False,nomeal,24820.0,258.93,3546,24820.0,295.21,Двухместная Капсула (общая ванная комната) (двуспальная кровать),1,9.0,52.0,2395,Москва,24.0,2026-09-27 07:46:26.820,,,,,Москва,январь,moscow_january.xlsx,7,3545.714285714286,20+ км,8-9,10
"Известковый перпеулок, д. 5/2, Москва",2027-01-02,2027-01-09,Москва,Россия,RUB,2.7264955,True,False,False,freelife_hostel,False,False,Hostel,55.744446,37.65629,9227103,True,19636.0,2805,Хостел Free Life,Free Life Hostel,Таганская (Кольцевая),293.0,,204.85,19636.0,233.55,RUB,True,2027-01-01T11:00:00Z,False,nomeal,19636.0,204.85,2805,19636.0,233.55,Трёхместный номер Economy (общая ванная комната),1,7.8,243.0,2395,Москва,15.0,2026-09-27 07:46:26.820,,,,,Москва,январь,moscow_january.xlsx,7,2805.1428571428573,2-5 км,7-8,10
"Пресненская набережная, д.12, Москва",2027-01-02,2027-01-09,Москва,Россия,RUB,5.0668387,True,False,False,kg_moskvasiti_apartments,True,True,Apartment,55.749634,37.537434,13124931,True,173130.0,24733,Апартаменты КГ Москва-Сити,Kg Moskva-Siti Apartments,Деловой центр (Солнцевская),142.0,,1806.15,173130.0,2059.23,RUB,True,2027-01-01T11:00:00Z,False,nomeal,173130.0,1806.15,24733,173130.0,2059.23,Апартаменты (двуспальная кровать и диван),1,9.7,54.0,2395,Москва,,2026-09-27 07:46:26.820,,,,awarded-hotel,Москва,январь,moscow_january.xlsx,7,24732.85714285714,5-10 км,9+,10
"Волховский переулок 23/3с2, Москва",2027-01-02,2027-01-09,Москва,Россия,RUB,4.524952,True,False,False,boutique_hotel_wellion_baumansky,True,False,Hotel,55.76981,37.6857,9322066,True,47670.0,6810,Веллион Бауманский Бутик-Отель,Wellion Baumansky hotel,Бауманская,509.0,,497.31,47670.0,566.99,RUB,True,2027-01-01T11:00:00Z,False,nomeal,47670.0,497.31,6810,47670.0,566.99,Двухместный номер Standard Мансарда (двуспальная кровать) (кровать queen size),1,8.6,129.0,2395,Москва,17.0,2026-09-27 07:46:26.820,3.0,4.6,31.0,,Москва,январь,moscow_january.xlsx,7,6810.0,2-5 км,8-9,10
"Театральный пр-д, д.2, Москва",2027-01-02,2027-01-09,Москва,Россия,RUB,0.3900091,True,False,True,metropol_hotel,True,False,Hotel,55.758766,37.621204,7595994,True,385000.0,55000,Отель Метрополь,Metropol Hotel,Театральная,203.0,1199.0,4016.46,385000.0,4579.24,RUB,True,2027-01-01T21:00:00Z,False,nomeal,385000.0,4016.46,55000,385000.0,4579.24,Двухместный номер Представительский (двуспальная кровать),1,9.1,4631.0,2395,Москва,272.0,2026-09-27 07:46:26.820,5.0,4.6,4357.0,awarded-hotel,Москва,январь,moscow_january.xlsx,7,55000.0,0-2 км,9+,10
"улица Каспийская, д.36, Москва",2027-01-02,2027-01-09,Москва,Россия,RUB,15.538053,True,False,False,hotel_tsaritsinsky_,False,False,Hotel,55.618786,37.666687,6447121,True,22313.0,3188,Отель Царицынский Комплекс,Tsaritsyinskij Kompleks Hotel,Царицыно,306.0,,232.78,22313.0,265.39,RUB,True,2027-01-01T09:00:00Z,False,nomeal,22313.0,232.78,3188,22313.0,265.39,Двухместный номер Эконом-класса (общая ванная комната) (2 отдельные кровати),1,7.9,163.0,2395,Москва,58.0,2026-09-27 07:46:26.820,,3.6,15.0,,Москва,январь,moscow_january.xlsx,7,3187.5714285714284,10-20 км,7-8,10
"улица Трубная, 17 стр.2, Москва",2027-01-02,2027-01-09,Москва,Россия,RUB,1.6112893,True,False,False,tsvetnoy_bulvar_hotel,False,False,Hotel,55.769817,37.624706,11253306,True,79539.0,11363,Отель Цветной бульвар,Tsvetnoy Bulvar Hotel,Трубная,273.0,,829.78,79539.0,946.05,RUB,True,2027-01-01T09:00:00Z,False,nomeal,79539.0,829.78,11363,79539.0,946.05,Двухместный номер Standard (двуспальная кровать),1,8.1,45.0,2395,Москва,31.0,2026-09-27 07:46:26.820,3.0,,,,Москва,январь,moscow_january.xlsx,7,11362.714285714286,0-2 км,8-9,6
"Краснопрудная улица, д.28, Москва",2027-01-02,2027-01-09,Москва,Россия,RUB,4.088947,True,False,True,komfort_tsentr_hostel,False,False,Hostel,55.779564,37.667736,6892224,True,40393.0,5770,Хостел Есенин,Esenin Hostel,Красносельская,109.0,,421.39,40393.0,480.44,RUB,True,2027-01-01T11:00:00Z,False,nomeal,40393.0,421.39,5770,40393.0,480.44,Двухместный номер Standard (общая ванная комната) (2 отдельные кровати),1,8.4,489.0,2395,Москва,26.0,2026-09-27 07:46:26.820,,4.3,72.0,,Москва,январь,moscow_january.xlsx,7,5770.428571428572,2-5 км,8-9,10
"Жулебинский бульвар,д. 15, Москва",2027-01-02,2027-01-09,Москва,Россия,RUB,16.092997,False,False,False,city_hotel_4,True,False,Hotel,55.695644,37.85158,8029138,True,25200.0,3600,Сити Отель на Жулебинском бульваре,City Hotel on Zhulebinskiy boulevard,Лермонтовский проспект,712.0,,262.9,25200.0,299.73,RUB,False,,False,nomeal,25200.0,262.9,3600,25200.0,299.73,Двухместный номер Standard с видом на город (двуспальная кровать),1,8.7,49.0,2395,Москва,6.0,2026-09-27 07:46:26.820,,3.8,6.0,,Москва,январь,moscow_january.xlsx,7,3600.0,10-20 км,8-9,10
"проспект Вернадского, д. 41, строение 1, Москва",2027-01-02,2027-01-09,Москва,Россия,RUB,11.64647,True,False,True,fortestate_prospekt_vernadskogo_411_14_apartments,True,False,Apartment,55.673203,37.503307,13347829,True,84000.0,12000,Апартаменты FortEstate Проспект Вернадского 41/1 (14),Fortestate prospekt Vernadskogo 41/1 14 Apartments,Проспект Вернадского,442.0,,876.32,84000.0,999.11,RUB,True,2027-01-01T12:00:00Z,False,nomeal,84000.0,876.32,12000,84000.0,999.11,Студия с видом на город (двуспальная кровать),1,9.3,14.0,2395,Москва,,2026-09-27 07:46:26.820,,,,,Москва,январь,moscow_january.xlsx,7,12000.0,10-20 км,9+,10
"Варшавское шоссе, д. 145 к. 8, Москва",2027-01-02,2027-01-09,Москва,Россия,RUB,19.70836,True,True,False,gostinitsa_roslesprom,True,False,Hotel,55.57871,37.602528,8059711,True,46655.0,6665,Гостиница Рослеспром,Roslesprom Hotel,Аннино,658.0,,486.72,46655.0,554.92,RUB,True,2027-01-01T11:00:00Z,True,breakfast,46655.0,486.72,6665,46655.0,554.92,Четырёхместный номер Deluxe с 2 комнатами с балконом и с видом на город,1,7.3,142.0,2395,Москва,84.0,2026-09-27 07:46:26.820,3.0,3.7,26.0,,Москва,январь,moscow_january.xlsx,7,6665.0,10-20 км,7-8,10
"улица Хамовнический Вал, д.34 (метро Спортивная), Москва",2027-01-02,2027-01-09,Москва,Россия,RUB,5.051663,True,False,False,iunost_otel,False,False,Hotel,55.722008,37.563805,7387573,True,51257.0,7322,Отель Юность,Yunost Hotel,Спортивная,144.0,,534.73,51257.0,609.66,RUB,True,2027-01-01T09:00:00Z,False,nomeal,51257.0,534.73,7322,51257.0,609.66,Двухместный номер Standard Plus с видом на город (двуспальная кровать),1,6.3,444.0,2395,Москва,196.0,2026-09-27 07:46:26.820,3.0,2.6,163.0,,Москва,январь,moscow_january.xlsx,7,7322.428571428572,5-10 км,<7,3
"улица Садовая-Каретная, д.20, стр. 3, Москва",2027-01-02,2027-01-09,Москва,Россия,RUB,1.8703985,True,False,False,otel_art_galaktika,False,False,Hotel,55.77223,37.6107,6551230,True,28844.0,4121,Отель Арт Галактика,Art Galaktika Hotel,Цветной бульвар,649.0,,300.91,28844.0,343.07,RUB,True,2026-12-31T21:00:00Z,False,nomeal,28844.0,300.91,4121,28844.0,343.07,Двухместная номер-капсула (общая ванная комната) (двуспальная кровать),1,6.5,346.0,2395,Москва,28.0,2026-09-27 07:46:26.821,,2.2,75.0,,Москва,январь,moscow_january.xlsx,7,4120.571428571428,0-2 км,<7,10
"Дмитровское шоссе, д. 171, Москва",2027-01-02,2027-01-09,Москва,Россия,RUB,21.45406,True,False,True,kholidei_inn_moskva_vinogradovo,False,False,Hotel,55.943546,37.537014,7601773,,31590.0,4513,Отель Edge Vinogradovo Moscow,Edge Vinogradovo Moscow Hotel,Физтех,2524.0,,329.56,31590.0,375.74,RUB,True,2027-01-01T21:00:00Z,False,nomeal,31590.0,329.56,4513,31590.0,375.74,Двухместный номер для гостей с особенными потребностями (2 отдельные кровати) (для гостей с ограниченными возможностями),1,8.9,476.0,2395,Москва,164.0,2026-09-27 07:46:26.821,4.0,3.8,332.0,,Москва,январь,moscow_january.xlsx,7,4512.857142857143,20+ км,8-9,10
"деревня Изварино, владение 46, строение 1, Внуково",2027-01-02,2027-01-09,Внуково,Россия,RUB,26.521767,True,True,False,apartamenty_antik,False,False,Hotel,55.624077,37.264664,8870554,,34464.0,4923,Гостиница Vnukovo Atlantis,Vnukovo Atlantis Hotel,Пыхтино,2106.0,,359.54,34464.0,409.92,RUB,True,2026-12-31T21:00:00Z,True,breakfast,34464.0,359.54,4923,34464.0,409.92,Двухместный номер (двуспальная кровать),1,7.1,191.0,965821604,Внуково,13.0,2026-09-27 07:46:26.821,,,,,Москва,январь,moscow_january.xlsx,7,4923.428571428572,20+ км,7-8,10
"Большой Гнездниковский переулок, 10, Москва",2027-01-02,2027-01-09,Москва,Россия,RUB,1.0913527,True,False,True,kvartirasvobodna_kvartira_v_pervom_neboskrebe_moskvyi,True,False,Apartment,55.763065,37.60583,8584664,True,151299.0,21614,Квартира Свободна - Гнездниковский,Svobodna - Gnezdikovskiy Flat,Тверская,180.0,,1578.4,151299.0,1799.57,RUB,True,2027-01-01T12:00:00Z,False,nomeal,151299.0,1578.4,21614,151299.0,1799.57,Четырёхместные апартаменты с видом на город (2 двуспальные кровати и диван),1,9.0,43.0,2395,Москва,,2026-09-27 07:46:26.821,,,,,Москва,январь,moscow_january.xlsx,7,21614.14285714286,0-2 км,8-9,10
"улица Бакунинская, д.70, Москва",2027-01-02,2027-01-09,Москва,Россия,RUB,5.199103,False,True,True,khostel_bakuninskayaru,False,False,Hostel,55.778194,37.690784,8854523,True,14000.0,2000,Хостелы Рус - Бакунинская,KHostely Rus - Bakuninskaya Hostel,Электрозаводская (Большая Кольцевая),859.0,,146.05,14000.0,166.52,RUB,False,,True,breakfast,14000.0,146.05,2000,14000.0,166.52,Кровать в общем номере (женский номер) (общая ванная комната) (3 двухъярусные кровати) (8 кроватей),1,6.9,11.0,2395,Москва,9.0,2026-09-27 07:46:29.367,,,,,Москва,январь,moscow_january.xlsx,7,2000.0,5-10 км,<7,10
"улица Ярославская, д. 8 корпус 2, Москва",2027-01-02,2027-01-09,Москва,Россия,RUB,7.1228967,True,False,False,derzhavnyij_hotel,False,False,Hotel,55.817554,37.648663,8874860,True,64293.0,9185,Отель Державный,Derzhavnyij Hotel,ВДНХ,639.0,,670.73,64293.0,764.71,RUB,True,2027-01-01T10:30:00Z,False,nomeal,64293.0,670.73,9185,64293.0,764.71,Двухместный люкс Superior (двуспальная кровать),1,8.8,410.0,2395,Москва,69.0,2026-09-27 07:46:29.367,3.0,4.2,52.0,,Москва,январь,moscow_january.xlsx,7,9184.714285714286,5-10 км,8-9,10
"Новая Басманная улица, д. 10, стр. 1, Москва",2027-01-02,2027-01-09,Москва,Россия,RUB,2.7859442,True,False,False,ars_hotel_2,False,False,Hotel,55.768574,37.65611,7000196,True,43740.0,6249,Гостиница Арс-отель,Ars-otel Hotel,Красные ворота,454.0,,456.31,43740.0,520.25,RUB,True,2027-01-01T21:00:00Z,False,nomeal,43740.0,456.31,6249,43740.0,520.25,Двухместный номер Standard (двуспальная кровать) (без окна),1,7.1,232.0,2395,Москва,27.0,2026-09-27 07:46:29.367,,2.9,47.0,,Москва,январь,moscow_january.xlsx,7,6248.571428571428,2-5 км,7-8,10
"проезд Гостиничный проезд, д. 6, корп. 2, Москва",2027-01-02,2027-01-09,Москва,Россия,RUB,10.185979,True,False,True,dom_na_okruzhnoy_apartments,True,False,Apartment,55.84458,37.57667,13862199,True,38987.0,5570,Апартаменты Дом на Окружной,Dom Na Okruzhnoy Apartments,Окружная (Люблинско-Дмитровская),244.0,,406.73,38987.0,463.72,RUB,True,2027-01-01T12:00:00Z,False,nomeal,38987.0,406.73,5570,38987.0,463.72,Студия (двуспальная кровать),1,9.4,15.0,2395,Москва,,2026-09-27 07:46:29.367,,,,,Москва,январь,moscow_january.xlsx,7,5569.571428571428,10-20 км,9+,10
"Солнечногорский район, Исаково, ул. Запрудная 29 Б, Москва",2027-01-02,2027-01-09,Москва,Россия,RUB,28.708658,True,False,False,sheremetveo_hotel,False,False,Hotel,55.97912,37.385975,9081137,,777777.0,111111,Отель Шереметьево,Sheremetyevo Hotel,,,,8114.04,777777.0,9250.99,RUB,True,2027-01-01T11:00:00Z,False,nomeal,777777.0,8114.04,111111,777777.0,9250.99,Двухместный номер Улучшенный Стандарт (двуспальная кровать),1,7.7,315.0,2395,Москва,16.0,2026-09-27 07:46:29.367,,3.5,12.0,,Москва,январь,moscow_january.xlsx,7,111111.0,20+ км,7-8,10
"Линейный проезд 6А, Москва",2027-01-02,2027-01-09,Москва,Россия,RUB,9.846392,True,False,True,apartments_prestizh_metro_plus,True,False,Apartment,55.841015,37.574085,13739516,True,35553.0,5079,Апартаменты Престиж Metro plus,Apartments Prestizh Metro Plus,Петровско-Разумовская (Серпуховско-Тимирязевская),508.0,,370.9,35553.0,422.87,RUB,True,2027-01-01T12:00:00Z,False,nomeal,35553.0,370.9,5079,35553.0,422.87,Студия,1,9.5,20.0,2395,Москва,,2026-09-27 07:46:29.367,,,,,Москва,январь,moscow_january.xlsx,7,5079.0,5-10 км,9+,10
"Люсиновская улица, д.11/12с1, Москва",2027-01-02,2027-01-09,Москва,Россия,RUB,3.1002803,True,False,False,na_dobryninskoy_guest_house,False,False,Guesthouse,55.72816,37.623592,11256314,True,34732.0,4962,Гостевой дом на Добрынинской,Na Dobryninskoy Guest house,Добрынинская (Кольцевая),110.0,,362.34,34732.0,413.11,RUB,True,2027-01-01T11:00:00Z,False,nomeal,34732.0,362.34,4962,34732.0,413.11,Двухместный номер Economy (общая ванная комната) (2 отдельные кровати),1,7.8,110.0,2395,Москва,,2026-09-27 07:46:29.367,,,,,Москва,январь,moscow_january.xlsx,7,4961.714285714285,2-5 км,7-8,9
"улица 2-я Рейсовая, дом 2, Москва",2027-01-02,2027-01-09,Москва,Россия,RUB,26.37393,True,False,False,doubletree_by_hilton_moscow_vnukovo_airport,False,False,Hotel,55.606064,37.29116,8848335,True,92948.0,13278,DoubleTree by Hilton Moscow — Vnukovo Airport,DoubleTree by Hilton Moscow — Vnukovo Airport,Аэропорт Внуково,190.0,46.0,969.67,92948.0,1105.54,RUB,True,2027-01-01T10:30:00Z,False,nomeal,92948.0,969.67,13278,92948.0,1105.54,Двухместный номер Гостиничный с видом на атриум (двуспальная кровать) (кровать queen size),1,9.2,486.0,2395,Москва,432.0,2026-09-27 07:46:29.367,4.0,4.3,333.0,airport-hotel,Москва,январь,moscow_january.xlsx,7,13278.285714285714,20+ км,9+,10
"Площадь Тверская застава дом 2, строение 2, Москва",2027-01-02,2027-01-09,Москва,Россия,RUB,3.0172565,True,False,False,turris_hotel_tverskaya,False,False,Hotel,55.775402,37.584183,13876221,True,65226.0,9318,Отель Turris Tverskaya,Turris Tverskaya Hotel,Белорусская (Замоскворецкая),254.0,,680.46,65226.0,775.81,RUB,True,2027-01-01T21:00:00Z,False,nomeal,65226.0,680.46,9318,65226.0,775.81,Двухместный номер Simple (двуспальная кровать) (в главном здании),1,7.7,74.0,2395,Москва,54.0,2026-09-27 07:46:29.367,,,,,Москва,январь,moscow_january.xlsx,7,9318.0,2-5 км,7-8,6
"Известковый переулок, д.5, стр. 2, Москва",2027-01-02,2027-01-09,Москва,Россия,RUB,2.7245102,True,False,False,winterfell_on_taganskaya_square,True,False,Hotel,55.74448,37.656284,8675286,True,31907.0,4558,Отель Винтерфелл Таганская площадь,Hotel Winterfell Taganskaya Square,Таганская (Кольцевая),296.0,,332.87,31907.0,379.51,RUB,True,2027-01-01T10:30:00Z,False,nomeal,31907.0,332.87,4558,31907.0,379.51,Трёхместный номер Бюджетный (общая ванная комната) (двуспальная кровать и односпальная кровать) (без окна),1,8.4,92.0,2395,Москва,23.0,2026-09-27 07:46:29.367,,2.8,10.0,,Москва,январь,moscow_january.xlsx,7,4558.142857142857,2-5 км,8-9,10
"Армянский переулок, д3-5, с1а, Москва",2027-01-02,2027-01-09,Москва,Россия,RUB,1.2373117,True,False,False,sanriz_rooms_living_quarters,False,False,Hotel,55.760612,37.635597,13729227,True,41559.0,5937,Отель Лубянка Арт,Lubyanka Art Hotel,Чистые пруды,504.0,,433.56,41559.0,494.31,RUB,True,2027-01-01T11:00:00Z,False,nomeal,41559.0,433.56,5937,41559.0,494.31,Семейный номер Standard с видом на внутренний двор (двуспальная кровать),1,7.2,77.0,2395,Москва,34.0,2026-09-27 07:46:29.367,,,,,Москва,январь,moscow_january.xlsx,7,5937.0,0-2 км,7-8,10
"Ходынский бульвар, д.2, Москва",2027-01-02,2027-01-09,Москва,Россия,RUB,6.2073965,True,False,False,kg_liner_east_apartments,True,True,Apartment,55.789253,37.53808,13124926,True,93019.0,13288,Апартаменты КГ Лайнер Восток,Kg Lainer Vostok Apartments,ЦСКА,441.0,,970.41,93019.0,1106.38,RUB,True,2027-01-01T11:00:00Z,False,nomeal,93019.0,970.41,13288,93019.0,1106.38,Двухместные апартаменты (двуспальная кровать и диван),1,9.2,60.0,2395,Москва,,2026-09-27 07:46:29.367,,,,awarded-hotel,Москва,январь,moscow_january.xlsx,7,13288.42857142857,5-10 км,9+,10
"улица Петровка 19 стр.3, Москва",2027-01-02,2027-01-09,Москва,Россия,RUB,0.99438554,False,False,False,grand_revival_hotel,True,False,Hotel,55.7647,37.61521,10004948,True,81700.0,11671,Отель Revival Hotel,Revival Hotel,Чеховская,460.0,,852.32,81700.0,971.75,RUB,False,,False,nomeal,81700.0,852.32,11671,81700.0,971.75,"Двухместный номер Небольшой Улучшенный (2 отдельные кровати) (небольшая площадь, тип кровати может измениться)",1,8.3,161.0,2395,Москва,12.0,2026-09-27 07:46:29.367,3.0,,,,Москва,январь,moscow_january.xlsx,7,11671.42857142857,0-2 км,8-9,10
"Раушская набережная, д. 4/5, 1, Москва",2027-01-02,2027-01-09,Москва,Россия,RUB,1.0094094,False,False,False,apeironspace_hotel,True,False,Hotel,55.74854,37.627247,10627179,True,108228.0,15461,Отель ApeironSpace,ApeironSpace Hotel,Новокузнецкая,707.0,,1129.07,108228.0,1287.28,RUB,False,,False,nomeal,108228.0,1129.07,15461,108228.0,1287.28,Двухместный номер Superior (двуспальная кровать),1,8.9,11.0,2395,Москва,7.0,2026-09-27 07:46:29.367,,,,,Москва,январь,moscow_january.xlsx,7,15461.142857142857,0-2 км,8-9,10
"Никоновский переулок, д. 3/1, помещение 1/1, Москва",2027-01-02,2027-01-09,Москва,Россия,RUB,2.5415509,True,True,False,gostinitsa_nikonovka,True,False,Hotel,55.77843,37.611088,6730849,True,61031.0,8719,Отель Никоновка,Nikonovka Hotel,Достоевская,409.0,,636.7,61031.0,725.91,RUB,True,2027-01-01T09:00:00Z,True,breakfast,61031.0,636.7,8719,61031.0,725.91,Двухместный номер Standard (2 отдельные кровати),1,9.0,253.0,2395,Москва,13.0,2026-09-27 07:46:29.367,3.0,3.9,11.0,,Москва,январь,moscow_january.xlsx,7,8718.714285714286,2-5 км,8-9,10
"ул Покровка, д. 29, помещ. 5/1, Москва",2027-01-02,2027-01-09,Москва,Россия,RUB,2.0097919,True,False,False,apartotel_port_comfort_on_pokrovka,True,False,Hotel,55.76028,37.64887,10213623,True,53690.0,7670,Апарт-отель Комплекс апартаментов Port Comfort on Pokrovka,Complex Apartments Port Comfort on Pokrovka Apart Hotel,Курская (Арбатско-Покровская),648.0,1791.0,560.11,53690.0,638.6,RUB,True,2027-01-01T22:00:00Z,False,nomeal,53690.0,560.11,7670,53690.0,638.6,Двухместный номер Standard (двуспальная кровать),1,8.2,259.0,2395,Москва,23.0,2026-09-27 07:46:29.367,,,,,Москва,январь,moscow_january.xlsx,7,7670.0,2-5 км,8-9,10
"пл Спартаковская, д. 16/15, стр. 1, Москва",2027-01-02,2027-01-09,Москва,Россия,RUB,4.542531,True,False,True,tochka_zapyataya_apartments,False,False,Aparthotel,55.776688,37.68023,9260252,True,52046.0,7435,Апарт-отель Точка Запятая апарт&коливинг,Tochka Zapyataya apart&koliving Apartment hotel,Бауманская,483.0,,542.96,52046.0,619.04,RUB,True,2027-01-01T12:00:00Z,False,nomeal,52046.0,542.96,7435,52046.0,619.04,Двухместные апартаменты (двуспальная кровать) (кровать queen size),1,8.8,116.0,2395,Москва,63.0,2026-09-27 07:46:29.367,,4.8,8.0,,Москва,январь,moscow_january.xlsx,7,7435.142857142857,2-5 км,8-9,9
"Верхняя Красносельская улица, д. 8, к. 3, помещ. 2/1, Москва",2027-01-02,2027-01-09,Москва,Россия,RUB,4.071011,False,False,False,like_krasnoselskaya_hostel,True,False,Hostel,55.78388,37.659668,9079090,True,36562.0,5223,Хостел Like,Like Hostel,Красносельская,602.0,,381.43,36562.0,434.87,RUB,False,,False,nomeal,36562.0,381.43,5223,36562.0,434.87,Двухместный номер VIP (двуспальная кровать),1,8.1,103.0,2395,Москва,6.0,2026-09-27 07:46:29.368,,,,,Москва,январь,moscow_january.xlsx,7,5223.142857142857,2-5 км,8-9,10
"Пресненская набережная, д.12, Москва",2027-01-02,2027-01-09,Москва,Россия,RUB,5.0668387,True,False,True,spa_u_vas_doma_na_77_etazhe_apartments,True,True,Resort,55.749634,37.537434,13922994,True,245797.0,35114,Апартаменты Spa у Вас дома на 77 этаже,Spa u Vas Doma na 77 Etazhe Apartments,Деловой центр (Солнцевская),142.0,,2564.24,245797.0,2923.54,RUB,True,2027-01-01T12:00:00Z,False,nomeal,245797.0,2564.24,35114,245797.0,2923.54,Двухместная студия с красивым видом из окна (двуспальная кровать),1,9.8,3.0,2395,Москва,,2026-09-27 07:46:29.368,,,,,Москва,январь,moscow_january.xlsx,7,35113.857142857145,5-10 км,9+,10
"Кутузовский проспект, д.30, подъезд 11 А, Москва",2027-01-02,2027-01-09,Москва,Россия,RUB,5.2742276,False,False,False,mia_milano_hotel,True,False,Hotel,55.74148,37.53733,9083383,True,100500.0,14357,Отель Миа Милано,Mia Milano Hotel,Кутузовская (Филёвская),242.0,,1048.45,100500.0,1195.36,RUB,False,,False,nomeal,100500.0,1048.45,14357,100500.0,1195.36,Двухместный номер Standard (двуспальная кровать),1,8.6,59.0,2395,Москва,10.0,2026-09-27 07:46:29.368,4.0,,,,Москва,январь,moscow_january.xlsx,7,14357.142857142857,5-10 км,8-9,10
"Рябиновая улица, д.1, Одинцово",2027-01-02,2027-01-09,Одинцово,Россия,RUB,24.81905,True,False,True,dvukhurovnevye_na_ryabinovoy_1_apartments,True,False,Apartment,55.654217,37.264725,13308079,,38324.0,5475,Апартаменты Двухуровневые на Рябиновой 1,Dvukhurovnevye Na Ryabinovoy 1 Apartments,Пыхтино,3871.0,,399.81,38324.0,455.83,RUB,True,2027-01-01T11:00:00Z,False,nomeal,38324.0,399.81,5475,38324.0,455.83,Двухместные апартаменты (двуспальная кровать и диван),1,8.5,12.0,6215082,Одинцово,,2026-09-27 07:47:38.582,,,,,Москва,январь,moscow_january.xlsx,7,5474.857142857143,20+ км,8-9,10
"улица Зацепский вал, д. 4, стр. 1, Москва",2027-01-02,2027-01-09,Москва,Россия,RUB,2.8776815,True,False,False,roskoshnaya_kvartira_v_tsentre_moskvyi,True,False,Apartment,55.733215,37.64001,9993401,True,75587.0,10798,Апартаменты в центре Москвы,V Tsentre Moskvi Apartments,Павелецкая (Замоскворецкая),153.0,,788.55,75587.0,899.04,RUB,True,2026-12-11T19:00:00Z,False,nomeal,75587.0,788.55,10798,75587.0,899.04,Апартаменты с балконом и с красивым видом из окна,1,9.4,26.0,2395,Москва,,2026-09-27 07:47:38.582,,,,,Москва,январь,moscow_january.xlsx,7,10798.142857142857,2-5 км,9+,10
"улица Покровка, д.43 строение 2, Москва",2027-01-02,2027-01-09,Москва,Россия,RUB,2.3122635,True,False,False,pokrovskij_dom,True,False,Hotel,55.762634,37.652668,8752103,True,56525.0,8075,Отель Покровский Дом,Pokrovskij Dom Hotel,Курская (Арбатско-Покровская),588.0,,589.69,56525.0,672.32,RUB,True,2027-01-01T11:00:00Z,False,nomeal,56525.0,589.69,8075,56525.0,672.32,Двухместный номер Standard (2 отдельные кровати),1,8.3,196.0,2395,Москва,3.0,2026-09-27 07:47:38.582,3.0,3.8,12.0,,Москва,январь,moscow_january.xlsx,7,8075.0,2-5 км,8-9,10
"Цветной бульвар, д.24/1, Москва",2027-01-02,2027-01-09,Москва,Россия,RUB,1.7232742,False,False,False,otel_tsirkus,False,False,Hotel,55.771137,37.62247,8161401,True,41700.0,5957,Отель Циркус,Tsirkus Hotel,Цветной бульвар,107.0,,435.03,41700.0,495.99,RUB,False,,False,nomeal,41700.0,435.03,5957,41700.0,495.99,Двухместный номер Standard (двуспальная кровать),1,8.8,248.0,2395,Москва,7.0,2026-09-27 07:47:38.583,3.0,3.9,71.0,,Москва,январь,moscow_january.xlsx,7,5957.142857142857,0-2 км,8-9,10
"Волоколамское шоссе, д.30, корп.1, Москва",2027-01-02,2027-01-09,Москва,Россия,RUB,10.773037,True,False,False,hotel_pokrovskoestreshnevo,False,False,Hotel,55.813305,37.478806,7941182,True,29400.0,4200,Отель Покровское-Стрешнево,Pokrovskoe-Streshnevo Hotel,Стрешнево,515.0,,306.71,29400.0,349.69,RUB,True,2027-01-01T11:00:00Z,False,nomeal,29400.0,306.71,4200,29400.0,349.69,Двухместный номер Standard (2 отдельные кровати),1,8.4,98.0,2395,Москва,180.0,2026-09-27 07:47:38.583,3.0,2.8,41.0,,Москва,январь,moscow_january.xlsx,7,4200.0,10-20 км,8-9,10
"1-я улица Энтузиастов, 12а помещ.3/2, Москва",2027-01-02,2027-01-09,Москва,Россия,RUB,6.8022585,True,False,True,miniotel_bti,False,False,Apartment,55.74953,37.72589,6295913,True,23624.0,3375,Гостиница БТИ-2,Hotel BTI-2,Авиамоторная,579.0,,246.45,23624.0,280.99,RUB,True,2027-01-01T10:30:00Z,False,nomeal,23624.0,246.45,3375,23624.0,280.99,Двухместный номер Superior (2 отдельные кровати),1,6.1,132.0,2395,Москва,12.0,2026-09-27 07:47:38.583,,5.0,1.0,,Москва,январь,moscow_january.xlsx,7,3374.8571428571427,5-10 км,<7,10
"улица Лесная, д.10/16, Москва",2027-01-02,2027-01-09,Москва,Россия,RUB,3.087987,True,False,True,kvartira_svobodna_lesnaya_apartments,True,False,Apartment,55.778645,37.58941,10660003,True,136158.0,19451,Квартира Свободна Лесная,Svobodna Lesnaya Flat,Белорусская (Кольцевая),477.0,,1420.45,136158.0,1619.48,RUB,True,2026-12-31T12:00:00Z,False,nomeal,136158.0,1420.45,19451,136158.0,1619.48,Апартаменты (двуспальная кровать и диван),1,9.3,12.0,2395,Москва,,2026-09-27 07:47:38.583,,,,,Москва,январь,moscow_january.xlsx,7,19451.14285714286,2-5 км,9+,10
"Севастопольский проспект, д. 7 корпус 7, Москва",2027-01-02,2027-01-09,Москва,Россия,RUB,7.365207,True,False,False,hotel_loft_hotel_na_krymskoy_hotel,False,False,Hotel,55.689617,37.613846,11205637,True,58327.5,8333,Отель Лофт Отель на Крымской,Hotel Loft Hotel Na Krymskoy Hotel,Крымская (Троицкая),314.0,,608.49,58327.5,693.76,RUB,True,2027-01-01T21:00:00Z,False,nomeal,58327.5,608.49,8333,58327.5,693.76,Двухместный Лофт Стандарт (двуспальная кровать),1,7.1,58.0,2395,Москва,48.0,2026-09-27 07:47:38.583,2.0,,,,Москва,январь,moscow_january.xlsx,7,8332.5,5-10 км,7-8,10
"Холодильный переулок, д.2, Москва",2027-01-02,2027-01-09,Москва,Россия,RUB,5.150453,False,False,True,norke_tulskaya_apartments_3,True,False,Apartment,55.709663,37.62433,13428840,True,59998.0,8571,Апартаменты Norke Тульская Двухуровневая,Norke Tulskaya Dvuhurovnevaya Apartments,Тульская,141.0,,625.92,59998.0,713.62,RUB,False,,False,nomeal,59998.0,625.92,8571,59998.0,713.62,Апартаменты Standard с красивым видом из окна (двуспальная кровать и диван),1,9.0,4.0,2395,Москва,,2026-09-27 07:47:38.583,,,,,Москва,январь,moscow_january.xlsx,7,8571.142857142857,5-10 км,8-9,6
"Цветной бульвар, д.25с1, Москва",2027-01-02,2027-01-09,Москва,Россия,RUB,1.8978013,True,False,True,axismoscow_colors_apartments,True,False,Aparthotel,55.77286,37.620644,9990352,True,76611.0,10944,Апарт-отель Axis.Moscow Colors,Axis.Moscow Colors Apart-Hotel,Цветной бульвар,140.0,,799.23,76611.0,911.22,RUB,True,2026-12-26T12:00:00Z,False,nomeal,76611.0,799.23,10944,76611.0,911.22,Студия Мини с видом на внутренний двор (двуспальная кровать),1,9.6,101.0,2395,Москва,12.0,2026-09-27 07:47:38.583,3.0,,,awarded-hotel,Москва,январь,moscow_january.xlsx,7,10944.42857142857,0-2 км,9+,10
"Киевское шоссе, 22-й километр, 6А с3, Москва",2027-01-02,2027-01-09,Москва,Россия,RUB,17.788187,True,False,False,hotel_azimut_siti_hotel_komsiti_moskva,False,False,Hotel,55.63591,37.429607,10292782,True,58225.0,8318,AZIMUT Сити Отель Комсити Москва,AZIMUT Siti Hotel Komsiti Moskva,Румянцево,858.0,1199.0,607.42,58225.0,692.54,RUB,True,2027-01-01T21:00:00Z,False,nomeal,58225.0,607.42,8318,58225.0,692.54,Двухместный номер Standard (2 отдельные кровати),1,9.3,102.0,2395,Москва,150.0,2026-09-27 07:47:38.583,4.0,2.8,4.0,awarded-hotel,Москва,январь,moscow_january.xlsx,7,8317.857142857143,10-20 км,9+,10
"ул. 2-я Кабельная, 10, Москва",2027-01-02,2027-01-09,Москва,Россия,RUB,6.2801957,True,False,False,minihotel_aviamotornaya,False,False,Mini-hotel,55.74872,37.71732,8311370,True,33530.0,4790,Мини-гостиница Авиамоторная,Aviamotornaya Mini Hotel,Авиамоторная (Калининская),305.0,,349.8,33530.0,398.81,RUB,True,2027-01-01T09:00:00Z,False,nomeal,33530.0,349.8,4790,33530.0,398.81,Двухместный номер Economy (двуспальная кровать) (без окна),1,8.1,203.0,2395,Москва,32.0,2026-09-27 07:47:38.583,2.0,4.1,26.0,,Москва,январь,moscow_january.xlsx,7,4790.0,5-10 км,8-9,10
"улица Герасима Курина, д.16, Москва",2027-01-02,2027-01-09,Москва,Россия,RUB,9.508806,True,False,False,gosti_hotel,False,False,Hotel,55.731693,37.471867,13900450,True,40174.0,5739,Отель Гости,Gosti Hotel,Славянский бульвар,209.0,,419.11,40174.0,477.84,RUB,True,2027-01-01T11:00:00Z,False,nomeal,40174.0,419.11,5739,40174.0,477.84,Номер Comfort с видом на внутренний двор (двуспальная кровать),1,9.7,7.0,2395,Москва,,2026-09-27 07:47:38.583,,,,,Москва,январь,moscow_january.xlsx,7,5739.142857142857,5-10 км,9+,10
"2-oй Ленинский переулок, дом 11, Мытищи",2027-01-02,2027-01-09,Мытищи,Россия,RUB,15.80224,True,False,True,perlovka_guest_house_,True,False,Hotel,55.884274,37.72647,6550893,,14280.0,2040,Частный дом На Перловской,Na Perlovskoj Private house,Медведково,4080.0,,148.97,14280.0,169.85,RUB,True,2027-01-01T11:00:00Z,False,nomeal,14280.0,148.97,2040,14280.0,169.85,Двухместный номер Economy с видом на внутренний двор (общая ванная комната) (2 отдельные кровати),1,8.3,55.0,179619,Мытищи,10.0,2026-09-27 07:47:38.583,,4.0,6.0,,Москва,январь,moscow_january.xlsx,7,2040.0,10-20 км,8-9,10
"1-й Красногвардейский проезд, д.21 стр.2, Москва",2027-01-02,2027-01-09,Москва,Россия,RUB,5.277746,True,False,True,v_moskvasiti_na_54_etazhe_apartments,True,False,Apartment,55.74938,37.534092,13727693,True,117816.0,16831,Апартаменты в Москва-Сити на 54 этаже,V Moskva-Siti Na 54 Etazhe Apartments,Москва-Сити (Филевская),106.0,,1229.1,117816.0,1401.32,RUB,True,2026-12-30T12:00:00Z,False,nomeal,117816.0,1229.1,16831,117816.0,1401.32,Студия с красивым видом из окна (двуспальная кровать),1,9.6,1.0,2395,Москва,,2026-09-27 07:47:38.583,,,,,Москва,январь,moscow_january.xlsx,7,16830.85714285714,5-10 км,9+,10
"улица Новый Арбат, д. 26, Москва",2027-01-02,2027-01-09,Москва,Россия,RUB,2.0195608,True,False,True,kvartira_svobodna_novyij_arbat_26_apartments,True,False,Apartment,55.75306,37.58579,9209682,True,136106.0,19444,Квартира Свободна - Новый Арбат 26,Svobodna - Novyij Arbat 26 Flat,Смоленская (Филёвская),581.0,,1419.91,136106.0,1618.86,RUB,True,2026-12-31T12:00:00Z,False,nomeal,136106.0,1419.91,19444,136106.0,1618.86,Апартаменты с красивым видом из окна (двуспальная кровать и диван),1,9.4,24.0,2395,Москва,,2026-09-27 07:47:38.583,,,,,Москва,январь,moscow_january.xlsx,7,19443.714285714286,2-5 км,9+,10
"Волоколамское шоссе, д.71/22, корп.3, Москва",2027-01-02,2027-01-09,Москва,Россия,RUB,13.543583,True,False,False,inhome24_spokoynaya_oranzhevaya_studiya_v_zhk_tushino_apartment,True,False,Apartment,55.82225,37.435898,13349549,True,53459.0,7637,Апартаменты InHome24 Спокойная Оранжевая Студия в ЖК Тушино,Inhome24 Spokoynaya oranzhevaya Studiya V Zhk Tushino Apartment,Спартак,453.0,,557.7,53459.0,635.85,RUB,True,2027-01-01T12:00:00Z,False,nomeal,53459.0,557.7,7637,53459.0,635.85,Двухместные апартаменты c 1 комнатой (двуспальная кровать),1,9.2,10.0,2395,Москва,,2026-09-27 07:47:38.583,,,,,Москва,январь,moscow_january.xlsx,7,7637.0,10-20 км,9+,10
"улица Автозаводская, дом 23, строение 120, корпус 6, Москва",2027-01-02,2027-01-09,Москва,Россия,RUB,6.2632194,True,False,False,kigo_park_legend_minihotel,True,False,Apartment,55.70128,37.642654,9287654,True,23204.0,3315,Апартаменты Киго Парк Легенд,Kigo Park Legend Apartments,ЗИЛ (МЦК),490.0,,242.07,23204.0,275.99,RUB,True,2026-12-26T11:00:00Z,False,nomeal,23204.0,242.07,3315,23204.0,275.99,Двухместный номер Standard (общая ванная комната) (двуспальная кровать),1,9.2,213.0,2395,Москва,15.0,2026-09-27 07:47:38.583,,5.0,2.0,awarded-hotel,Москва,январь,moscow_january.xlsx,7,3314.8571428571427,5-10 км,9+,10
"Комсомольский проспект, д.15/2, Москва",2027-01-02,2027-01-09,Москва,Россия,RUB,3.4663506,True,False,False,hamovniki_minihotel,False,False,Mini-hotel,55.729534,37.58798,9080256,True,48626.0,6947,Мини-отель Хамовники,Hamovniki Mini-hotel,Фрунзенская,664.0,,507.28,48626.0,578.36,RUB,True,2026-12-29T21:00:00Z,False,nomeal,48626.0,507.28,6947,48626.0,578.36,Двухместный номер Standard (двуспальная кровать),1,8.1,97.0,2395,Москва,20.0,2026-09-27 07:47:38.583,2.0,,,,Москва,январь,moscow_january.xlsx,7,6946.571428571428,2-5 км,8-9,10
"улица Средняя Переяславская, д. 27, стр. 1, Москва",2027-01-02,2027-01-09,Москва,Россия,RUB,3.9328697,True,False,False,dvukhurovnevye_snow_space_nedaleko_ot_ploschadi_tryokh_vokzalov_apartments,True,False,Apartment,55.788628,37.641495,13109610,True,52927.0,7561,Апартаменты Двухуровневые недалеко от Площади Трёх Вокзалов,Dvukhurovnevye nedaleko ot Ploshchadi Tryokh Vokzalov Apartments,Рижская (Калужско-Рижская),548.0,,552.15,52927.0,629.52,RUB,True,2026-12-25T23:00:00Z,False,nomeal,52927.0,552.15,7561,52927.0,629.52,Апартаменты (двуспальная кровать и диван),1,8.9,37.0,2395,Москва,,2026-09-27 07:47:38.583,,,,,Москва,январь,moscow_january.xlsx,7,7561.0,2-5 км,8-9,10
"вн.тер.г. муниципальный округ Тверской, ул Александра Невского, д. 27, помещ. 1/1, Москва",2027-01-02,2027-01-09,Москва,Россия,RUB,2.9408197,True,False,False,yum_yum_guest_house,False,False,Hotel,55.77679,37.5889,8742604,True,55993.0,7999,Гостиница Юм Юм,Yum Yum Hotel,Белорусская (Кольцевая),432.0,,584.14,55993.0,665.99,RUB,True,2027-01-01T11:00:00Z,False,nomeal,55993.0,584.14,7999,55993.0,665.99,Двухместный номер Economy (общая ванная комната) (двуспальная кровать) (без окна),1,8.3,75.0,2395,Москва,11.0,2026-09-27 07:48:15.049,,4.2,20.0,,Москва,январь,moscow_january.xlsx,7,7999.0,2-5 км,8-9,10
"пос.Московский, СНТ Верхнее Акатово, д.55c1, Московский",2027-01-02,2027-01-09,Московский,Россия,RUB,24.206,True,True,False,homehotel,False,False,Hotel,55.610615,37.329735,6341516,,20540.0,2934,Home Hotel Внуково,Home Hotel Vnukovo,Пыхтино,2559.0,,214.28,20540.0,244.31,RUB,True,2027-01-01T09:00:00Z,True,breakfast,20540.0,214.28,2934,20540.0,244.31,Двухместный номер Standard (общая ванная комната) (двуспальная кровать),1,6.8,353.0,965829913,Московский,72.0,2026-09-27 07:48:15.049,,4.3,144.0,,Москва,январь,moscow_january.xlsx,7,2934.285714285714,20+ км,<7,10
"шоссе Головинское, д. 11, Москва",2027-01-02,2027-01-09,Москва,Россия,RUB,12.087763,True,False,False,v_zhk_talisman_na_vodnom_apartments,True,True,Apartment,55.840042,37.495125,13113100,True,45023.0,6432,Апартаменты в Жк Талисман нa Воднoм,V Zhk Talisman Na Vodnom Apartments,Водный стадион,533.0,,469.7,45023.0,535.51,RUB,True,2026-12-26T11:00:00Z,False,nomeal,45023.0,469.7,6432,45023.0,535.51,Апартаменты (двуспальная кровать),1,10.0,5.0,2395,Москва,,2026-09-27 07:48:15.049,,,,,Москва,январь,moscow_january.xlsx,7,6431.857142857143,10-20 км,9+,7
"Благовещенский переулок, дом 1А, Москва",2027-01-02,2027-01-09,Москва,Россия,RUB,1.7802202,False,False,False,mayakovka_house,False,False,Hotel,55.766876,37.59702,7775499,True,30168.0,4310,Отель Дом на Маяковке,Dom Na Mayakovke Hotel,Маяковская,331.0,,314.72,30168.0,358.82,RUB,False,,False,nomeal,30168.0,314.72,4310,30168.0,358.82,Двухместный номер Комфорт (двуспальная кровать) (без окна),1,8.7,493.0,2395,Москва,52.0,2026-09-27 07:48:15.049,3.0,4.0,150.0,,Москва,январь,moscow_january.xlsx,7,4309.714285714285,0-2 км,8-9,10
"улица Чаплыгина, д.6, Москва",2027-01-02,2027-01-09,Москва,Россия,RUB,1.9840617,True,False,False,miniotel_chistoprudnyi,False,False,Mini-hotel,55.76386,37.646072,6488563,True,47128.0,6733,Мини-Отель Чистопрудный,Chistoprudny Mini-Hotel,Чистые пруды,475.0,,491.66,47128.0,560.55,RUB,True,2026-12-31T21:00:00Z,False,nomeal,47128.0,491.66,6733,47128.0,560.55,Двухместный номер стандарт Андеграунд (двуспальная кровать),1,8.7,342.0,2395,Москва,29.0,2026-09-27 07:48:15.049,2.0,4.1,50.0,,Москва,январь,moscow_january.xlsx,7,6732.571428571428,0-2 км,8-9,10
"улица 2-ая Черногрязская, д.10, Москва",2027-01-02,2027-01-09,Москва,Россия,RUB,4.4507027,True,True,False,miniotel_vystavka,False,False,Mini-hotel,55.76383,37.547935,8167071,True,30973.0,4425,Мини-отель Выставка,Vystavka Mini Hotel,Улица 1905 года,848.0,,323.12,30973.0,368.4,RUB,True,2027-01-01T10:30:00Z,True,breakfast,30973.0,323.12,4425,30973.0,368.4,Двухместный номер Стандартный (двуспальная кровать),1,8.4,348.0,2395,Москва,12.0,2026-09-27 07:48:15.049,,3.7,17.0,,Москва,январь,moscow_january.xlsx,7,4424.714285714285,2-5 км,8-9,6
"Озерковская набережная, д. 2/1, Москва",2027-01-02,2027-01-09,Москва,Россия,RUB,1.8586103,True,False,True,kvartirasvobodna_ozerkovskaya_naberezhnaya_21_3_flat,True,False,Apartment,55.742687,37.636005,13362115,True,153890.0,21984,Квартира Свободна Озерковская Набережная 2/1 (3),Svobodna Ozerkovskaya Naberezhnaya 2/1 (3) Flat,Новокузнецкая,435.0,,1605.43,153890.0,1830.39,RUB,True,2026-12-31T12:00:00Z,False,nomeal,153890.0,1605.43,21984,153890.0,1830.39,Номер Comfort с 2 комнатами,1,9.7,11.0,2395,Москва,,2026-09-27 07:48:15.049,,,,,Москва,январь,moscow_january.xlsx,7,21984.285714285714,0-2 км,9+,10
"улица Николоямская, д. 45, стр. 2, Москва",2027-01-02,2027-01-09,Москва,Россия,RUB,2.9956813,False,False,False,miniotel_na_taganskoy,True,False,Mini-hotel,55.74754,37.66326,10013908,True,30038.0,4291,Stay Way на Таганской,Stay Way na Taganskoy,Таганская (Кольцевая),845.0,,313.37,30038.0,357.28,RUB,False,,False,nomeal,30038.0,313.37,4291,30038.0,357.28,Двухместный номер Standard (общая ванная комната) (двуспальная кровать),1,7.8,162.0,2395,Москва,22.0,2026-09-27 07:48:15.049,,,,,Москва,январь,moscow_january.xlsx,7,4291.142857142857,2-5 км,7-8,10
"Лялин переулок, 3с3, Москва",2027-01-02,2027-01-09,Москва,Россия,RUB,2.184149,True,True,False,magic_harp_hotel,False,False,Hotel,55.760372,37.6517,11020434,True,95518.0,13645,Отель Magic Harp,Magic Harp Hotel,Курская (Арбатско-Покровская),485.0,,996.48,95518.0,1136.1,RUB,True,2026-12-31T21:00:00Z,True,breakfast,95518.0,996.48,13645,95518.0,1136.1,Двухместный номер Стандарт (двуспальная кровать),1,9.4,83.0,2395,Москва,34.0,2026-09-27 07:48:15.049,4.0,,,awarded-hotel,Москва,январь,moscow_january.xlsx,7,13645.42857142857,2-5 км,9+,10
"Лубянский проезд, д. 7/1, Москва",2027-01-02,2027-01-09,Москва,Россия,RUB,0.8186562,True,False,False,senator_hotel_8,True,False,Boutique_and_Design,55.758408,37.629986,8877301,True,99705.0,14244,Отель Дизайн Сенатор,Design Hotel Senator,Лубянка,186.0,,1040.16,99705.0,1185.91,RUB,True,2026-12-31T10:30:00Z,False,nomeal,99705.0,1040.16,14244,99705.0,1185.91,Двухместный номер Standard (двуспальная кровать),1,8.7,97.0,2395,Москва,15.0,2026-09-27 07:48:15.049,4.0,,,,Москва,январь,moscow_january.xlsx,7,14243.57142857143,0-2 км,8-9,6
"Краснопрудная улица, дом 24/1, корпус 2, Москва",2027-01-02,2027-01-09,Москва,Россия,RUB,3.9564352,True,False,False,vnorkeru_krasnoprudnaya_aparthotel,False,False,Aparthotel,55.77869,37.66627,9078374,True,51450.0,7350,Апарт-отель Norke Красносельская,Norke Krasnoselskaya Apart-hotel,Красносельская,130.0,1709.0,536.74,51450.0,611.95,RUB,True,2027-01-01T21:00:00Z,False,nomeal,51450.0,536.74,7350,51450.0,611.95,Двухместная Мини студия (двуспальная кровать),1,7.8,175.0,2395,Москва,41.0,2026-09-27 07:48:15.049,3.0,,,,Москва,январь,moscow_january.xlsx,7,7350.0,2-5 км,7-8,10
"бульвар Ходынский, д.2, Москва",2027-01-02,2027-01-09,Москва,Россия,RUB,6.2073965,True,False,False,kg_liner_dvukhmestnye_apartments,True,True,Apartment,55.789253,37.53808,13317606,True,54319.0,7760,Апартаменты КГ Лайнер двухместные,Kg Lainer Dvukhmestnye Apartments,ЦСКА,441.0,,566.67,54319.0,646.08,RUB,True,2027-01-01T11:00:00Z,False,nomeal,54319.0,566.67,7760,54319.0,646.08,Двухместные апартаменты (двуспальная кровать),1,9.4,21.0,2395,Москва,,2026-09-27 07:48:15.049,,,,,Москва,январь,moscow_january.xlsx,7,7759.857142857143,5-10 км,9+,10
"Международная, д. 20, Крокус Экспо, Красногорск",2027-01-02,2027-01-09,Красногорск,Россия,RUB,16.099545,False,False,True,gostinitsa_akvarium,False,False,Hotel,55.82431,37.39057,7600766,True,36498.0,5214,"Отель Аквариум, ZONT Hotel Group",Aquarium by ZONT Hotel Group Hotel,Мякинино,367.0,,380.76,36498.0,434.11,RUB,False,,False,nomeal,36498.0,380.76,5214,36498.0,434.11,Двухместный номер стандарт с видом в павильон (двуспальная кровать) (кровать king size),1,7.9,209.0,179605,Красногорск,225.0,2026-09-27 07:48:15.049,3.0,,,,Москва,январь,moscow_january.xlsx,7,5214.0,10-20 км,7-8,10
"бульвар Энтузиастов, д. 2, помещ. 1/1, Москва",2027-01-02,2027-01-09,Москва,Россия,RUB,4.191987,True,False,False,netizen,False,False,Hotel,55.746407,37.68259,6719584,True,36960.0,5280,Отель Гибрид Netizen,Gibrid Netizen Hotel,Римская,86.0,,385.58,36960.0,439.61,RUB,True,2027-01-01T11:00:00Z,False,nomeal,36960.0,385.58,5280,36960.0,439.61,Двухместный номер Economy с видом на город (общая ванная комната) (2 отдельные кровати),1,8.4,360.0,2395,Москва,37.0,2026-09-27 07:48:15.049,2.0,4.4,111.0,,Москва,январь,moscow_january.xlsx,7,5280.0,2-5 км,8-9,10
"Варшавское шоссе, д.132, стр.2, Москва",2027-01-02,2027-01-09,Москва,Россия,RUB,15.123736,True,False,False,minihotel_gostinitsa_na_yuzhnoj,True,False,Mini-hotel,55.619854,37.60875,10010595,True,27308.0,3901,Мини-отель на Южной,Mini-Hotel na Yuzhnoy,Южная,288.0,,284.89,27308.0,324.81,RUB,True,2026-12-30T11:00:00Z,False,nomeal,27308.0,284.89,3901,27308.0,324.81,Двухместный номер Economy (общая ванная комната) (2 отдельные кровати),1,7.3,38.0,2395,Москва,33.0,2026-09-27 07:48:15.049,,,,,Москва,январь,moscow_january.xlsx,7,3901.1428571428573,10-20 км,7-8,10
"Университетский проспект, д.9, Москва",2027-01-02,2027-01-09,Москва,Россия,RUB,7.877224,True,False,True,univer_studencheskiy_flat,True,False,Apartment,55.696453,37.549023,11308050,,62339.0,8906,Квартира Универ Студенческий,Univer Studencheskiy Flat,Университет,1015.0,,650.34,62339.0,741.47,RUB,True,2027-01-01T11:00:00Z,False,nomeal,62339.0,650.34,8906,62339.0,741.47,Двухместная студия (двуспальная кровать),1,8.6,14.0,2395,Москва,,2026-09-27 07:48:15.049,,,,,Москва,январь,moscow_january.xlsx,7,8905.57142857143,5-10 км,8-9,10
"Мукомольный проезд, д. 7/1, Москва",2027-01-02,2027-01-09,Москва,Россия,RUB,5.897687,True,False,False,na_mukomolnom_boutiquehotel,False,False,Boutique_and_Design,55.752956,37.523525,9770578,True,40157.0,5737,Бутик-Отель на Мукомольном,Na Mukomolnom Boutique-Hotel,Шелепиха (МЦК),500.0,,418.93,40157.0,477.63,RUB,True,2026-12-31T11:00:00Z,False,nomeal,40157.0,418.93,5737,40157.0,477.63,Двухместный номер Стандарт (двуспальная кровать),1,8.4,50.0,2395,Москва,10.0,2026-09-27 07:48:15.049,,,,,Москва,январь,moscow_january.xlsx,7,5736.714285714285,5-10 км,8-9,10
"улица Новый Арбат, д.15, Москва",2027-01-02,2027-01-09,Москва,Россия,RUB,1.6009573,False,False,False,uyutnye_semeynye_apartamenty_na_novom_arbate_apartments,True,False,Apartment,55.751934,37.593067,13743176,True,203634.0,29091,Апартаменты Уютные Семейные апартаменты на Новом Арбате,Uyutnye Semeynye Apartamenty Na Novom Arbate Apartments,Арбатская (Филёвская),530.0,,2124.38,203634.0,2422.05,RUB,False,,False,nomeal,203634.0,2124.38,29091,203634.0,2422.05,Студия с красивым видом из окна (двуспальная кровать и диван) (внешняя собственная ванная комната),1,9.9,10.0,2395,Москва,,2026-09-27 07:48:15.049,,,,,Москва,январь,moscow_january.xlsx,7,29090.571428571428,0-2 км,9+,10
"улица Генерала Дьяконова, д.3, Химки",2027-01-02,2027-01-09,Химки,Россия,RUB,24.657766,True,False,False,happy_people_na_ulitse_generala_dyyakonova_3_apartments,True,True,Apartment,55.956882,37.45026,13163017,,42124.0,6018,Апартаменты Счастливые метры у Шереметьево,Schastlivyye Metry u Sheremetyevo Apartments,,,,439.45,42124.0,501.03,RUB,True,2026-12-31T11:00:00Z,False,nomeal,42124.0,439.45,6018,42124.0,501.03,Студия (двуспальная кровать),1,9.5,13.0,179603,Химки,,2026-09-27 07:48:15.049,,,,,Москва,январь,moscow_january.xlsx,7,6017.714285714285,20+ км,9+,10
"Козицкий переулок, д.1Ас2, помещ. 1/1, Москва",2027-01-02,2027-01-09,Москва,Россия,RUB,1.157696,False,False,True,sitiko_na_pushkinskoy_hotel,False,False,Hotel,55.764786,37.60814,13107222,True,73669.5,10524,Отель СитиКо на Пушкинской,Sitiko Na Pushkinskoy Hotel,Чеховская,118.0,,768.55,73669.5,876.24,RUB,False,,False,nomeal,73669.5,768.55,10524,73669.5,876.24,Двухместный номер Стандартный (2 отдельные кровати),1,8.5,71.0,2395,Москва,13.0,2026-09-27 07:48:15.049,3.0,,,,Москва,январь,moscow_january.xlsx,7,10524.214285714286,0-2 км,8-9,10
"улица Воронцовская , д.2/10с1, помещ. 1М, Москва",2027-01-02,2027-01-09,Москва,Россия,RUB,2.8476937,True,False,False,taganskiy_rassvet_hotel,True,False,Hotel,55.74072,37.65443,13716404,True,20087.0,2870,Отель Таганский рассвет,Taganskiy Rassvet Hotel,Марксистская,128.0,,209.55,20087.0,238.92,RUB,True,2027-01-01T11:00:00Z,False,nomeal,20087.0,209.55,2870,20087.0,238.92,Двухместная студия Economy с видом на город (общая ванная комната) (двуспальная кровать) (без окна),1,8.1,36.0,2395,Москва,25.0,2026-09-27 07:48:18.630,,,,,Москва,январь,moscow_january.xlsx,7,2869.5714285714284,2-5 км,8-9,3
"улица Петра Романова, д. 7, стр. 1, Москва",2027-01-02,2027-01-09,Москва,Россия,RUB,6.628881,True,False,True,dom_u_ostrova_mechty_apartments,True,False,Apartment,55.708263,37.68156,13756300,True,34573.0,4939,Апартаменты Дом у Острова Мечты,Dom U Ostrova Mechty Apartments,Кожуховская,339.0,,360.68,34573.0,411.22,RUB,True,2027-01-01T12:00:00Z,False,nomeal,34573.0,360.68,4939,34573.0,411.22,Студия (двуспальная кровать и диван),1,6.9,30.0,2395,Москва,,2026-09-27 07:48:18.630,,,,,Москва,январь,moscow_january.xlsx,7,4939.0,5-10 км,<7,10
"Беговая аллея, д.11, Москва",2027-01-02,2027-01-09,Москва,Россия,RUB,4.477265,False,False,False,bega_hotel_,False,False,Hotel,55.780685,37.56128,7590905,,65950.0,9421,Гостиница Бега,Bega Hotel,Динамо,1022.0,,688.01,65950.0,784.42,RUB,False,,False,nomeal,65950.0,688.01,9421,65950.0,784.42,Двухместный номер Стандартный (двуспальная кровать) (кровать queen size),1,9.0,483.0,2395,Москва,160.0,2026-09-27 07:48:18.630,4.0,4.2,405.0,,Москва,январь,moscow_january.xlsx,7,9421.42857142857,2-5 км,8-9,10
"округ Крылатское, ул Осенняя, д. 18, помещ. 1/1, Москва",2027-01-02,2027-01-09,Москва,Россия,RUB,13.309599,True,False,False,turist_v_krylatskom_minihotel,False,False,Hotel,55.766678,37.405685,10295988,,22909.0,3273,Отель Турист в Крылатском,Turist v Krylatskom Hotel,Крылатское,1106.0,,238.99,22909.0,272.48,RUB,True,2027-01-01T11:00:00Z,False,nomeal,22909.0,238.99,3273,22909.0,272.48,Двухместный номер Economy (общая ванная комната) (двуспальная кровать),1,7.8,39.0,2395,Москва,7.0,2026-09-27 07:48:18.630,,,,,Москва,январь,moscow_january.xlsx,7,3272.714285714286,10-20 км,7-8,10
"улица Дербеневская, д.11 А стр 18, Москва",2027-01-02,2027-01-09,Москва,Россия,RUB,4.3316727,True,True,False,sunflower_river_hotel_moscow,False,False,Hotel,55.7214,37.650063,9986026,,50775.0,7254,AZIMUT Отель Дербеневская Москва,AZIMUT Hotel Derbenevskaya Moscow,Павелецкая (Кольцевая),1135.0,1199.0,529.7,50775.0,603.93,RUB,True,2027-01-01T21:00:00Z,True,breakfast,50775.0,529.7,7254,50775.0,603.93,Двухместный номер Небольшой (двуспальная кровать) (небольшая площадь),1,8.4,417.0,2395,Москва,122.0,2026-09-27 07:48:18.631,3.0,3.6,237.0,,Москва,январь,moscow_january.xlsx,7,7253.571428571428,2-5 км,8-9,10
"Ходынский бульвар, 2, Москва",2027-01-02,2027-01-09,Москва,Россия,RUB,6.2794943,True,False,False,kigo_liner_east_apartments_1,True,False,Apartment,55.78939,37.536823,13383393,True,102415.0,14631,Апартаменты Киго Лайнер Восток,Kigo Lainer Vostok Apartments,ЦСКА,403.0,,1068.43,102415.0,1218.14,RUB,True,2026-12-26T11:00:00Z,False,nomeal,102415.0,1068.43,14631,102415.0,1218.14,Апартаменты Comfort с красивым видом из окна (двуспальная кровать и диван),1,9.1,113.0,2395,Москва,,2026-09-27 07:48:18.631,,,,,Москва,январь,moscow_january.xlsx,7,14630.714285714286,5-10 км,9+,10
"Пр-т Мира, д. 14, стр. 2, Москва",2027-01-02,2027-01-09,Москва,Россия,RUB,2.3082218,True,False,True,sadovoe_koltso_hotel,True,False,Hotel,55.77473,37.633144,7394603,True,110924.0,15846,Отель Садовое Кольцо,Sadovoe Koltso hotel,Сухаревская,274.0,,1157.2,110924.0,1319.35,RUB,True,2027-01-01T09:00:00Z,False,nomeal,110924.0,1157.2,15846,110924.0,1319.35,Двухместный номер (двуспальная кровать),1,8.8,399.0,2395,Москва,87.0,2026-09-27 07:48:18.631,5.0,,,,Москва,январь,moscow_january.xlsx,7,15846.285714285714,2-5 км,8-9,10
"улица Гостиничная, 9А, Москва",2027-01-02,2027-01-09,Москва,Россия,RUB,10.281741,True,True,False,vostok_gostinichnaya_9_hotel,False,False,Hotel,55.845657,37.577976,10620117,True,42271.0,6039,Гостиница Восток,Vostok Hotel,Окружная (Люблинско-Дмитровская),270.0,,440.99,42271.0,502.78,RUB,True,2026-12-31T21:00:00Z,True,breakfast,42271.0,440.99,6039,42271.0,502.78,Двухместный номер Стандарт (двуспальная кровать),1,8.5,155.0,2395,Москва,238.0,2026-09-27 07:48:18.631,3.0,3.7,37.0,,Москва,январь,moscow_january.xlsx,7,6038.714285714285,10-20 км,8-9,10
"Окружной проезд, д.10Б помещ.529, Москва",2027-01-02,2027-01-09,Москва,Россия,RUB,8.757879,True,False,False,teta_izmaylovo_hotel,False,False,Aparthotel,55.79278,37.7415,13314245,True,59986.0,8569,Апарт-отель Тета Измайлово,Teta Izmaylovo Apart-Hotel,Измайлово,442.0,,625.8,59986.0,713.48,RUB,True,2027-01-01T12:00:00Z,False,nomeal,59986.0,625.8,8569,59986.0,713.48,Двухместная студия Comfort (двуспальная кровать),1,7.7,57.0,2395,Москва,20.0,2026-09-27 07:48:18.631,4.0,,,,Москва,январь,moscow_january.xlsx,7,8569.42857142857,5-10 км,7-8,6
"улица Липовой Рощи, д.1, корп.1, Красногорск",2027-01-02,2027-01-09,Красногорск,Россия,RUB,15.757529,True,False,True,krokustut_skysputnik_apartments,True,False,Apartment,55.79894,37.377472,13971078,,95000.0,13571,Апартаменты КрокусТут SkySputnik,Krokustut Skysputnik Apartments,Строгино,1693.0,,991.07,95000.0,1129.94,RUB,True,2027-01-01T12:00:00Z,False,nomeal,95000.0,991.07,13571,95000.0,1129.94,Студия (двуспальная кровать),1,10.0,6.0,179605,Красногорск,,2026-09-27 07:48:18.631,,,,,Москва,январь,moscow_january.xlsx,7,13571.42857142857,10-20 км,9+,10
"Новоостаповская улица, д.20, Москва",2027-01-02,2027-01-09,Москва,Россия,RUB,5.567273,True,False,True,uyutnaya_gkvartal_highway_flat,True,False,Apartment,55.72376,37.686024,13427225,True,81220.0,11603,Квартира Уютная G-Kvartal HighWay,Uyutnaya G-Kvartal Highway Flat,Волгоградский проспект,144.0,,847.32,81220.0,966.04,RUB,True,2027-01-01T12:00:00Z,False,nomeal,81220.0,847.32,11603,81220.0,966.04,Апартаменты c 1 комнатой (двуспальная кровать и диван),1,8.9,7.0,2395,Москва,,2026-09-27 07:48:18.631,,,,,Москва,январь,moscow_january.xlsx,7,11602.857142857143,5-10 км,8-9,10
"улица Большая Черемушкинская, д. 25 корп. 1, Москва",2027-01-02,2027-01-09,Москва,Россия,RUB,8.91402,True,False,False,sova_na_profsoyuznoy_hotel,False,False,Hotel,55.67796,37.583725,11304245,,19234.0,2748,Отель Сова на Профсоюзной,Sova Na Profsoyuznoy Hotel,Академическая (Троицкая),1136.0,,200.66,19234.0,228.77,RUB,True,2027-01-01T10:30:00Z,False,nomeal,19234.0,200.66,2748,19234.0,228.77,Двухместный номер Standard (двуспальная кровать),1,6.1,16.0,2395,Москва,17.0,2026-09-27 07:48:18.631,,,,,Москва,январь,moscow_january.xlsx,7,2747.714285714286,5-10 км,<7,10
"улица Петра Романова, д.7 стр.1, Москва",2027-01-02,2027-01-09,Москва,Россия,RUB,6.6621413,True,False,True,dubrovka_rums_u_ostrova_mechty_apartments,True,False,Apartment,55.708202,37.682297,13917756,True,26030.0,3719,Апартаменты Дубровка Румс у Острова Мечты,Dubrovka Rums U Ostrova Mechty Apartments,Кожуховская,300.0,,271.55,26030.0,309.6,RUB,True,2027-01-01T12:00:00Z,False,nomeal,26030.0,271.55,3719,26030.0,309.6,Студия (двуспальная кровать),1,2.5,1.0,2395,Москва,,2026-09-27 07:48:18.631,,,,,Москва,январь,moscow_january.xlsx,7,3718.5714285714284,5-10 км,<7,10
"улица Краснопрудная, д.22 А, Москва",2027-01-02,2027-01-09,Москва,Россия,RUB,3.8346617,True,True,False,miniotel_apelsin_na_krasnoprudnoi,False,False,Hotel,55.777866,37.664955,6524586,True,41300.0,5900,Отель Апельсин на Комсомольской,Apelsin Na Komsomolskoi Hotel,Красносельская,232.0,,430.86,41300.0,491.23,RUB,True,2027-01-01T11:00:00Z,True,breakfast,41300.0,430.86,5900,41300.0,491.23,Двухместный номер (двуспальная кровать),1,7.2,163.0,2395,Москва,13.0,2026-09-27 07:48:18.631,3.0,3.3,29.0,,Москва,январь,moscow_january.xlsx,7,5900.0,2-5 км,7-8,10
"Битцевский проезд, д. 11, Видное",2027-01-02,2027-01-09,Видное,Россия,RUB,24.424086,False,False,True,dobrye_sutki_apartments,True,False,Apartment,55.541992,37.707558,10152587,,19915.5,2845,Апартаменты Для Вашего Комфорта,Dlya Vashego Komforta Apartments,,,,207.77,19915.5,236.88,RUB,False,,False,nomeal,19915.5,207.77,2845,19915.5,236.88,Двухместные апартаменты c 1 комнатой с видом на город (двуспальная кровать),1,7.7,1.0,179636,Видное,,2026-09-27 07:48:18.631,,,,,Москва,январь,moscow_january.xlsx,7,2845.0714285714284,20+ км,7-8,10
"улица Тверская, д.4, Москва",2027-01-02,2027-01-09,Москва,Россия,RUB,0.4056069,True,False,True,norke_aparts_tverskaya_mini_apartments,True,False,Mini-hotel,55.75849,37.613197,13164952,True,80938.0,11563,Апартаменты Norke Aparts Тверская Мини,Norke Aparts Tverskaya Mini Apartments,Охотный ряд,273.0,,844.37,80938.0,962.69,RUB,True,2026-12-26T12:00:00Z,False,nomeal,80938.0,844.37,11563,80938.0,962.69,Студия (двуспальная кровать),1,8.9,12.0,2395,Москва,,2026-09-27 07:48:18.631,,,,,Москва,январь,moscow_january.xlsx,7,11562.57142857143,0-2 км,8-9,7
"улица Стромынка, д. 11, Москва",2027-01-02,2027-01-09,Москва,Россия,RUB,6.296731,True,False,False,minihotel_numera,False,False,Hotel,55.79406,37.69212,8744919,True,31500.0,4500,Отель Стромынка,Stromynka Hotel,Сокольники (Большая Кольцевая),947.0,,328.62,31500.0,374.67,RUB,True,2026-12-26T11:00:00Z,False,nomeal,31500.0,328.62,4500,31500.0,374.67,Двухместный номер Standard с видом на город (двуспальная кровать),1,8.2,148.0,2395,Москва,23.0,2026-09-27 07:48:18.631,,3.3,4.0,,Москва,январь,moscow_january.xlsx,7,4500.0,5-10 км,8-9,10
"Стремянный переулок, д.11, помещ. 1/П, Москва",2027-01-02,2027-01-09,Москва,Россия,RUB,3.2775888,True,False,False,tatiana,False,False,Hotel,55.727688,37.6332,7596982,True,63100.0,9014,Select Hotel Paveletskaya,Paveletskaya Select Hotel,Павелецкая (Кольцевая),465.0,,658.28,63100.0,750.52,RUB,True,2027-01-01T21:00:00Z,False,nomeal,63100.0,658.28,9014,63100.0,750.52,Двухместный номер Стандартный с видом в Атриум (двуспальная кровать),1,9.0,334.0,2395,Москва,79.0,2026-09-27 07:48:18.631,4.0,4.1,29.0,,Москва,январь,moscow_january.xlsx,7,9014.285714285714,2-5 км,8-9,10
"Линейный проезд, д.6А, Москва",2027-01-02,2027-01-09,Москва,Россия,RUB,9.846392,True,False,True,na_petrovskorazumovskoy_apartments,True,False,Apartment,55.841015,37.574085,13424347,True,31430.0,4490,Апартаменты На Петровско-Разумовской,Na Petrovsko-Razumovskoy Apartments,Петровско-Разумовская (Серпуховско-Тимирязевская),508.0,,327.89,31430.0,373.83,RUB,True,2027-01-01T12:00:00Z,False,nomeal,31430.0,327.89,4490,31430.0,373.83,Двухместная студия (двуспальная кровать),1,8.4,2.0,2395,Москва,,2026-09-27 07:48:18.631,,,,,Москва,январь,moscow_january.xlsx,7,4490.0,5-10 км,8-9,7
"улица Центральная, д.13, Внуково",2027-01-02,2027-01-09,Внуково,Россия,RUB,26.119764,True,False,False,odnokomnatnye_mediterranean_flatsrooms_vnukovo_apartments,True,False,Apartment,55.611958,37.288017,11348426,True,44524.0,6361,Апаратменты Однокомнатные Mediterranean Flats&Rooms Vnukovo,Odnokomnatnye Mediterranean Flats&Rooms Vnukovo Apartments,Аэропорт Внуково,597.0,,464.49,44524.0,529.57,RUB,True,2027-01-01T11:00:00Z,False,nomeal,44524.0,464.49,6361,44524.0,529.57,Апартаменты c 1 комнатой с балконом,1,9.1,46.0,965821604,Внуково,,2026-09-27 07:48:18.632,,,,,Москва,январь,moscow_january.xlsx,7,6360.571428571428,20+ км,9+,10
"СНТ Пойма дом 125, Москва",2027-01-02,2027-01-09,Москва,Россия,RUB,25.910637,True,False,False,hotel_sheremetyevo_express,False,False,Guesthouse,55.95433,37.399624,10006186,,28000.0,4000,Гостевой Дом Шереметьево Экспресс,Sheremetyevo Express Guest House,,,,292.11,28000.0,333.04,RUB,True,2027-01-01T11:00:00Z,False,nomeal,28000.0,292.11,4000,28000.0,333.04,Двухместный номер Standard (двуспальная кровать),1,7.0,125.0,2395,Москва,,2026-09-27 07:48:21.020,,,,,Москва,январь,moscow_january.xlsx,7,4000.0,20+ км,<7,10
"улица Большая Никитская, д.24/1 стр.6, Москва",2027-01-02,2027-01-09,Москва,Россия,RUB,1.013638,False,False,False,tchaikovsky_hotel,False,False,Hotel,55.757294,37.60169,8733261,True,79523.0,11360,Отель Чайковский,Tchaikovsky Hotel,Арбатская (Арбатско-Покровская),553.0,,829.61,79523.0,945.86,RUB,False,,False,nomeal,79523.0,829.61,11360,79523.0,945.86,Двухместный номер Superior (двуспальная кровать) (тип кровати может измениться),1,8.7,126.0,2395,Москва,12.0,2026-09-27 07:48:21.020,4.0,4.2,29.0,,Москва,январь,moscow_january.xlsx,7,11360.42857142857,0-2 км,8-9,10
"1-я Брестская улица, д.60, Москва",2027-01-02,2027-01-09,Москва,Россия,RUB,2.9202266,True,True,True,b60_hotel,False,False,Hotel,55.775036,37.58575,9823318,True,94710.0,13530,Отель В.60,B.60 Hotel,Белорусская (Замоскворецкая),350.0,,988.05,94710.0,1126.49,RUB,True,2027-01-01T11:00:00Z,True,breakfast,94710.0,988.05,13530,94710.0,1126.49,Двухместный номер Deluxe (двуспальная кровать) (кровать queen size),1,9.6,109.0,2395,Москва,41.0,2026-09-27 07:48:21.020,4.0,3.8,19.0,awarded-hotel,Москва,январь,moscow_january.xlsx,7,13530.0,2-5 км,9+,7
"Настасьинский переулок, д. 8/1, Москва",2027-01-02,2027-01-09,Москва,Россия,RUB,1.5008662,False,False,False,avtorskij_hotel_parradosso,False,False,Hotel,55.767433,37.605312,9716237,True,88407.0,12630, Авторский Отель Паррадоссо,Avtorskij Hotel Parradosso,Пушкинская,243.0,,922.29,88407.0,1051.53,RUB,False,,False,nomeal,88407.0,922.29,12630,88407.0,1051.53,Двухместный номер Standard (двуспальная кровать),1,8.5,103.0,2395,Москва,18.0,2026-09-27 07:48:21.020,5.0,4.6,11.0,,Москва,январь,moscow_january.xlsx,7,12629.57142857143,0-2 км,8-9,10
"улица 3-я Тверская-Ямская, д.22, стр.2, Москва",2027-01-02,2027-01-09,Москва,Россия,RUB,2.32591,False,False,False,sitiko_na_mayakovskoi_hotel,False,False,Hotel,55.772762,37.595745,13968683,True,58154.0,8308,Отель Ситико на Маяковской,Sitiko na Mayakovskoi Hotel,Маяковская,330.0,,606.68,58154.0,691.69,RUB,False,,False,nomeal,58154.0,606.68,8308,58154.0,691.69,Номер Comfort с видом на внутренний двор (двуспальная кровать),1,10.0,2.0,2395,Москва,,2026-09-27 07:48:21.020,,,,,Москва,январь,moscow_january.xlsx,7,8307.714285714286,2-5 км,9+,3
"улица Профсоюзная, д. 128А, помещ. 1, Москва",2027-01-02,2027-01-09,Москва,Россия,RUB,15.39054,True,False,True,fortestate_apart_hotel_2,True,False,Hotel,55.630146,37.514572,13644773,True,78750.0,11250,Апарт Отель FortEstate,FortEstate Apart Hotel,Коньково,520.0,,821.55,78750.0,936.66,RUB,True,2026-12-30T12:00:00Z,False,nomeal,78750.0,821.55,11250,78750.0,936.66,Апартаменты Superior c 1 комнатой с видом на город (двуспальная кровать) (кресло-кровать),1,9.5,2.0,2395,Москва,5.0,2026-09-27 07:48:21.020,,,,,Москва,январь,moscow_january.xlsx,7,11250.0,10-20 км,9+,6
"Пресненская набережная 8с1, Москва",2027-01-02,2027-01-09,Москва,Россия,RUB,5.0047,False,False,True,rockmond_8,False,True,Apartment,55.74722,37.539158,13346623,True,277066.0,39581,Rockmond 58 Luх 8,Rockmond 58 Luх 8 King size bed and sofa bed,Деловой центр (Солнцевская),199.0,,2890.45,277066.0,3295.46,RUB,False,,False,nomeal,277066.0,2890.45,39581,277066.0,3295.46,"Двухместные апартаменты Rockmond Lux № 58-8 (двуспальная кровать и диван) (кровать king size, джакузи)",1,9.7,4.0,2395,Москва,,2026-09-27 07:48:21.020,,,,,Москва,январь,moscow_january.xlsx,7,39580.857142857145,5-10 км,9+,10
"Трубная улица, 15, Москва",2027-01-02,2027-01-09,Москва,Россия,RUB,1.5694371,True,False,False,seven_hills_trubnaya_hotel,False,False,Hotel,55.769398,37.624874,8391455,True,111930.0,15990,Отель Севен Хиллс на Трубной,Seven Hills Trubnaya Hotel,Трубная,247.0,,1167.69,111930.0,1331.31,RUB,True,2027-01-01T11:00:00Z,False,nomeal,111930.0,1167.69,15990,111930.0,1331.31,Двухместный номер Стандартный (двуспальная кровать) (в главном здании),1,8.3,232.0,2395,Москва,38.0,2026-09-27 07:48:21.020,,3.6,36.0,,Москва,январь,moscow_january.xlsx,7,15990.0,0-2 км,8-9,10
"вн.тер.г. муниципальный округ Коньково, ул. Бутлерова, д. 7Б, помещ. 217/17, Москва",2027-01-02,2027-01-09,Москва,Россия,RUB,12.602304,True,False,False,fortestate_apart_hotel_3,False,False,Hotel,55.653687,37.530354,13963986,True,70000.0,10000,Апарт-отель Fortestate,Fortestate Apart hotel,Калужская,697.0,,730.26,70000.0,832.59,RUB,True,2027-01-01T12:00:00Z,False,nomeal,70000.0,730.26,10000,70000.0,832.59,Студия Comfort с видом на город (двуспальная кровать),1,10.0,3.0,2395,Москва,3.0,2026-09-27 07:48:21.020,,,,,Москва,январь,moscow_january.xlsx,7,10000.0,10-20 км,9+,10
"Нижний кисельный переулок, дом 4 , Москва",2027-01-02,2027-01-09,Москва,Россия,RUB,1.0589187,True,False,False,otel_godunov,True,False,Hotel,55.765068,37.62208,6431725,True,87181.0,12454,Отель Борис Годунов,Boris Godunov Hotel,Трубная,320.0,,909.5,87181.0,1036.94,RUB,True,2027-01-01T09:00:00Z,False,nomeal,87181.0,909.5,12454,87181.0,1036.94,Двухместный номер Standard с видом на город (2 отдельные кровати),1,8.3,429.0,2395,Москва,74.0,2026-09-27 07:48:21.020,4.0,3.5,247.0,,Москва,январь,moscow_january.xlsx,7,12454.42857142857,0-2 км,8-9,10
"Первомайская улица, 31А, Сочи",2026-10-15,2026-10-25,Сочи,Россия,RUB,0.47281384,True,True,False,sokol_pansionat_s_lecheniem,True,False,Hotel,43.584106,39.72867,13343374,,53300.0,5330,Отель Пансионат с лечением Сокол,Pansionat s Lecheniem Sokol Hotel,,,,556.04,53300.0,633.96,RUB,True,2026-10-14T11:00:00Z,True,breakfast,53300.0,556.04,5330,53300.0,633.96,Двухместный номер Стандартный с балконом (двуспальная кровать),1,8.7,88.0,5580,Сочи,93.0,2026-09-27 07:52:32.904,3.0,,,awarded-hotel,Сочи,октябрь,sochi_october.xlsx,10,5330.0,0-2 км,8-9,10
"г Сочи, р-н Хостинский, ул Учительская, д. 5, Сочи",2026-10-15,2026-10-25,Сочи,Россия,RUB,1.6825258,True,False,True,klub_otelya_mirror,True,False,Hotel,43.573135,39.735207,13674260,,33437.0,3344,Отель Клуб Отеля Миррор,Klub Otelya Mirror,,,,348.83,33437.0,397.7,RUB,True,2026-10-15T12:00:00Z,False,nomeal,33437.0,348.83,3344,33437.0,397.7,Двухместные апартаменты Делюкс без окна Цокольный этаж (двуспальная кровать и диван) (без окна),1,9.0,52.0,5580,Сочи,15.0,2026-09-27 07:52:32.905,,,,,Сочи,октябрь,sochi_october.xlsx,10,3343.7,0-2 км,8-9,10
"улица Северная, 10, Сочи",2026-10-15,2026-10-25,Сочи,Россия,RUB,1.0836848,True,False,False,hotel_central_residence_3_by_provence,True,False,Hotel,43.59488,39.72672,13124554,,21797.0,2180,Отель Централ Резиденс,Central Residence Hotel,,,,227.39,21797.0,259.26,RUB,True,2026-10-14T12:00:00Z,False,nomeal,21797.0,227.39,2180,21797.0,259.26,Номер без окна Стандарт (без окна),1,9.1,363.0,5580,Сочи,46.0,2026-09-27 07:52:32.905,3.0,,,awarded-hotel,Сочи,октябрь,sochi_october.xlsx,10,2179.7,0-2 км,9+,10
"Морской переулок, д. 1/1Б, Сочи",2026-10-15,2026-10-25,Сочи,Россия,RUB,1.01146,True,False,False,grejs_gorizont_hotel,True,False,Hotel,43.576393,39.723755,9742403,,23000.0,2300,Отель Грейс Горизонт,Grejs Gorizont Hotel,,,1532.0,239.94,23000.0,273.57,RUB,True,2026-10-08T12:00:00Z,False,nomeal,23000.0,239.94,2300,23000.0,273.57,Двухместный номер без окна Стандарт (двуспальная кровать) (без окна),1,9.4,357.0,5580,Сочи,44.0,2026-09-27 07:52:32.905,4.0,,,awarded-hotel,Сочи,октябрь,sochi_october.xlsx,10,2300.0,0-2 км,9+,10
"улица Просвещения, д.70, Сочи",2026-10-15,2026-10-25,Сочи,Россия,RUB,23.520489,True,False,False,el_paraiso_hotel_,True,False,Hotel,43.42598,39.914955,6496437,,46000.0,4600,Отель Грейс Эль Параисо,Grace El Paraiso Hotel,,,1532.0,479.89,46000.0,547.13,RUB,True,2026-10-08T12:00:00Z,False,nomeal,46000.0,479.89,4600,46000.0,547.13,Двухместный номер Стандартный с балконом и с видом на море (двуспальная кровать),1,9.2,150.0,5580,Сочи,100.0,2026-09-27 07:52:32.905,4.0,,,awarded-hotel,Сочи,октябрь,sochi_october.xlsx,10,4600.0,20+ км,9+,10
"улица Черноморская, д. 6, Сочи",2026-10-15,2026-10-25,Сочи,Россия,RUB,1.9299929,True,False,True,apartamentyi_alfa_v_zhk_marina_park,True,False,Hotel,43.569946,39.733826,9995282,,41584.0,4158,Альфа Апартаменты,Alpha Apartments,,,,433.82,41584.0,494.61,RUB,True,2026-10-07T04:00:00Z,False,nomeal,41584.0,433.82,4158,41584.0,494.61,Номер 0694 с балконом (двуспальная кровать и диван),1,8.9,260.0,5580,Сочи,63.0,2026-09-27 07:52:32.905,,,,awarded-hotel,Сочи,октябрь,sochi_october.xlsx,10,4158.4,0-2 км,8-9,10
"улица Советская, д.42, Сочи",2026-10-15,2026-10-25,Сочи,Россия,RUB,0.18978913,True,False,False,manhattan_hotel_19,True,False,Hotel,43.586666,39.72481,13746290,,22948.0,2295,Отель Манхэттен,Manhattan Hotel,,,,239.4,22948.0,272.95,RUB,True,2026-10-14T21:00:00Z,False,nomeal,22948.0,239.4,2295,22948.0,272.95,Двухместный номер Стандарт бюджетный без окна (двуспальная кровать) (без окна),1,9.0,80.0,5580,Сочи,67.0,2026-09-27 07:52:32.905,3.0,,,,Сочи,октябрь,sochi_october.xlsx,10,2294.8,0-2 км,8-9,10
"улица Горького, д. 56с1, Сочи",2026-10-15,2026-10-25,Сочи,Россия,RUB,0.6672323,True,False,False,cosmos_sochi_hotel,True,False,Hotel,43.5906,39.72745,9986868,,44280.0,4428,Cosmos Сочи Отель,Cosmos Sochi Hotel,,,873.0,461.94,44280.0,526.67,RUB,True,2026-10-14T21:00:00Z,False,nomeal,44280.0,461.94,4428,44280.0,526.67,Двухместный номер Стандарт (двуспальная кровать) (тип кровати может измениться),1,9.2,1222.0,5580,Сочи,153.0,2026-09-27 07:52:32.905,4.0,4.3,862.0,awarded-hotel,Сочи,октябрь,sochi_october.xlsx,10,4428.0,0-2 км,9+,10
"р-н Хостинский внутригородской, ул Учительская, д. 5, помещ. 13, Сочи",2026-10-15,2026-10-25,Сочи,Россия,RUB,1.6825258,True,False,True,polulyuks_na_uchitelskoy_5_uk_voznesenskiy_apartments,True,False,Hostel,43.573135,39.735207,13752636,,27696.0,2770,Жилое помещение Зеркальное Сияние,Zerkalnoe Siyanie Lodging House,,,,288.93,27696.0,329.42,RUB,True,2026-10-05T12:00:00Z,False,nomeal,27696.0,288.93,2770,27696.0,329.42,Двухместный номер Comfort (двуспальная кровать),1,9.5,40.0,5580,Сочи,,2026-09-27 07:52:32.906,,,,,Сочи,октябрь,sochi_october.xlsx,10,2769.6,0-2 км,9+,10
"улица Демократическая, д.6/9, Сочи",2026-10-15,2026-10-25,Сочи,Россия,RUB,24.35299,True,False,False,greys_global_kongress_spa_hotel_2,True,False,Hotel,43.420547,39.922073,11303583,,50600.0,5060,Отель Грейс Глобал,Greys Global Hotel,,,1532.0,527.88,50600.0,601.84,RUB,True,2026-10-08T12:00:00Z,False,nomeal,50600.0,527.88,5060,50600.0,601.84,Номер Стандарт (двуспальная кровать) (кресло-кровать),1,9.2,232.0,5580,Сочи,35.0,2026-09-27 07:52:32.906,4.0,,,,Сочи,октябрь,sochi_october.xlsx,10,5060.0,20+ км,9+,10
"улица Павлика Морозова, д.50, Адлер",2026-10-15,2026-10-25,Адлер,Россия,RUB,23.48211,True,False,False,sm_royal_hotel,True,False,Hotel,43.428806,39.91863,7726257,,27878.0,2788,SM Royal by Stellar Hotels - ALL INCLUSIVE,SM Royal by Stellar Hotels - ALL INCLUSIVE,,,1788.0,290.83,27878.0,331.58,RUB,True,2026-10-15T12:00:00Z,False,nomeal,27878.0,290.83,2788,27878.0,331.58,Двухместный номер Standard (двуспальная кровать),1,8.5,473.0,299,Адлер,42.0,2026-09-27 07:52:32.906,,,,,Сочи,октябрь,sochi_october.xlsx,10,2787.8,20+ км,8-9,10
"улица Общинная, д.43, Сириус",2026-10-15,2026-10-25,Сириус,Россия,RUB,28.954542,True,False,False,tere_guest_house_2,True,False,Hotel,43.398354,39.973053,11198443,,44630.0,4463,Меблированные комнаты Tere,Tere Living quarters,,,,465.6,44630.0,530.84,RUB,True,2026-10-01T11:00:00Z,False,nomeal,44630.0,465.6,4463,44630.0,530.84,Двухместный номер Standard с балконом и с красивым видом из окна (двуспальная кровать),1,9.3,51.0,965858884,Сириус,12.0,2026-09-27 07:52:32.906,,,,awarded-hotel,Сочи,октябрь,sochi_october.xlsx,10,4463.0,20+ км,9+,10
"микрорайон Светлана, улица Гагринская, д. 3/8, Сочи",2026-10-15,2026-10-25,Сочи,Россия,RUB,1.939087,True,False,False,sphera_apartments_by_stellar_hotels_sochi_apart_hotel,True,False,Aparthotel,43.570152,39.734615,11165940,,67670.0,6767,Апарт-отель Sphera Apartments by Stellar Hotels Sochi,Sphera Apartments By Stellar Hotels Sochi Apartment hotel,,,1788.0,705.96,67670.0,804.88,RUB,True,2026-10-15T12:00:00Z,False,nomeal,67670.0,705.96,6767,67670.0,804.88,Апартаменты c 1 комнатой с балконом и с видом на море (двуспальная кровать и диван),1,9.1,116.0,5580,Сочи,14.0,2026-09-27 07:52:32.906,3.0,,,awarded-hotel,Сочи,октябрь,sochi_october.xlsx,10,6767.0,0-2 км,9+,10
"Морской переулок, 9/1, Сочи",2026-10-15,2026-10-25,Сочи,Россия,RUB,0.8507984,True,False,False,hotel_kailas_spa_hotel_by_stellar_hotels_sochi,True,False,Hotel,43.578686,39.727974,11282184,,30556.0,3056,Отель Kailas Park Hotel Sochi,Kailas Park Hotel Sochi Hotel,,,1788.0,318.77,30556.0,363.44,RUB,True,2026-10-14T23:30:00Z,False,nomeal,30556.0,318.77,3056,30556.0,363.44,Двухместный номер с ванной Делюкс (2 отдельные кровати) (тип кровати может измениться),1,8.5,177.0,5580,Сочи,17.0,2026-09-27 07:52:32.906,3.0,,,,Сочи,октябрь,sochi_october.xlsx,10,3055.6,0-2 км,8-9,10
"улица 65 лет Победы, д. 67, Сириус",2026-10-15,2026-10-25,Сириус,Россия,RUB,29.507256,False,False,True,mio_apartments,True,False,Hotel,43.39514,39.97833,9769189,,28535.0,2854,Отель Комплекс апартаментов МИО,Kompleks apartamentov MIO Hotel,,,,297.69,28535.0,339.4,RUB,False,,False,nomeal,28535.0,297.69,2854,28535.0,339.4,Апартаменты Дизайнерские с красивым видом из окна (двуспальная кровать) (кухня),1,8.6,97.0,965858884,Сириус,34.0,2026-09-27 07:52:32.906,1.0,,,,Сочи,октябрь,sochi_october.xlsx,10,2853.5,20+ км,8-9,10
"ул. Черноморская, 4, Сочи",2026-10-15,2026-10-25,Сочи,Россия,RUB,1.9868071,True,False,False,hotel_vereschaginskaya_dacha_by_provence,True,False,Boutique_and_Design,43.569443,39.734013,11254582,,52289.0,5229,Бутик-отель Верещагинская Дача by Provence,Boutique Hotel Vereschaginskaya Dacha By Provence,,,,545.5,52289.0,621.93,RUB,True,2026-10-14T11:30:00Z,False,nomeal,52289.0,545.5,5229,52289.0,621.93,Двухместный номер Superior (двуспальная кровать),1,8.4,39.0,5580,Сочи,14.0,2026-09-27 07:52:32.906,5.0,,,,Сочи,октябрь,sochi_october.xlsx,10,5228.9,0-2 км,8-9,10
"улица Ленинградская, д.7А, Сочи",2026-10-15,2026-10-25,Сочи,Россия,RUB,9.395621,True,False,False,hotel_le_rond_sochi_resort_spa,True,False,Hotel,43.6559,39.65845,10014538,,51600.0,5160,Отель Cosmos Stay Le Rond Сочи,Cosmos Stay Le Rond Sochi Hotel,,,873.0,538.31,51600.0,613.74,RUB,True,2026-10-14T12:00:00Z,False,nomeal,51600.0,538.31,5160,51600.0,613.74,"Двухместная студия с французским балконом с видом на патио (двуспальная кровать) (тип кровати может измениться, французский балкон)",1,9.0,250.0,5580,Сочи,394.0,2026-09-27 07:52:32.906,4.0,,,awarded-hotel,Сочи,октябрь,sochi_october.xlsx,10,5160.0,5-10 км,8-9,10
"Морской переулок, д. 2, Сочи",2026-10-15,2026-10-25,Сочи,Россия,RUB,1.0665239,True,False,False,marins_park_hotel_2,False,False,Hotel,43.5761,39.72589,7467615,,49500.0,4950,Отель City Park Hotel Sochi,City Park Hotel Sochi,,,1738.0,516.4,49500.0,588.76,RUB,True,2026-10-14T12:00:00Z,False,nomeal,49500.0,516.4,4950,49500.0,588.76,Двухместный номер Стандартный (2 отдельные кровати),1,8.2,624.0,5580,Сочи,422.0,2026-09-27 07:52:32.906,4.0,,,,Сочи,октябрь,sochi_october.xlsx,10,4950.0,0-2 км,8-9,10
"Курортный проспект, д. 53 помещ. 34, Сочи",2026-10-15,2026-10-25,Сочи,Россия,RUB,1.1358603,True,False,False,studiya_v_butikotel_verdi_uk_voznesenskiy_apartments,True,False,Hostel,43.57618,39.728954,13680315,,29674.0,2967,Жилое помещение Верди,Verdi Lodging House,,,,309.57,29674.0,352.95,RUB,True,2026-10-12T12:00:00Z,False,nomeal,29674.0,309.57,2967,29674.0,352.95,Двухместная студия Deluxe (двуспальная кровать),1,9.5,40.0,5580,Сочи,,2026-09-27 07:52:32.906,,,,,Сочи,октябрь,sochi_october.xlsx,10,2967.4,0-2 км,9+,10
"9 Мая улица, д.40/4, Сочи",2026-10-15,2026-10-25,Сочи,Россия,RUB,11.871129,True,False,True,astra_giardini_relax_aparthotel,True,False,Aparthotel,43.674553,39.641613,11347794,,39518.0,3952,Апарт-отель Астра Джиардини Релакс,Astra Giardini Relax Apart-hotel,,,,412.27,39518.0,470.03,RUB,True,2026-10-14T09:00:00Z,False,nomeal,39518.0,412.27,3952,39518.0,470.03,Двухместные апартаменты Standard с видом на внутренний двор (двуспальная кровать),1,8.7,30.0,5580,Сочи,100.0,2026-09-27 07:52:32.906,4.0,,,awarded-hotel,Сочи,октябрь,sochi_october.xlsx,10,3951.8,10-20 км,8-9,10
"улица Нагорная, д.25, Сочи",2026-10-15,2026-10-25,Сочи,Россия,RUB,1.2000791,True,False,False,apartotel_teatralny_aparthotel,True,False,Hotel,43.57662,39.731625,11195584,,27094.0,2709,Отель Театральный,Teatralny hotel,,,,282.65,27094.0,322.26,RUB,True,2026-10-14T10:30:00Z,False,nomeal,27094.0,282.65,2709,27094.0,322.26,Двухместный номер Бюджетный (двуспальная кровать) (тип кровати может измениться),1,8.4,172.0,5580,Сочи,31.0,2026-09-27 07:52:34.739,3.0,,,,Сочи,октябрь,sochi_october.xlsx,10,2709.4,0-2 км,8-9,10
"Виноградная улица, 101/1, Сочи",2026-10-15,2026-10-25,Сочи,Россия,RUB,3.1446242,False,False,False,hotel_azimut_park_hotel_plyus_rezidens_sochi,True,False,Hotel,43.613544,39.71805,13429040,,59371.0,5937,AZIMUT Парк Отель Виноградная Сочи 4*,AZIMUT Park Hotel Vinogradnaya Sochi 4*,,,,619.38,59371.0,706.17,RUB,False,,False,nomeal,59371.0,619.38,5937,59371.0,706.17,Двухместный номер Бизнес с балконом и с видом на горы (2 отдельные кровати),1,9.1,39.0,5580,Сочи,296.0,2026-09-27 07:52:34.739,4.0,,,,Сочи,октябрь,sochi_october.xlsx,10,5937.1,2-5 км,9+,10
"улица Грибоедова, д.18/1, Сочи",2026-10-15,2026-10-25,Сочи,Россия,RUB,1.4365531,True,False,False,black_sea_sochi_guest_house,False,False,Guesthouse,43.577038,39.73662,8747669,,20000.0,2000,Гостевой Дом Black Sea Sochi,Black Sea Sochi Guest House,,,,208.65,20000.0,237.88,RUB,True,2026-10-14T11:00:00Z,False,nomeal,20000.0,208.65,2000,20000.0,237.88,Двухместный номер Standard (двуспальная кровать),1,8.7,333.0,5580,Сочи,,2026-09-27 07:52:34.739,,,,,Сочи,октябрь,sochi_october.xlsx,10,2000.0,0-2 км,8-9,7
"Цветной бульвар, д. 5, помещ. 2, Сочи",2026-10-15,2026-10-25,Сочи,Россия,RUB,1.2746876,False,False,False,tsvetnoj_5_minihotel,False,False,Hotel,43.596924,39.721947,8660645,,24250.0,2425,Отель Цветной 5,Tsvetnoj 5 Hotel,,,,252.98,24250.0,288.43,RUB,False,,False,nomeal,24250.0,252.98,2425,24250.0,288.43,Двухместный номер Standard (двуспальная кровать),1,9.0,198.0,5580,Сочи,23.0,2026-09-27 07:52:34.739,3.0,,,awarded-hotel,Сочи,октябрь,sochi_october.xlsx,10,2425.0,0-2 км,8-9,10
"переулок Горького, д.16, Сочи",2026-10-15,2026-10-25,Сочи,Россия,RUB,0.40259025,True,False,False,otel_denart,True,False,Hotel,43.585423,39.72811,8285566,,38162.0,3816,Отель Денарт,Denart Hotel,,,,398.12,38162.0,453.9,RUB,True,2026-10-13T21:00:00Z,False,nomeal,38162.0,398.12,3816,38162.0,453.9,Двухместный номер Стандартный с видом на город (двуспальная кровать),1,8.8,413.0,5580,Сочи,69.0,2026-09-27 07:52:34.739,4.0,,,,Сочи,октябрь,sochi_october.xlsx,10,3816.2,0-2 км,8-9,10
"ulitsa Gagarina 5, Сочи",2026-10-15,2026-10-25,Сочи,Россия,RUB,1.077455,True,True,False,otel_zvezdnyi_gsochi,True,False,Hotel,43.59497,39.720345,8310146,,85000.0,8500, Отель Звёздный Wellness & Spa,Zvezdnyij Wellness & Spa,,,,886.75,85000.0,1011.0,RUB,True,2026-10-14T21:00:00Z,True,breakfast,85000.0,886.75,8500,85000.0,1011.0,Двухместный номер Стандартный (двуспальная кровать),1,9.0,487.0,5580,Сочи,122.0,2026-09-27 07:52:34.739,4.0,3.9,241.0,,Сочи,октябрь,sochi_october.xlsx,10,8500.0,0-2 км,8-9,10
"переулок Горный, д. 1/1, Сочи",2026-10-15,2026-10-25,Сочи,Россия,RUB,1.0502951,True,False,False,grace_nairi,True,False,Hotel,43.57869,39.73218,10441489,,32200.0,3220,Грейс Наири,Greys Nairi,,,1532.0,335.92,32200.0,382.99,RUB,True,2026-10-08T11:00:00Z,False,nomeal,32200.0,335.92,3220,32200.0,382.99,Двухместный номер (2 корпус) Стандарт с балконом (двуспальная кровать),1,9.2,420.0,5580,Сочи,45.0,2026-09-27 07:52:34.739,,,,awarded-hotel,Сочи,октябрь,sochi_october.xlsx,10,3220.0,0-2 км,9+,10
"улица Просвещения, д.173, Сочи",2026-10-15,2026-10-25,Сочи,Россия,RUB,17.493555,True,False,False,zhasmin_chkalova_guest_house,True,False,Guesthouse,43.48482,39.890076,13749694,,16914.0,1691,Гостевой Дом Жасмин Чкалова,Zhasmin Chkalova Guest house,,,,176.45,16914.0,201.18,RUB,True,2026-10-14T11:00:00Z,False,nomeal,16914.0,176.45,1691,16914.0,201.18,Номер Economy с видом на внутренний двор (2 отдельные кровати),1,9.5,21.0,5580,Сочи,,2026-09-27 07:52:34.739,,,,,Сочи,октябрь,sochi_october.xlsx,10,1691.4,10-20 км,9+,10
"район Хостинский, улица Метелева, д. 1, Сочи",2026-10-15,2026-10-25,Сочи,Россия,RUB,2.578991,True,False,True,alfa_metelyova_apartments,True,False,Hotel,43.575916,39.7523,10005435,,17786.0,1779,Альфа Апартаменты Метелева,Alfa Apartments Metelev,,,,185.55,17786.0,211.55,RUB,True,2026-10-13T21:00:00Z,False,nomeal,17786.0,185.55,1779,17786.0,211.55,Двухместная 0117: Каюта 17 (двуспальная кровать) (кабинка),1,8.9,199.0,5580,Сочи,20.0,2026-09-27 07:52:34.739,,,,,Сочи,октябрь,sochi_october.xlsx,10,1778.6,2-5 км,8-9,10
"улица Несебрская, дом 6, Сочи",2026-10-15,2026-10-25,Сочи,Россия,RUB,0.5023086,True,False,True,marina_yacht_hotel_sochi,True,False,Hotel,43.58206,39.719032,8726190,,65900.0,6590,Отель Маrinа Yacht,Marina Yacht  Hotel,,,1788.0,687.49,65900.0,783.82,RUB,True,2026-10-15T12:00:00Z,False,nomeal,65900.0,687.49,6590,65900.0,783.82,Двухместный номер Comfort с видом на город (двуспальная кровать) (кровать queen size),1,8.7,173.0,5580,Сочи,15.0,2026-09-27 07:52:34.739,,,,,Сочи,октябрь,sochi_october.xlsx,10,6590.0,0-2 км,8-9,10
"улица Плеханова, д.42б, Сочи",2026-10-15,2026-10-25,Сочи,Россия,RUB,4.825967,True,False,False,bulgakov_guest_house,True,False,Hotel,43.625618,39.70019,13434887,,27696.0,2770,Отель UNDERSUN Булгаков,UNDERSUN Bulgakov Hotel,,,1793.0,288.93,27696.0,329.42,RUB,True,2026-10-05T12:00:00Z,False,nomeal,27696.0,288.93,2770,27696.0,329.42,Двухместный номер Стандарт (двуспальная кровать),1,8.6,31.0,5580,Сочи,30.0,2026-09-27 07:52:34.739,,,,,Сочи,октябрь,sochi_october.xlsx,10,2769.6,2-5 км,8-9,10
"улица Орджоникидзе, д. 8А, Сочи",2026-10-15,2026-10-25,Сочи,Россия,RUB,0.8422026,True,False,True,8avenue_hotel,True,False,Hotel,43.578114,39.72555,10595288,,45047.0,4505,Отель 8Авеню 4* by Provence,8Avenue Hotel by Provence,,,1785.0,469.95,45047.0,535.8,RUB,True,2026-10-14T11:30:00Z,False,nomeal,45047.0,469.95,4505,45047.0,535.8,Двухместный номер Эконом (двуспальная кровать),1,9.2,285.0,5580,Сочи,52.0,2026-09-27 07:52:34.739,4.0,4.3,35.0,awarded-hotel,Сочи,октябрь,sochi_october.xlsx,10,4504.7,0-2 км,9+,8
"улица Несебрская, д. 14, Сочи",2026-10-15,2026-10-25,Сочи,Россия,RUB,0.43065083,True,False,True,alfa_versal_apartments,True,False,Aparthotel,43.583683,39.718372,10004946,,71134.0,7113,Апартаменты Версаль Альфа Апартаменты,Apartments Versailles Alpha Apartments,,,,742.09,71134.0,846.08,RUB,True,2026-10-15T12:00:00Z,False,nomeal,71134.0,742.09,7113,71134.0,846.08,Номер 1443 (двуспальная кровать и диван),1,9.0,119.0,5580,Сочи,,2026-09-27 07:52:34.739,,,,,Сочи,октябрь,sochi_october.xlsx,10,7113.4,0-2 км,8-9,10
"улица Бытха, д.4/10А, Сочи",2026-10-15,2026-10-25,Сочи,Россия,RUB,3.4046926,True,False,True,atlantis_aparthotel,True,False,Hotel,43.566273,39.756058,13668788,,35584.0,3558,Отель Атлантис,Atlantis Hotel,,,,371.22,35584.0,423.24,RUB,True,2026-10-15T12:00:00Z,False,nomeal,35584.0,371.22,3558,35584.0,423.24,Апартаменты с видом на внутренний двор (двуспальная кровать) (кресло-кровать),1,8.6,29.0,5580,Сочи,32.0,2026-09-27 07:52:34.739,,,,,Сочи,октябрь,sochi_october.xlsx,10,3558.4,2-5 км,8-9,10
"улица Лучезарная, д. 1А, Сочи",2026-10-15,2026-10-25,Сочи,Россия,RUB,12.963015,True,False,True,aparthotel_v_otele_premiumklassa_luchezarnyij_rezort_2,True,False,Aparthotel,43.66744,39.608418,10135827,,58359.0,5836,Апарт-отель на Лучезарной,Na Luchezarnyoi Apartment-hotel,,,,608.82,58359.0,694.13,RUB,True,2026-10-14T12:00:00Z,False,nomeal,58359.0,608.82,5836,58359.0,694.13,Студия 312 с видом на бассейн,1,9.2,50.0,5580,Сочи,25.0,2026-09-27 07:52:34.739,,,,,Сочи,октябрь,sochi_october.xlsx,10,5835.9,10-20 км,9+,10
"Марсовый переулок, д.31/1, Сириус",2026-10-15,2026-10-25,Сириус,Россия,RUB,27.025114,True,False,False,lokalita_guest_house_2,True,False,Hotel,43.411346,39.957165,11161289,,18132.0,1813,Меблированные комнаты Локалита,Lokalita Living quaters,,,,189.16,18132.0,215.66,RUB,True,2026-10-12T11:00:00Z,False,nomeal,18132.0,189.16,1813,18132.0,215.66,Четырёхместный семейный номер Standard (двуспальная кровать и двухъярусная кровать),1,8.4,97.0,965858884,Сириус,45.0,2026-09-27 07:52:34.740,,,,,Сочи,октябрь,sochi_october.xlsx,10,1813.2,20+ км,8-9,10
"Костромская улица, д. 79/1, Сочи",2026-10-15,2026-10-25,Сочи,Россия,RUB,23.670263,False,False,False,grand_aero_aparthotel,True,False,Guesthouse,43.45426,39.954514,10210406,,31535.0,3154,Гостевой Дом Гранд Аеро,Grand Aero Guest House,,,,328.98,31535.0,375.08,RUB,False,,False,nomeal,31535.0,328.98,3154,31535.0,375.08,Трёхместный номер Deluxe (двуспальная кровать) (кресло-кровать),1,9.1,157.0,5580,Сочи,73.0,2026-09-27 07:52:34.740,,,,,Сочи,октябрь,sochi_october.xlsx,10,3153.5,20+ км,9+,6
"Навагинская улица, 11а, Сочи",2026-10-15,2026-10-25,Сочи,Россия,RUB,0.4912394,True,False,False,south_mirror_residence,True,False,Hotel,43.589794,39.724464,9996640,,44000.0,4400,Mirror Residence Отель,Mirror Residence Hotel,,,,459.02,44000.0,523.34,RUB,True,2026-10-14T12:00:00Z,False,nomeal,44000.0,459.02,4400,44000.0,523.34,Двухместная Студия Мансарда (двуспальная кровать),1,8.6,134.0,5580,Сочи,76.0,2026-09-27 07:52:34.740,4.0,4.1,14.0,,Сочи,октябрь,sochi_october.xlsx,10,4400.0,0-2 км,8-9,10
"улица Депутатская, д. 14, Сочи",2026-10-15,2026-10-25,Сочи,Россия,RUB,1.812853,True,False,False,ranovsky_park,True,False,Hotel,43.574238,39.739426,9987582,,44296.0,4430,Отель Рановский парк,Ranovsky Park Hotel,,,,462.11,44296.0,526.86,RUB,True,2026-10-14T12:00:00Z,False,nomeal,44296.0,462.11,4430,44296.0,526.86,Двухместный номер Стандарт бюджетный (двуспальная кровать),1,8.4,148.0,5580,Сочи,19.0,2026-09-27 07:52:34.740,4.0,,,,Сочи,октябрь,sochi_october.xlsx,10,4429.6,0-2 км,8-9,10
"переулок Богдана Хмельницкого, д.8, Сочи",2026-10-15,2026-10-25,Сочи,Россия,RUB,23.676146,True,False,False,kiparis_resort_by_stellar_hotels_adler,True,False,Resort,43.42532,39.916847,11202853,,29765.0,2977,Отель Kiparis Resort by Stellar Hotels Adler,Kiparis Resort by Stellar Hotels Adler,,,1788.0,310.52,29765.0,354.03,RUB,True,2026-10-15T12:00:00Z,False,nomeal,29765.0,310.52,2977,29765.0,354.03,Двухместный номер Standard с балконом (двуспальная кровать),1,8.9,949.0,5580,Сочи,100.0,2026-09-27 07:52:34.740,3.0,3.8,369.0,,Сочи,октябрь,sochi_october.xlsx,10,2976.5,20+ км,8-9,10
"улица Гагарина, д.11/1, Сочи",2026-10-15,2026-10-25,Сочи,Россия,RUB,1.307257,True,False,True,hotel_maro_2,True,False,Hotel,43.597088,39.72044,9290824,,23739.0,2374,Отель Маро,Maro Hotel,,,,247.65,23739.0,282.36,RUB,True,2026-10-13T21:00:00Z,False,nomeal,23739.0,247.65,2374,23739.0,282.36,Двухместный номер Economy (2 отдельные кровати),1,8.9,85.0,5580,Сочи,12.0,2026-09-27 07:52:36.308,,,,,Сочи,октябрь,sochi_october.xlsx,10,2373.9,0-2 км,8-9,10
"улица Комсомольская, д. 1, Сочи",2026-10-15,2026-10-25,Сочи,Россия,RUB,1.591928,True,True,False,zhemchug_hotel_,True,False,Hotel,43.572876,39.732502,7656521,,48867.0,4887,Отель «Жемчуг»,Zhemchug Hotel,,,,509.8,48867.0,581.23,RUB,True,2026-10-08T11:00:00Z,True,breakfast,48867.0,509.8,4887,48867.0,581.23,Двухместный номер Стандарт (2 отдельные кровати),1,9.0,209.0,5580,Сочи,26.0,2026-09-27 07:52:36.308,3.0,4.1,33.0,,Сочи,октябрь,sochi_october.xlsx,10,4886.7,0-2 км,8-9,10
"улица Первомайская, д.19, помещ. 6, Сочи",2026-10-15,2026-10-25,Сочи,Россия,RUB,0.30841023,True,False,False,khostel_veryhostel_tot_samyi_khostel,False,False,Hotel,43.583755,39.72611,8050974,,21978.0,2198,Отель Very Hotel,Very Hotel Hotel,,,,229.28,21978.0,261.41,RUB,True,2026-10-14T21:00:00Z,False,nomeal,21978.0,229.28,2198,21978.0,261.41,Капсула Классик (двуспальная кровать) (без окна),1,8.2,169.0,5580,Сочи,23.0,2026-09-27 07:52:36.308,,4.0,48.0,,Сочи,октябрь,sochi_october.xlsx,10,2197.8,0-2 км,8-9,10
"улица Ленина, д.219/34, Сочи",2026-10-15,2026-10-25,Сочи,Россия,RUB,19.387678,True,False,False,portobello_sochi_hotel,False,False,Hotel,43.466393,39.89897,9078379,,29500.0,2950,Отель Портобелло Сочи,Portobello Sochi Hotel,,,,307.75,29500.0,350.88,RUB,True,2026-10-14T11:00:00Z,False,nomeal,29500.0,307.75,2950,29500.0,350.88,Двухместный номер Standard с красивым видом из окна (2 отдельные кровати),1,9.1,396.0,5580,Сочи,81.0,2026-09-27 07:52:36.308,3.0,4.6,242.0,awarded-hotel,Сочи,октябрь,sochi_october.xlsx,10,2950.0,10-20 км,9+,10
"р-н Лазаревский, ул Лучезарная, д. 1А, Сочи",2026-10-15,2026-10-25,Сочи,Россия,RUB,12.875788,True,False,False,luchezarnyij_rezort_aparthotel,True,False,Resort,43.667095,39.609474,9252647,,58900.0,5890,Отель курортный Лучезарный Резорт,Luchezarny Rezort Resort Hotel,,,,614.47,58900.0,700.56,RUB,True,2026-10-14T21:00:00Z,False,nomeal,58900.0,614.47,5890,58900.0,700.56,Двухместная студия с балконом (двуспальная кровать),1,9.0,116.0,5580,Сочи,79.0,2026-09-27 07:52:36.308,4.0,,,,Сочи,октябрь,sochi_october.xlsx,10,5890.0,10-20 км,8-9,10
"ул. Коммунальная 41/А стр. 1, Сочи",2026-10-15,2026-10-25,Сочи,Россия,RUB,3.3162124,True,False,False,garden_hills_hotel,True,False,Hotel,43.568768,39.757236,8753372,,28820.0,2882,Отель Гарден Хиллс Hotel by Provence,Garden Khills Hotel by Provence Hotel,,,1785.0,300.66,28820.0,342.79,RUB,True,2026-10-14T12:00:00Z,False,nomeal,28820.0,300.66,2882,28820.0,342.79,Двухместный номер Стандартный с видом на море (двуспальная кровать),1,8.3,210.0,5580,Сочи,148.0,2026-09-27 07:52:36.308,3.0,,,,Сочи,октябрь,sochi_october.xlsx,10,2882.0,2-5 км,8-9,10
"улица Пластунская, д.44 А, Сочи",2026-10-15,2026-10-25,Сочи,Россия,RUB,2.1258097,True,True,True,otel_marianna,True,False,Hotel,43.602448,39.73532,8167091,,31900.0,3190,Отель Марианна,Marianna Hotel,,,,332.79,31900.0,379.42,RUB,True,2026-10-12T11:00:00Z,True,breakfast,31900.0,332.79,3190,31900.0,379.42,Двухместный номер Стандарт мансардный (двуспальная кровать),1,8.3,275.0,5580,Сочи,49.0,2026-09-27 07:52:36.308,,4.1,77.0,,Сочи,октябрь,sochi_october.xlsx,10,3190.0,2-5 км,8-9,10
"улица Бамбуковая, 14 А, Сочи",2026-10-15,2026-10-25,Сочи,Россия,RUB,3.104667,True,False,False,apartotel_rezidentsiya_kaskad,True,False,Hotel,43.612434,39.712936,11227720,,24656.0,2466,Отель Резиденция Каскад,Hotel Rezidentsiya Kaskad,,,,257.22,24656.0,293.26,RUB,True,2026-10-08T12:00:00Z,False,nomeal,24656.0,257.22,2466,24656.0,293.26,Двухместный Двухуровневый семейный (двуспальная кровать),1,8.7,120.0,5580,Сочи,22.0,2026-09-27 07:52:36.308,3.0,,,,Сочи,октябрь,sochi_october.xlsx,10,2465.6,2-5 км,8-9,10
"ул. Мира 31, корпус В, Адлер",2026-10-15,2026-10-25,Адлер,Россия,RUB,22.386436,True,False,False,adler_minihotel,True,False,Guesthouse,43.440025,39.91531,10008692,,18000.0,1800,Гостевой дом Адлер,Adler Guest House,,,,187.78,18000.0,214.09,RUB,True,2026-10-08T10:00:00Z,False,nomeal,18000.0,187.78,1800,18000.0,214.09,Двухместный номер Standard с видом на внутренний двор (2 отдельные кровати),1,8.6,68.0,299,Адлер,12.0,2026-09-27 07:52:36.308,,,,,Сочи,октябрь,sochi_october.xlsx,10,1800.0,20+ км,8-9,10
"Ulitsa Prosveshcheniya 105A, 354364, Adler, Russia, Сочи",2026-10-15,2026-10-25,Сочи,Россия,RUB,18.310543,False,False,False,sirius_guest_house_2,True,False,Guesthouse,43.476303,39.893345,8752333,,23115.0,2312,Guest House Sirius,Guest House Sirius,,,,241.14,23115.0,274.93,RUB,False,,False,nomeal,23115.0,241.14,2312,23115.0,274.93,Трёхместный номер Standard с балконом,1,8.7,41.0,5580,Сочи,,2026-09-27 07:52:36.308,,,,,Сочи,октябрь,sochi_october.xlsx,10,2311.5,10-20 км,8-9,10
"улица Общинная, д.52, Сириус",2026-10-15,2026-10-25,Сириус,Россия,RUB,29.02754,True,False,False,nash_dom_guest_house_,True,False,Guesthouse,43.39775,39.973495,6504645,,35000.0,3500,Гостевой Дом Наш Дом,Nash Dom Guest House,,,,365.13,35000.0,416.29,RUB,True,2026-10-13T11:00:00Z,False,nomeal,35000.0,365.13,3500,35000.0,416.29,Трёхместный номер Standard (3 отдельные кровати),1,9.1,53.0,965858884,Сириус,18.0,2026-09-27 07:52:36.308,,3.7,10.0,,Сочи,октябрь,sochi_october.xlsx,10,3500.0,20+ км,9+,10
"Морской переулок, д. 1/2, Сочи",2026-10-15,2026-10-25,Сочи,Россия,RUB,1.0118365,True,False,False,serenity_premium_apartments,True,False,Hotel,43.57639,39.723743,9768841,,27965.0,2797,Отель Серенити Премиум,Sereniti Premium Hotel,,,,291.74,27965.0,332.62,RUB,True,2026-10-08T12:00:00Z,False,nomeal,27965.0,291.74,2797,27965.0,332.62,Двухместный номер с имитацией окна Economy (двуспальная кровать),1,8.9,26.0,5580,Сочи,11.0,2026-09-27 07:52:36.310,,,,awarded-hotel,Сочи,октябрь,sochi_october.xlsx,10,2796.5,0-2 км,8-9,10
"улица Волжская, 18/16, Сочи",2026-10-15,2026-10-25,Сочи,Россия,RUB,4.879898,True,True,False,coocoorooza_pansionat,False,False,Hotel,43.62484,39.6962,8869683,,39800.0,3980,Курортный Отель COOCOOROOZA,COOCOOROOZA  Hotel,,,,415.21,39800.0,473.39,RUB,True,2026-10-14T21:00:00Z,True,breakfast,39800.0,415.21,3980,39800.0,473.39,Двухместный номер (1 этаж) Стандарт с видом на море (двуспальная кровать),1,9.1,218.0,5580,Сочи,50.0,2026-09-27 07:52:36.310,3.0,4.1,41.0,,Сочи,октябрь,sochi_october.xlsx,10,3980.0,2-5 км,9+,10
"улица Ленина, д.56, Сочи",2026-10-15,2026-10-25,Сочи,Россия,RUB,23.30225,True,False,False,avsteria_guest_house,True,False,Guesthouse,43.430622,39.918068,13290695,,30943.0,3094,Гостевой дом Австерия,Avsteriya Guest House,,,,322.81,30943.0,368.04,RUB,True,2026-10-01T11:00:00Z,False,nomeal,30943.0,322.81,3094,30943.0,368.04,Двухместный номер Standard с балконом (двуспальная кровать),1,8.5,134.0,5580,Сочи,28.0,2026-09-27 07:52:36.310,,,,,Сочи,октябрь,sochi_october.xlsx,10,3094.3,20+ км,8-9,10
"Курортный проспект, д.108 А, Сочи",2026-10-15,2026-10-25,Сочи,Россия,RUB,5.6156907,True,False,True,otel_green_club,True,False,Guesthouse,43.55346,39.77707,8099769,,23000.0,2300,Гостевой дом Грин Клаб,Grin Club Guest House,,,,239.94,23000.0,273.57,RUB,True,2026-10-14T12:00:00Z,False,nomeal,23000.0,239.94,2300,23000.0,273.57,Двухместный номер Standard (2 отдельные кровати),1,9.1,215.0,5580,Сочи,28.0,2026-09-27 07:52:36.310,,4.1,34.0,,Сочи,октябрь,sochi_october.xlsx,10,2300.0,5-10 км,9+,10
"Гвардейская улица, д. 13/1, Сочи",2026-10-15,2026-10-25,Сочи,Россия,RUB,23.978422,False,False,False,inessa_guest_house_2,True,False,Guesthouse,43.423687,39.919964,10850262,,17399.5,1740,Гостевой Дом Инесса,Inessa Guest house,,,,181.52,17399.5,206.95,RUB,False,,False,nomeal,17399.5,181.52,1740,17399.5,206.95,"Четырёхместный семейный номер Superior с балконом и с видом на горы (2 отдельные кровати, двуспальная кровать и диван)",1,9.0,71.0,5580,Сочи,25.0,2026-09-27 07:52:36.310,,3.6,7.0,,Сочи,октябрь,sochi_october.xlsx,10,1739.95,20+ км,8-9,6
"ул.65 лет Победы 50, Адлер",2026-10-15,2026-10-25,Адлер,Россия,RUB,29.419594,True,False,False,the_radisson_collection_paradise_resort_spa,False,False,Resort,43.39464,39.97605,13736470,,232200.0,23220,"Radisson Collection Парадиз СПА, Сочи","Radisson Collection Paradiz SPA, Sochi",,,133.0,2422.39,232200.0,2761.82,RUB,True,2026-10-14T21:00:00Z,False,nomeal,232200.0,2422.39,23220,232200.0,2761.82,Двухместный номер Коллекшн с балконом и с видом на горы (2 отдельные кровати),1,9.1,1348.0,299,Адлер,514.0,2026-09-27 07:52:36.310,5.0,4.5,1160.0,awarded-hotel,Сочи,октябрь,sochi_october.xlsx,10,23220.0,20+ км,9+,10
"ул. Просвещения, 118б/2, Сочи",2026-10-15,2026-10-25,Сочи,Россия,RUB,21.354546,True,False,True,cosmos_adler_4_hotel_2,True,False,Hotel,43.44511,39.9041,11323735,,51000.0,5100,Cosmos Адлер Отель,Cosmos Adler Hotel,,,873.0,532.05,51000.0,606.6,RUB,True,2026-10-14T12:00:00Z,False,nomeal,51000.0,532.05,5100,51000.0,606.6,Двухместный номер Standard (двуспальная кровать) (тип кровати может измениться),1,9.4,207.0,5580,Сочи,98.0,2026-09-27 07:52:36.310,4.0,,,awarded-hotel,Сочи,октябрь,sochi_october.xlsx,10,5100.0,20+ км,9+,10
"р-н Хостинский, проспект Курортный, д. 84а, Сочи",2026-10-15,2026-10-25,Сочи,Россия,RUB,2.944495,True,False,False,prospekt_hotel_2,True,False,Hotel,43.565735,39.747498,11198483,,27636.0,2764,Отель Проспект,Prospekt Hotel,,,,288.31,27636.0,328.71,RUB,True,2026-10-14T11:00:00Z,False,nomeal,27636.0,288.31,2764,27636.0,328.71,Двухместный номер Стандарт эконом без окна (двуспальная кровать) (без окна),1,8.2,225.0,5580,Сочи,44.0,2026-09-27 07:52:36.310,3.0,,,,Сочи,октябрь,sochi_october.xlsx,10,2763.6,2-5 км,8-9,10
"Демократический переулок 3 корпус 1, Сочи",2026-10-15,2026-10-25,Сочи,Россия,RUB,24.272966,True,True,False,hotel_butikotel_adriano,True,False,Hotel,43.423733,39.925514,13111723,,44565.0,4457,Отель Бутик-отель «Адриано»,Hotel Butik-Otel Adriano,,,,464.92,44565.0,530.06,RUB,True,2026-10-14T09:00:00Z,True,breakfast,44565.0,464.92,4457,44565.0,530.06,Двухместный номер Standard с видом на город (двуспальная кровать),1,8.7,297.0,5580,Сочи,30.0,2026-09-27 07:52:36.310,4.0,4.2,82.0,,Сочи,октябрь,sochi_october.xlsx,10,4456.5,20+ км,8-9,10
"улица Яна Фабрициуса, 33, Сочи",2026-10-15,2026-10-25,Сочи,Россия,RUB,2.2238693,True,False,False,hotel_atrium_avenyu,True,False,Hotel,43.576794,39.747997,13921572,,20000.0,2000,Отель Атриум Авеню,Atrium Avenyu Hotel,,,,208.65,20000.0,237.88,RUB,True,2026-10-14T21:00:00Z,False,nomeal,20000.0,208.65,2000,20000.0,237.88,Двухместная Cтудия с видом на внутренний двор (двуспальная кровать),1,9.1,17.0,5580,Сочи,53.0,2026-09-27 07:52:38.006,3.0,,,,Сочи,октябрь,sochi_october.xlsx,10,2000.0,2-5 км,9+,10
"улица Ленина, д.219/5, Сочи",2026-10-15,2026-10-25,Сочи,Россия,RUB,18.637598,True,False,False,grejs_kruiz_hotel,True,False,Hotel,43.47509,39.897278,9829023,,28750.0,2875,Спа-отель Грейс Круиз,Spa Hotel Grace Cruise,,,1532.0,299.93,28750.0,341.96,RUB,True,2026-10-08T11:00:00Z,False,nomeal,28750.0,299.93,2875,28750.0,341.96,Двухместный номер Стандарт с балконом (двуспальная кровать),1,9.2,452.0,5580,Сочи,95.0,2026-09-27 07:52:38.006,3.0,,,awarded-hotel,Сочи,октябрь,sochi_october.xlsx,10,2875.0,10-20 км,9+,10
"ул. Ялтинская, 4, Сочи",2026-10-15,2026-10-25,Сочи,Россия,RUB,14.474686,True,True,False,crystal_sanatorium,True,False,Sanatorium,43.510185,39.869762,7749948,,144000.0,14400,Санаторий Кристалл,Kristall Sanatorium,,,,1502.26,144000.0,1712.76,RUB,True,2026-10-14T12:00:00Z,True,breakfast,144000.0,1502.26,14400,144000.0,1712.76,Двухместный номер Стандарт с балконом (2 отдельные кровати),1,9.8,38.0,5580,Сочи,349.0,2026-09-27 07:52:38.006,4.0,,,awarded-hotel,Сочи,октябрь,sochi_october.xlsx,10,14400.0,10-20 км,9+,10
"улица Кирова, д.23, Сочи",2026-10-15,2026-10-25,Сочи,Россия,RUB,24.09545,False,False,False,sea_star_apart_adler_apartments,True,False,Hotel,43.423145,39.92131,8877049,,37769.0,3777,Отель Морская Звезда Адлер,Morskaya Zvezda Adler Hotel,,,,394.02,37769.0,449.23,RUB,False,,False,nomeal,37769.0,394.02,3777,37769.0,449.23,Двухместный номер Standard (двуспальная кровать),1,8.8,171.0,5580,Сочи,19.0,2026-09-27 07:52:38.007,,3.0,9.0,,Сочи,октябрь,sochi_october.xlsx,10,3776.9,20+ км,8-9,10
"улица Ружейная, д. 70, Сириус",2026-10-15,2026-10-25,Сириус,Россия,RUB,27.421711,True,False,False,villa_maria_club_aparthotel,True,False,Guesthouse,43.411594,39.9645,10439075,,39500.0,3950,Вилла Мария Клуб (VillaMariaClub),Villa Maria Club Guest House,,,,412.08,39500.0,469.82,RUB,True,2026-10-14T11:00:00Z,False,nomeal,39500.0,412.08,3950,39500.0,469.82,Двухместный номер Standard Мансарда (двуспальная кровать и диван),1,9.6,398.0,965858884,Сириус,,2026-09-27 07:52:38.007,,,,awarded-hotel,Сочи,октябрь,sochi_october.xlsx,10,3950.0,20+ км,9+,10
"проспект Континентальный, 6, Сириус",2026-10-15,2026-10-25,Сириус,Россия,RUB,28.759169,True,True,False,hotel_sochi_park_hotel_2,True,False,Hotel,43.403206,39.976383,10479044,,88743.0,8874,Отель Сочи Парк Отель,Hotel Sochi Park Hotel,,,1832.0,925.8,88743.0,1055.52,RUB,True,2026-10-14T09:00:00Z,True,breakfast,88743.0,925.8,8874,88743.0,1055.52,Четырёхместный номер Стандарт с балконом (2 двухъярусные кровати),1,8.3,5673.0,965858884,Сириус,2418.0,2026-09-27 07:52:38.007,3.0,3.8,5038.0,,Сочи,октябрь,sochi_october.xlsx,10,8874.3,20+ км,8-9,10
"улица Победы, д.153, Сочи",2026-10-15,2026-10-25,Сочи,Россия,RUB,49.05859,True,False,False,lazium_spa_hotel,True,False,Resort,43.917507,39.320267,13866087,,44511.0,4451,Отель Лазиум Спа,Lazium Spa Hotel,,,,464.35,44511.0,529.42,RUB,True,2026-10-14T12:00:00Z,False,nomeal,44511.0,464.35,4451,44511.0,529.42,Двухместный номер Deluxe с балконом (двуспальная кровать),1,9.5,20.0,5580,Сочи,45.0,2026-09-27 07:52:38.007,3.0,,,,Сочи,октябрь,sochi_october.xlsx,10,4451.1,20+ км,9+,10
"улица Чкалова, д.1А, Сочи",2026-10-15,2026-10-25,Сочи,Россия,RUB,18.655636,True,False,True,mio_hotel,True,False,Hotel,43.474182,39.896473,8851845,,31569.0,3157,Отель Мио,Mio Hotel,,,,329.34,31569.0,375.49,RUB,True,2026-10-08T11:00:00Z,False,nomeal,31569.0,329.34,3157,31569.0,375.49,Двухместный номер Deluxe (двуспальная кровать) (кровать king size),1,8.8,162.0,5580,Сочи,26.0,2026-09-27 07:52:38.007,3.0,,,,Сочи,октябрь,sochi_october.xlsx,10,3156.9,10-20 км,8-9,10
"ул Навагинская д.14, Сочи",2026-10-15,2026-10-25,Сочи,Россия,RUB,0.2502034,True,False,True,sochi_galereia_park,False,False,Hotel,43.58747,39.72457,9763356,,27629.0,2763,Отель Сочи Галерея Парк,Sochi Galereya Park Hotel,,,,288.24,27629.0,328.62,RUB,True,2026-10-13T21:00:00Z,False,nomeal,27629.0,288.24,2763,27629.0,328.62,Двухместный номер без окна (двуспальная кровать) (без окна),1,8.4,210.0,5580,Сочи,30.0,2026-09-27 07:52:38.007,3.0,4.5,60.0,,Сочи,октябрь,sochi_october.xlsx,10,2762.9,0-2 км,8-9,10
"улица Чайковского, д. 7/2, Сочи",2026-10-15,2026-10-25,Сочи,Россия,RUB,1.2939792,True,False,True,chaykovskiy_hotel,False,False,Hotel,43.597126,39.72344,10460734,,24000.0,2400,Отель Чайковский,Chaykovskiy Hotel,,,,250.38,24000.0,285.46,RUB,True,2026-10-14T21:00:00Z,False,nomeal,24000.0,250.38,2400,24000.0,285.46,Двухместный номер Стандарт (двуспальная кровать),1,8.2,96.0,5580,Сочи,35.0,2026-09-27 07:52:38.007,3.0,4.0,4.0,,Сочи,октябрь,sochi_october.xlsx,10,2400.0,0-2 км,8-9,10
"Депутатская улица, 10Б/1,  помещ.19, Сочи",2026-10-15,2026-10-25,Сочи,Россия,RUB,1.8729281,True,False,True,aparthotel_metropol,True,False,Aparthotel,43.573357,39.73927,9227680,,55985.0,5599,Апарт-отель Метрополь,Metropol Apartment hotel,,,,584.06,55985.0,665.89,RUB,True,2026-10-14T13:00:00Z,False,nomeal,55985.0,584.06,5599,55985.0,665.89,Двухместная Апартаменты Студия с видом на сад (2 отдельные кровати),1,9.3,399.0,5580,Сочи,4.0,2026-09-27 07:52:38.007,,,,awarded-hotel,Сочи,октябрь,sochi_october.xlsx,10,5598.5,0-2 км,9+,10
"улица Конституции СССР, д.18, Сочи",2026-10-15,2026-10-25,Сочи,Россия,RUB,0.6321394,True,False,False,arkhitektor_aparthotel,True,False,Hotel,43.590584,39.71963,10012084,,34650.0,3465,Архитектор Apart Hotel by Provence,Arkhitektor Apart Hotel by Provence,,,1785.0,361.48,34650.0,412.13,RUB,True,2026-10-14T21:00:00Z,False,nomeal,34650.0,361.48,3465,34650.0,412.13,Номер Lite Эконом,1,9.2,155.0,5580,Сочи,84.0,2026-09-27 07:52:38.007,4.0,,,awarded-hotel,Сочи,октябрь,sochi_october.xlsx,10,3465.0,0-2 км,9+,9
"улица Ленина, д. 286/3А, Сочи",2026-10-15,2026-10-25,Сочи,Россия,RUB,18.526588,False,False,False,eleon_guest_house,True,False,Hotel,43.47698,39.897713,8881282,,12858.0,1286,Меблированные комнаты Марсель,Marsel Living quarters,,,,134.14,12858.0,152.93,RUB,False,,False,nomeal,12858.0,134.14,1286,12858.0,152.93,Семейный номер Classic,1,9.1,103.0,5580,Сочи,,2026-09-27 07:52:38.007,,,,awarded-hotel,Сочи,октябрь,sochi_october.xlsx,10,1285.8,10-20 км,9+,10
"улица Кирова, д. 23, Сочи",2026-10-15,2026-10-25,Сочи,Россия,RUB,24.111568,True,False,False,liberty_fly,True,False,Hotel,43.423042,39.92145,8467932,,40000.0,4000,Отель Liberty Fly,Liberty Fly,,,,417.29,40000.0,475.77,RUB,True,2026-10-08T11:00:00Z,False,nomeal,40000.0,417.29,4000,40000.0,475.77,Двухместный номер Standard с красивым видом из окна (двуспальная кровать),1,9.2,181.0,5580,Сочи,86.0,2026-09-27 07:52:38.007,3.0,4.0,65.0,,Сочи,октябрь,sochi_october.xlsx,10,4000.0,20+ км,9+,10
"Перепелиный переулок, д.27, Сириус",2026-10-15,2026-10-25,Сириус,Россия,RUB,27.101717,True,False,True,volna_baykala_guest_house,False,False,Guesthouse,43.412132,39.959625,13875071,,27030.0,2703,Гостевой дом Волна Байкала,Volna Baykala Guest house,,,,281.99,27030.0,321.5,RUB,True,2026-10-14T12:00:00Z,False,nomeal,27030.0,281.99,2703,27030.0,321.5,Номер Standard с видом на город (двуспальная кровать),1,9.4,22.0,965858884,Сириус,,2026-09-27 07:52:38.007,,,,,Сочи,октябрь,sochi_october.xlsx,10,2703.0,20+ км,9+,10
"улица Нижнеимеретинская, д.155А, Сириус",2026-10-15,2026-10-25,Сириус,Россия,RUB,28.98457,True,False,False,hotel_vista_mare_2,True,False,Hotel,43.396633,39.97112,10017730,,66500.0,6650,Отель Vista Mare,Vista Mare  Hotel,,,,693.75,66500.0,790.96,RUB,True,2026-10-14T11:00:00Z,False,nomeal,66500.0,693.75,6650,66500.0,790.96,Двухместный номер Standard (двуспальная кровать),1,9.2,83.0,965858884,Сириус,20.0,2026-09-27 07:52:38.007,,,,awarded-hotel,Сочи,октябрь,sochi_october.xlsx,10,6650.0,20+ км,9+,10
"улица Белорусская, д.9Б, Сочи",2026-10-15,2026-10-25,Сочи,Россия,RUB,21.87435,True,False,False,galotel,True,False,Hotel,43.442566,39.90978,6551322,,14000.0,1400,Меблированные комнаты Гал,Gal Living Quarters,,,,146.05,14000.0,166.52,RUB,True,2026-10-01T12:00:00Z,False,nomeal,14000.0,146.05,1400,14000.0,166.52,Двухместный номер Comfort с балконом (2 отдельные кровати и диван),1,8.6,268.0,5580,Сочи,15.0,2026-09-27 07:52:38.007,,3.4,25.0,,Сочи,октябрь,sochi_october.xlsx,10,1400.0,20+ км,8-9,10
"Адлерский район, улица Крамского, д. 13В, Сириус",2026-10-15,2026-10-25,Сириус,Россия,RUB,30.211159,True,False,False,mini_hotel_elion,True,False,Guesthouse,43.3924,39.986935,13312897,,23149.0,2315,Гостевой дом Элион,Elion Guest House,,,,241.5,23149.0,275.34,RUB,True,2026-10-08T11:00:00Z,False,nomeal,23149.0,241.5,2315,23149.0,275.34,Двухместный номер Классик с окном с видом в холл отеля (двуспальная кровать),1,8.8,88.0,965858884,Сириус,,2026-09-27 07:52:38.007,,,,,Сочи,октябрь,sochi_october.xlsx,10,2314.9,20+ км,8-9,10
"354349, Краснодарский край, ФТ Сириус, пгт. Сириус, ул. Фигурная, д. 45, Сириус",2026-10-15,2026-10-25,Сириус,Россия,RUB,30.520052,True,False,False,bridge_resort,False,False,Resort,43.39038,39.989567,7904998,,69577.0,6958,Гостиничный комплекс Bridge Resort,Bridge Resort Hotel,,,,725.85,69577.0,827.56,RUB,True,2026-10-13T21:00:00Z,False,nomeal,69577.0,725.85,6958,69577.0,827.56,Двухместный номер Стандарт (типовой корпус) (двуспальная кровать),1,9.0,180.0,965858884,Сириус,690.0,2026-09-27 07:52:38.007,4.0,,,,Сочи,октябрь,sochi_october.xlsx,10,6957.7,20+ км,8-9,10
"улица Черноморская, д.4, Сочи",2026-10-15,2026-10-25,Сочи,Россия,RUB,2.058053,True,False,True,sea_galaxy_congress__spa_hotel,False,False,Resort,43.569218,39.735336,7927299,,79695.0,7970,Sea Galaxy Hotel Congress & Spa,Sea Galaxy Congress & Spa Hotel,,,,831.41,79695.0,947.9,RUB,True,2026-10-14T21:00:00Z,False,nomeal,79695.0,831.41,7970,79695.0,947.9,Двухместный номер Стандарт с балконом и с красивым видом из окна (двуспальная кровать),1,9.2,354.0,5580,Сочи,341.0,2026-09-27 07:52:38.007,4.0,,,,Сочи,октябрь,sochi_october.xlsx,10,7969.5,2-5 км,9+,10
"улица Красноармейская, д.3А, Сочи",2026-10-15,2026-10-25,Сочи,Россия,RUB,1.2840234,True,False,False,aparthotel_atmosfera_rivera,True,False,Hotel,43.596554,39.718536,10008857,,34680.0,3468,"Отель ""ATMOSFERA RIVIERA""","""ATMOSFERA RIVIERA"" Hotel",,,,361.79,34680.0,412.49,RUB,True,2026-10-08T12:00:00Z,False,nomeal,34680.0,361.79,3468,34680.0,412.49,Номер Стандартный с видом на город (диван),1,8.9,106.0,5580,Сочи,22.0,2026-09-27 07:52:43.172,,,,,Сочи,октябрь,sochi_october.xlsx,10,3468.0,0-2 км,8-9,10
"улица Виноградная, д.184/2, Сочи",2026-10-15,2026-10-25,Сочи,Россия,RUB,4.005159,True,False,False,bellagio_hotel_3,True,False,Resort,43.621414,39.719173,7942708,,41500.0,4150,Отель Спа Bellagio,Spa Bellagio Hotel,,,,432.94,41500.0,493.61,RUB,True,2026-10-14T11:00:00Z,False,nomeal,41500.0,432.94,4150,41500.0,493.61,Двухместный номер Комфорт (двуспальная кровать),1,7.7,147.0,5580,Сочи,80.0,2026-09-27 07:52:43.172,4.0,2.9,21.0,,Сочи,октябрь,sochi_october.xlsx,10,4150.0,2-5 км,7-8,10
"ул. Ленина, 173/3, Сочи",2026-10-15,2026-10-25,Сочи,Россия,RUB,20.88773,True,False,False,v_kurortnom_gorodke_guest_house,True,False,Hotel,43.450577,39.90362,10672428,,13641.0,1364,Гостиница Солнечный День,Gostinitsa Solnechnyi Den Hotel,,,,142.31,13641.0,162.25,RUB,True,2026-10-14T11:00:00Z,False,nomeal,13641.0,142.31,1364,13641.0,162.25,Двухместный номер Economy (общая ванная комната) (двухъярусная кровать),1,8.9,192.0,5580,Сочи,6.0,2026-09-27 07:52:43.173,,,,awarded-hotel,Сочи,октябрь,sochi_october.xlsx,10,1364.1,20+ км,8-9,10
"Курортный проспект, 89, Сочи",2026-10-15,2026-10-25,Сочи,Россия,RUB,3.6480525,True,False,False,swissotel_sochi_kamelia,False,False,Resort,43.56278,39.75584,7967155,,187150.0,18715,Отель Swissôtel Resort Sochi Kamelia,Hotel Swissotel Resort Sochi Kamelia,,,1509.0,1952.41,187150.0,2225.99,RUB,True,2026-10-14T20:00:00Z,False,nomeal,187150.0,1952.41,18715,187150.0,2225.99,Двухместный номер Стандартный с видом на внутренний двор (двуспальная кровать) (кровать king size),1,9.4,1535.0,5580,Сочи,203.0,2026-09-27 07:52:43.173,5.0,4.6,1467.0,awarded-hotel,Сочи,октябрь,sochi_october.xlsx,10,18715.0,2-5 км,9+,10
"Кубанская улица, 4Б, Сочи",2026-10-15,2026-10-25,Сочи,Россия,RUB,0.5155793,True,False,False,hotel_ambassador_50,True,False,Hotel,43.582005,39.72735,11205863,,22706.0,2271,Отель Амбассадор,Hotel Ambassador,,,,236.88,22706.0,270.07,RUB,True,2026-10-14T21:00:00Z,False,nomeal,22706.0,236.88,2271,22706.0,270.07,Двухместный номер Стандарт Бюджетный с видом во внутренний двор и на стену здания (двуспальная кровать),1,8.6,357.0,5580,Сочи,70.0,2026-09-27 07:52:43.173,3.0,,,,Сочи,октябрь,sochi_october.xlsx,10,2270.6,0-2 км,8-9,10
"микрорайон Адлер, улица Просвещения, д. 27А, Сочи",2026-10-15,2026-10-25,Сочи,Россия,RUB,23.346653,True,False,True,zvyozdnyij_minihotel,False,False,Hotel,43.427055,39.913376,8737354,,24225.0,2423,Меблированные комнаты Дом у моря,Dom u Morya Living quaters,,,,252.72,24225.0,288.14,RUB,True,2026-10-01T09:30:00Z,False,nomeal,24225.0,252.72,2423,24225.0,288.14,Двухместный номер Standard (двуспальная кровать) (тип кровати может измениться),1,8.6,45.0,5580,Сочи,85.0,2026-09-27 07:52:43.173,,,,,Сочи,октябрь,sochi_october.xlsx,10,2422.5,20+ км,8-9,6
"улица Чкалова, д.6В, Сочи",2026-10-15,2026-10-25,Сочи,Россия,RUB,18.511465,True,False,False,edelveys_guest_house,True,False,Hotel,43.47611,39.896427,10001720,,11668.0,1167,Отель Эдельвейс,Edelveys Hotel,,,,121.72,11668.0,138.78,RUB,True,2026-10-10T11:00:00Z,False,nomeal,11668.0,121.72,1167,11668.0,138.78,Двухместный номер Standard с балконом и с видом на город (двуспальная кровать),1,7.5,16.0,5580,Сочи,24.0,2026-09-27 07:52:43.173,,,,,Сочи,октябрь,sochi_october.xlsx,10,1166.8,10-20 км,7-8,10
"улица Черноморская, д.19, Сочи",2026-10-15,2026-10-25,Сочи,Россия,RUB,2.456128,True,False,False,dolphin_resort_hotel__conference,True,False,Resort,43.566322,39.73832,8313881,,51400.0,5140,Отель Dolphin Resort by Stellar Hotels Sochi,Dolphin Resort by Stellar Hotels Sochi Hotel,,,1788.0,536.22,51400.0,611.36,RUB,True,2026-10-15T12:00:00Z,False,nomeal,51400.0,536.22,5140,51400.0,611.36,Двухместный Фирменный люкс с видом на город (двуспальная кровать и диван),1,8.8,173.0,5580,Сочи,32.0,2026-09-27 07:52:43.173,4.0,,,resort-hotel,Сочи,октябрь,sochi_october.xlsx,10,5140.0,2-5 км,8-9,10
"улица Депутатская, д.10г, Сочи",2026-10-15,2026-10-25,Сочи,Россия,RUB,1.964298,True,False,False,aparthotel_montevil,True,False,Hotel,43.57221,39.739223,10010417,,61984.0,6198,Отель Монтевиль by Adamand Resort,Montevil Hotel by Adamand Resort,,,,646.64,61984.0,737.25,RUB,True,2026-10-14T09:00:00Z,False,nomeal,61984.0,646.64,6198,61984.0,737.25,Студия Classic (двуспальная кровать и диван),1,8.9,101.0,5580,Сочи,30.0,2026-09-27 07:52:43.173,,4.3,44.0,,Сочи,октябрь,sochi_october.xlsx,10,6198.4,0-2 км,8-9,10
"улица Тростниковая, д. 33, Сириус",2026-10-15,2026-10-25,Сириус,Россия,RUB,27.098536,True,False,False,mantarini_guest_house,True,False,Guesthouse,43.41165,39.958897,13642852,,25000.0,2500,Гостевой дом Мантарини,Mantarini Guest House,,,,260.81,25000.0,297.35,RUB,True,2026-10-14T11:00:00Z,False,nomeal,25000.0,260.81,2500,25000.0,297.35,Двухместный номер Standard Мансарда с видом на сад (2 отдельные кровати),1,8.9,35.0,965858884,Сириус,14.0,2026-09-27 07:52:43.173,,,,,Сочи,октябрь,sochi_october.xlsx,10,2500.0,20+ км,8-9,10
"street Prosvesheniya, 110 A, Адлер",2026-10-15,2026-10-25,Адлер,Россия,RUB,22.270382,True,True,True,okhotnik_adler_hotel,True,False,Hotel,43.43636,39.907738,7851188,,38757.0,3876,Отель Охотник,Ohotnik Hotels,,,,404.33,38757.0,460.98,RUB,True,2026-10-14T09:00:00Z,True,breakfast,38757.0,404.33,3876,38757.0,460.98,"Двухместный номер Стандарт для людей с ограниченными возможностями (двуспальная кровать) (кровать queen size, для гостей с ограниченными возможностями)",1,8.1,355.0,299,Адлер,72.0,2026-09-27 07:52:43.173,,2.5,118.0,,Сочи,октябрь,sochi_october.xlsx,10,3875.7,20+ км,8-9,10
"улица Бытха, д. 30, Сочи",2026-10-15,2026-10-25,Сочи,Россия,RUB,3.8445919,True,False,True,lissabon_neolit_apart_hotel,True,False,Aparthotel,43.565937,39.762516,10370458,,25286.0,2529,Апарт-отель Лиссабон Неолит,Lissabon Neolit Aparthotel,,,1783.0,263.79,25286.0,300.76,RUB,True,2026-10-14T12:00:00Z,False,nomeal,25286.0,263.79,2529,25286.0,300.76,Двухместные апартаменты Дуплекс с балконом и с видом на город (двуспальная кровать и диван),1,8.3,374.0,5580,Сочи,92.0,2026-09-27 07:52:43.173,3.0,,,,Сочи,октябрь,sochi_october.xlsx,10,2528.6,2-5 км,8-9,10
"улица Орджоникидзе, д.17, Сочи",2026-10-15,2026-10-25,Сочи,Россия,RUB,1.1315346,True,False,False,hyatt_regency_sochi,False,False,Hotel,43.57563,39.726658,7936791,,198050.0,19805,Отель GRAND KARAT SOCHI,GRAND KARAT SOCHI Hotel,,,27.0,2066.13,198050.0,2355.63,RUB,True,2026-10-14T21:00:00Z,False,nomeal,198050.0,2066.13,19805,198050.0,2355.63,Двухместный номер Стандартный (2 отдельные кровати),1,9.2,134.0,5580,Сочи,199.0,2026-09-27 07:52:43.173,5.0,,,awarded-hotel,Сочи,октябрь,sochi_october.xlsx,10,19805.0,0-2 км,9+,10
"ул. Голубая, д. 1а, Сириус",2026-10-15,2026-10-25,Сириус,Россия,RUB,26.128433,True,True,False,mantera_resort_congress,True,False,Hotel,43.409676,39.938362,11201577,,185120.0,18512,"Mantera Resort & Congress, Сочи","Mantera Resort & Congress, Sochi",,,1832.0,1931.24,185120.0,2201.84,RUB,True,2026-10-14T12:00:00Z,True,half-board-dinner,185120.0,1931.24,18512,185120.0,2201.84,Двухместный номер Стандарт с балконом и с видом на море (2 отдельные кровати) (тип кровати может измениться),1,9.1,2171.0,965858884,Сириус,508.0,2026-09-27 07:52:43.173,5.0,4.5,1740.0,awarded-hotel,Сочи,октябрь,sochi_october.xlsx,10,18512.0,20+ км,9+,10
"ул.Цветочная, д.19/6, Сириус",2026-10-15,2026-10-25,Сириус,Россия,RUB,25.113949,True,False,False,otel_rostov,True,False,Hotel,43.415623,39.928642,7777501,,22264.0,2226,Отель Ростов,Rostov Hotel,,,,232.27,22264.0,264.81,RUB,True,2026-10-14T09:00:00Z,False,nomeal,22264.0,232.27,2226,22264.0,264.81,Двухместный номер Стандарт (двуспальная кровать),1,7.8,188.0,965858884,Сириус,36.0,2026-09-27 07:52:43.173,2.0,2.7,20.0,,Сочи,октябрь,sochi_october.xlsx,10,2226.4,20+ км,7-8,10
"проспект Курортный, д. 31, Сочи",2026-10-15,2026-10-25,Сочи,Россия,RUB,0.54521,True,False,False,hotel_gostinichnyij_kompleks_grand_cascade,True,False,Hotel,43.580578,39.72299,13075397,,164000.0,16400,Гостиничный комплекс Гранд Каскад,Grand Kaskad Gostinichnyij kompleks,,,1804.0,1710.91,164000.0,1950.64,RUB,True,2026-10-14T21:00:00Z,False,nomeal,164000.0,1710.91,16400,164000.0,1950.64,Джуниор,1,9.6,75.0,5580,Сочи,88.0,2026-09-27 07:52:43.173,5.0,,,,Сочи,октябрь,sochi_october.xlsx,10,16400.0,0-2 км,9+,10
"Листопадная улица, д.39, Сириус",2026-10-15,2026-10-25,Сириус,Россия,RUB,29.047878,True,False,False,bastion_guest_house_3,True,False,Guesthouse,43.404484,39.98311,13391282,,17684.0,1768,Гостевой дом Бастион,Bastion Guest house,,,,184.49,17684.0,210.34,RUB,True,2026-10-01T11:00:00Z,False,nomeal,17684.0,184.49,1768,17684.0,210.34,Двухместный номер Standard (2 отдельные кровати),1,9.3,48.0,965858884,Сириус,17.0,2026-09-27 07:52:43.173,,,,awarded-hotel,Сочи,октябрь,sochi_october.xlsx,10,1768.4,20+ км,9+,8
"улица Учительская, д.15, Сочи",2026-10-15,2026-10-25,Сочи,Россия,RUB,1.6228886,True,True,False,bergs_hotel_2,True,False,Resort,43.57461,39.736572,9974510,,73938.0,7394,Отель Bergs Spa and Сonference hotel,Bergs Spa and Сonference Hotel,,,,771.35,73938.0,879.43,RUB,True,2026-10-01T11:00:00Z,True,breakfast,73938.0,771.35,7394,73938.0,879.43,Двухместный номер Standard с видом на город (2 отдельные кровати),1,8.9,408.0,5580,Сочи,30.0,2026-09-27 07:52:43.173,4.0,4.0,13.0,,Сочи,октябрь,sochi_october.xlsx,10,7393.8,0-2 км,8-9,10
"проспект Курортный, д.72, Сочи",2026-10-15,2026-10-25,Сочи,Россия,RUB,2.1827989,True,False,True,sochibreeze_spa_hotel,False,False,Hotel,43.569897,39.739613,7467375,,43828.0,4383,Отель Сочи-Бриз,Sochi-Breeze Hotel,,,,457.23,43828.0,521.3,RUB,True,2026-10-14T10:30:00Z,False,nomeal,43828.0,457.23,4383,43828.0,521.3,Двухместный номер Стандарт Премиум (двуспальная кровать) (тип кровати может измениться),1,8.2,394.0,5580,Сочи,136.0,2026-09-27 07:52:43.173,3.0,3.8,280.0,,Сочи,октябрь,sochi_october.xlsx,10,4382.8,2-5 км,8-9,10
"ул. Нижнеимеретинская 139А, Сириус",2026-10-15,2026-10-25,Сириус,Россия,RUB,28.795382,True,False,False,gostinitsa_admiral,True,False,Hotel,43.397476,39.968937,6504916,,48800.0,4880,Отель Адмирал,Admiral Hotel,,,,509.1,48800.0,580.43,RUB,True,2026-10-13T11:00:00Z,False,nomeal,48800.0,509.1,4880,48800.0,580.43,Двухместный номер Standard с балконом (двуспальная кровать),1,8.6,264.0,965858884,Сириус,60.0,2026-09-27 07:52:43.173,,3.1,51.0,,Сочи,октябрь,sochi_october.xlsx,10,4880.0,20+ км,8-9,3
"Камышовая улица, 2А, Сириус",2026-10-15,2026-10-25,Сириус,Россия,RUB,27.144472,True,False,False,guest_house_yevakholl,True,False,Guesthouse,43.410393,39.957935,13900062,,39580.0,3958,Гостевой дом Евахолл,Guest house Yevakholl,,,,412.91,39580.0,470.77,RUB,True,2026-10-14T12:00:00Z,False,nomeal,39580.0,412.91,3958,39580.0,470.77,Номер Standard (двуспальная кровать),1,10.0,1.0,965858884,Сириус,,2026-09-27 07:52:44.706,,,,,Сочи,октябрь,sochi_october.xlsx,10,3958.0,20+ км,9+,10
"Адлер, улица Просвещения, д. 18, Сочи",2026-10-15,2026-10-25,Сочи,Россия,RUB,23.570969,True,False,False,kaskad_hotel_4,True,False,Resort,43.42531,39.914845,10442988,,46400.0,4640,Отель Cascade Resort by Stellar Hotels Sochi,Cascade Resort by Stellar Hotels Sochi Hotel,,,1788.0,484.06,46400.0,551.89,RUB,True,2026-10-15T12:00:00Z,False,nomeal,46400.0,484.06,4640,46400.0,551.89,Двухместный номер Comfort (двуспальная кровать),1,9.0,157.0,5580,Сочи,17.0,2026-09-27 07:52:44.706,3.0,,,awarded-hotel,Сочи,октябрь,sochi_october.xlsx,10,4640.0,20+ км,8-9,10
"улица Мира, д. 44, стр.1, Сочи",2026-10-15,2026-10-25,Сочи,Россия,RUB,22.80198,True,False,False,aeroport_hotel_7,False,False,Hotel,43.447872,39.933018,10001781,,26300.0,2630,Гостиница Аэропорт,Aeroport Hotel,,,,274.37,26300.0,312.82,RUB,True,2026-10-14T11:00:00Z,False,nomeal,26300.0,274.37,2630,26300.0,312.82,Двухместный номер Economy с видом на внутренний двор (2 отдельные кровати),1,7.5,354.0,5580,Сочи,43.0,2026-09-27 07:52:44.706,,,,,Сочи,октябрь,sochi_october.xlsx,10,2630.0,20+ км,7-8,3
"улица Крымская, д. 44а, Сочи",2026-10-15,2026-10-25,Сочи,Россия,RUB,5.6245875,True,False,False,searent_kryimskij_apartments,True,False,Aparthotel,43.631733,39.694702,9987779,,23550.0,2355,Апарт-отель СИАРЕНТ Крымский,SIARENT Krymskiy Apart-Hotel,,,,245.68,23550.0,280.11,RUB,True,2026-10-15T12:00:00Z,False,nomeal,23550.0,245.68,2355,23550.0,280.11,Апартаменты Комфорт (двуспальная кровать и диван),1,8.6,69.0,5580,Сочи,21.0,2026-09-27 07:52:44.706,,,,,Сочи,октябрь,sochi_october.xlsx,10,2355.0,5-10 км,8-9,9
"yлица Виноградная, 244а, Сочи",2026-10-15,2026-10-25,Сочи,Россия,RUB,5.8464813,True,True,True,mariano_hotel,True,False,Hotel,43.636013,39.702858,10013643,,23453.0,2345,Отель Мариано,Mariano Hotel,,,,244.67,23453.0,278.95,RUB,True,2026-10-13T21:00:00Z,True,breakfast,23453.0,244.67,2345,23453.0,278.95,"Двухместный номер Стандарт-Эконом (1, 2 и мансардный этажи) (двуспальная кровать) (кровать queen size)",1,8.2,68.0,5580,Сочи,5.0,2026-09-27 07:52:44.706,,,,,Сочи,октябрь,sochi_october.xlsx,10,2345.3,5-10 км,8-9,10
"улица Речная, д. 2/2Б, Лазаревское",2026-10-15,2026-10-25,Лазаревское,Россия,RUB,47.15858,False,False,False,hotel_atlant_3,True,False,Hotel,43.903862,39.334675,10004936,,36000.0,3600,Отель Атлант,Atlant Hotel,,,,375.56,36000.0,428.19,RUB,False,,False,nomeal,36000.0,375.56,3600,36000.0,428.19,Двухместный номер Standard (двуспальная кровать и диван),1,9.0,110.0,965854095,Лазаревское,11.0,2026-09-27 07:52:44.706,,,,,Сочи,октябрь,sochi_october.xlsx,10,3600.0,20+ км,8-9,10
"Морской бульвар, 1, Сириус",2026-10-15,2026-10-25,Сириус,Россия,RUB,25.85382,True,True,False,alpha_sirius_hotel,True,False,Hotel,43.411438,39.93597,10682158,,122406.0,12241,Отель Legenda Морской Курорт,Legenda Morskoy Kurort Hotel,,,,1276.98,122406.0,1455.91,RUB,True,2026-10-14T12:00:00Z,True,breakfast,122406.0,1276.98,12241,122406.0,1455.91,Двухместный номер Стандарт (двуспальная кровать) (кровать king size),1,8.2,1397.0,965858884,Сириус,1274.0,2026-09-27 07:52:44.706,4.0,4.1,1247.0,,Сочи,октябрь,sochi_october.xlsx,10,12240.6,20+ км,8-9,10
"улица Ружейная, д.49/3, Сириус",2026-10-15,2026-10-25,Сириус,Россия,RUB,27.284685,True,False,False,olimp_guest_house_9,True,False,Hotel,43.412727,39.963657,10622202,,35594.0,3559,Меблированные комнаты Олимп,Olimp Living Quarters,,,,371.33,35594.0,423.36,RUB,True,2026-10-01T11:00:00Z,False,nomeal,35594.0,371.33,3559,35594.0,423.36,Двухместный номер Superior (двуспальная кровать),1,9.2,44.0,965858884,Сириус,,2026-09-27 07:52:44.706,,,,awarded-hotel,Сочи,октябрь,sochi_october.xlsx,10,3559.4,20+ км,9+,10
"Курортный проспект, д. 50, Сочи",2026-10-15,2026-10-25,Сочи,Россия,RUB,0.99478847,True,False,True,hotel_sochi,True,False,Hotel,43.57753,39.728783,10006668,,22800.0,2280,Отель Сочи,Sochi Hotel,,,,237.86,22800.0,271.19,RUB,True,2026-10-12T12:00:00Z,False,nomeal,22800.0,237.86,2280,22800.0,271.19,Двухместный номер (общая ванная комната) (2 отдельные кровати),1,8.8,246.0,5580,Сочи,78.0,2026-09-27 07:52:44.706,,,,,Сочи,октябрь,sochi_october.xlsx,10,2280.0,0-2 км,8-9,10
"улица Урицкого, д.11, Сириус",2026-10-15,2026-10-25,Сириус,Россия,RUB,30.016401,False,False,False,zhemchuzhina_chernogo_morya,True,False,Hotel,43.392,39.982925,9992515,,31400.0,3140,Отель Жемчужина Черного моря,Zhemchuzhina Chernogo Morya Hotel,,,,327.58,31400.0,373.48,RUB,False,,False,nomeal,31400.0,327.58,3140,31400.0,373.48,Двухместный номер 1-й этаж Стандарт (двуспальная кровать),1,8.5,231.0,965858884,Сириус,38.0,2026-09-27 07:52:44.706,3.0,3.7,30.0,,Сочи,октябрь,sochi_october.xlsx,10,3140.0,20+ км,8-9,10
"улица Навагинская, д. 3, Сочи",2026-10-15,2026-10-25,Сочи,Россия,RUB,0.15825619,True,False,False,grand_gallery_aparthotel_2,True,False,Aparthotel,43.585278,39.721165,9291778,,35312.0,3531,Отель Гранд Гэлери 3* by Provence,Grand Gallery Hotel 3* by Provence,,,1785.0,368.39,35312.0,420.01,RUB,True,2026-10-13T11:30:00Z,False,nomeal,35312.0,368.39,3531,35312.0,420.01,Двухместный номер Стандартный (двуспальная кровать),1,9.1,207.0,5580,Сочи,31.0,2026-09-27 07:52:44.706,3.0,4.3,47.0,,Сочи,октябрь,sochi_october.xlsx,10,3531.2,0-2 км,9+,4
"Главная улица, д. 17/30А, Сочи",2026-10-15,2026-10-25,Сочи,Россия,RUB,25.121874,True,False,False,tivoli_detox_spa_resort_hotel,True,False,Hotel,43.75581,39.517582,10658296,,22000.0,2200,Cosmos Smart Сочи Тиволи Отель,Cosmos Smart Tivoli Sochi Hotel,,,873.0,229.51,22000.0,261.67,RUB,True,2026-10-14T12:00:00Z,False,nomeal,22000.0,229.51,2200,22000.0,261.67,Двухместный номер Стандарт (двуспальная кровать),1,8.4,35.0,5580,Сочи,49.0,2026-09-27 07:52:44.706,3.0,,,,Сочи,октябрь,sochi_october.xlsx,10,2200.0,20+ км,8-9,10
"улица Просвещения, д.150, Сочи",2026-10-15,2026-10-25,Сочи,Россия,RUB,18.307926,False,False,True,eva_hotelspa_hotel,True,False,Hotel,43.476624,39.893692,9986690,,17294.0,1729,Отель Eva,Eva Hotel,,,,180.42,17294.0,205.7,RUB,False,,False,nomeal,17294.0,180.42,1729,17294.0,205.7,Двухместный номер (двуспальная кровать),1,8.7,108.0,5580,Сочи,16.0,2026-09-27 07:52:44.706,,,,,Сочи,октябрь,sochi_october.xlsx,10,1729.4,10-20 км,8-9,10
"пгт Сириус, Олимпийский пр-т, 3, Сириус",2026-10-15,2026-10-25,Сириус,Россия,RUB,26.62267,True,False,False,tulip_inn_omega_sochi_2,True,False,Hotel,43.411663,39.950417,8879913,,105910.0,10591,Отель Омега Сириус,Omega Sirius Hotel,,,1609.0,1104.89,105910.0,1259.71,RUB,True,2026-10-14T12:00:00Z,False,nomeal,105910.0,1104.89,10591,105910.0,1259.71,Полулюкс с видом на море (двуспальная кровать и диван),1,8.7,243.0,965858884,Сириус,324.0,2026-09-27 07:52:44.706,4.0,,,,Сочи,октябрь,sochi_october.xlsx,10,10591.0,20+ км,8-9,6
"улица Карла Маркса, д.2 А, Сочи",2026-10-15,2026-10-25,Сочи,Россия,RUB,24.27309,True,False,False,mechta_hotel_3,True,False,Hotel,43.42032,39.9202,8085655,,14842.0,1484,Отель Мечта,Mechta Hotel,,,,154.84,14842.0,176.53,RUB,True,2026-10-14T11:30:00Z,False,nomeal,14842.0,154.84,1484,14842.0,176.53,Двухместный номер Economy (двуспальная кровать),1,6.2,251.0,5580,Сочи,53.0,2026-09-27 07:52:44.706,,1.9,35.0,,Сочи,октябрь,sochi_october.xlsx,10,1484.2,20+ км,<7,9
"улица Мира, д.44А, Сочи",2026-10-15,2026-10-25,Сочи,Россия,RUB,22.786469,True,False,False,atriia,False,False,Hotel,43.447556,39.93236,8660428,,34278.0,3428,Отель Атрия,Atriya Hotel,,,,357.6,34278.0,407.71,RUB,True,2026-10-13T21:00:00Z,False,nomeal,34278.0,357.6,3428,34278.0,407.71,Двухместный номер Эконом (2 отдельные кровати),1,8.1,732.0,5580,Сочи,63.0,2026-09-27 07:52:44.706,,3.0,24.0,,Сочи,октябрь,sochi_october.xlsx,10,3427.8,20+ км,8-9,10
"улица Голубая, д.1ж, Сириус",2026-10-15,2026-10-25,Сириус,Россия,RUB,25.519081,True,False,False,imeretinskiy_hotel_2,True,False,Hotel,43.413162,39.932392,13096546,,71250.0,7125,Отель Legenda морской курорт,Legenda morskoy kurort Hotel,,,,743.31,71250.0,847.46,RUB,True,2026-10-14T12:00:00Z,False,nomeal,71250.0,743.31,7125,71250.0,847.46,Двухместный номер Стандарт 24 кв.м. (2 отдельные кровати),1,7.6,75.0,965858884,Сириус,1089.0,2026-09-27 07:52:44.706,,,,,Сочи,октябрь,sochi_october.xlsx,10,7125.0,20+ км,7-8,10
"проспект Олимпийский, 36/1, Сириус",2026-10-15,2026-10-25,Сириус,Россия,RUB,28.03407,True,True,True,mantera_supreme_seaside,False,False,Hotel,43.401276,39.96073,11305364,,255000.0,25500,Mantera Supreme Seaside,Mantera Supreme Seaside,,,1832.0,2660.25,255000.0,3033.01,RUB,True,2026-10-14T12:00:00Z,True,breakfast,255000.0,2660.25,25500,255000.0,3033.01,Двухместный номер Делюкс с балконом и с красивым видом из окна (двуспальная кровать),1,9.7,22.0,965858884,Сириус,400.0,2026-09-27 07:52:44.706,5.0,,,awarded-hotel,Сочи,октябрь,sochi_october.xlsx,10,25500.0,20+ км,9+,10
"улица Ленина, д.219 Д, Сочи",2026-10-15,2026-10-25,Сочи,Россия,RUB,18.741283,True,False,False,otel_arli,True,False,Hotel,43.47276,39.896145,8105660,,63020.0,6302,Спа-отель Грейс Арли,Arli Grace Hotel and Spa,,,1532.0,657.45,63020.0,749.57,RUB,True,2026-10-08T11:00:00Z,False,nomeal,63020.0,657.45,6302,63020.0,749.57,Двухместный номер Стандарт (Корп 1-3) с 2 комнатами с балконом (двуспальная кровать и диван),1,9.3,595.0,5580,Сочи,18.0,2026-09-27 07:52:44.706,3.0,,,,Сочи,октябрь,sochi_october.xlsx,10,6302.0,10-20 км,9+,10
"улица Богдана Хмельницкого, д. 48, Сочи",2026-10-15,2026-10-25,Сочи,Россия,RUB,23.588837,True,False,False,mechta_u_morya_hotel,True,False,Guesthouse,43.427284,39.918274,10215403,,21739.0,2174,Гостевой дом Мечта у Моря,Mechta u Morya Guesthouse,,,,226.79,21739.0,258.57,RUB,True,2026-10-13T21:00:00Z,False,nomeal,21739.0,226.79,2174,21739.0,258.57,Двухместный номер Economy (2 отдельные кровати),1,8.2,143.0,5580,Сочи,24.0,2026-09-27 07:52:44.706,,,,,Сочи,октябрь,sochi_october.xlsx,10,2173.9,20+ км,8-9,7
"Олимпийский проспект, д.21, Сириус",2026-10-15,2026-10-25,Сириус,Россия,RUB,27.996342,True,True,True,gostinichnyi_kompleks_bogatyr,True,False,Hotel,43.40364,39.963497,6497279,,158300.0,15830,Гостиничный комплекс Богатырь,Bogatyr Hotel — Includes Sochi Park Tickets,,,1832.0,1651.44,158300.0,1882.84,RUB,True,2026-10-14T12:00:00Z,True,breakfast,158300.0,1651.44,15830,158300.0,1882.84,"Двухместный номер для маломобильных гостей в Рыцарском корпусе Стандарт (билеты в Сочи Парк включены) (двуспальная кровать) (Доступ в парк, для гостей с ограниченными возможностями)",1,9.1,1133.0,965858884,Сириус,285.0,2026-09-27 07:52:46.405,4.0,4.4,939.0,,Сочи,октябрь,sochi_october.xlsx,10,15830.0,20+ км,9+,10
"улица Победы, 83, Сочи",2026-10-15,2026-10-25,Сочи,Россия,RUB,48.236813,True,False,True,hotel_cosmos_smart_lazarevskoye,True,False,Hotel,43.912323,39.32763,13919989,,26760.0,2676,Отель Cosmos Smart Лазаревское,Hotel Cosmos Smart Lazarevskoye,,,873.0,279.17,26760.0,318.29,RUB,True,2026-10-14T21:00:00Z,False,nomeal,26760.0,279.17,2676,26760.0,318.29,Двухместный номер Standard с видом на бассейн (двуспальная кровать),1,9.0,19.0,5580,Сочи,84.0,2026-09-27 07:52:46.405,3.0,,,,Сочи,октябрь,sochi_october.xlsx,10,2676.0,20+ км,8-9,10
"Ландышевая улица, д.26/2, Сочи",2026-10-15,2026-10-25,Сочи,Россия,RUB,6.631228,False,False,False,migal_lodging_house,True,False,Hostel,43.639183,39.687157,13968265,,23065.0,2307,Жилое помещение Мигал,Migal Lodging house,,,,240.62,23065.0,274.34,RUB,False,,False,nomeal,23065.0,240.62,2307,23065.0,274.34,Двухместный номер Standard с балконом и с частичным видом на море (2 отдельные кровати),1,10.0,1.0,5580,Сочи,,2026-09-27 07:52:46.405,,,,,Сочи,октябрь,sochi_october.xlsx,10,2306.5,5-10 км,9+,10
"Березовый переулок, д. 34/1, Сириус",2026-10-15,2026-10-25,Сириус,Россия,RUB,27.038673,False,False,True,smart_sirius_aparthotel,True,False,Guesthouse,43.41131,39.95735,10658452,,30000.0,3000,Гостевой дом Смарт Сириус,Smart Sirius Guest House,,,,312.97,30000.0,356.82,RUB,False,,False,nomeal,30000.0,312.97,3000,30000.0,356.82,Двухместный номер Standard (двуспальная кровать),1,9.6,60.0,965858884,Сириус,,2026-09-27 07:52:46.405,,,,awarded-hotel,Сочи,октябрь,sochi_october.xlsx,10,3000.0,20+ км,9+,10
"улица Крупской 20А, Сочи",2026-10-15,2026-10-25,Сочи,Россия,RUB,23.96764,True,False,False,talasso,True,False,Guesthouse,43.423546,39.91954,9991976,,11985.0,1199,Гостевой дом Talasso,Talasso Guest House,,,,125.03,11985.0,142.55,RUB,True,2026-10-15T11:00:00Z,False,nomeal,11985.0,125.03,1199,11985.0,142.55,Трёхместный номер Standard,1,8.1,72.0,5580,Сочи,,2026-09-27 07:52:46.405,,,,,Сочи,октябрь,sochi_october.xlsx,10,1198.5,20+ км,8-9,10
"ул. Каспийская, 8а, Сочи",2026-10-15,2026-10-25,Сочи,Россия,RUB,26.493317,True,False,False,apartotel_morskoy_blyuz_redens,True,False,Aparthotel,43.420174,39.959972,11245727,,25025.0,2503,Апарт-отель Морской Блюз,Morskoy Blyuz Apart-Otel,,,,261.07,25025.0,297.65,RUB,True,2026-10-10T12:00:00Z,False,nomeal,25025.0,261.07,2503,25025.0,297.65,Апартаменты Комфорт,1,9.4,67.0,5580,Сочи,18.0,2026-09-27 07:52:46.405,3.0,,,awarded-hotel,Сочи,октябрь,sochi_october.xlsx,10,2502.5,20+ км,9+,10
"улица Ленина, д. 286-Б, Сочи",2026-10-15,2026-10-25,Сочи,Россия,RUB,18.575922,True,False,False,aelita_minihotel,True,False,Guesthouse,43.476494,39.897945,10848651,,11884.0,1188,Гостевой дом Аэлита,Aelita Guest House,,,,123.98,11884.0,141.35,RUB,True,2026-10-13T10:30:00Z,False,nomeal,11884.0,123.98,1188,11884.0,141.35,Двухместный номер Superior (двуспальная кровать) (терраса),1,9.6,51.0,5580,Сочи,4.0,2026-09-27 07:52:46.405,,,,,Сочи,октябрь,sochi_october.xlsx,10,1188.4,10-20 км,9+,10
"улица Гастелло, д. 24, Сочи",2026-10-15,2026-10-25,Сочи,Россия,RUB,21.890776,True,False,False,grey_khaus_apartments_2,True,True,Apartment,43.44476,39.913216,13369719,,39580.0,3958,Апартаменты Грей Хаус,Grey Khaus Apartments,,,,412.91,39580.0,470.77,RUB,True,2026-10-08T11:00:00Z,False,nomeal,39580.0,412.91,3958,39580.0,470.77,Двухместные апартаменты с балконом (двуспальная кровать),1,9.6,107.0,5580,Сочи,,2026-09-27 07:52:46.405,,,,,Сочи,октябрь,sochi_october.xlsx,10,3958.0,20+ км,9+,10
"улица Виноградная, д.62, Сочи",2026-10-15,2026-10-25,Сочи,Россия,RUB,2.7599032,True,False,False,vinograd_hotel,True,False,Guesthouse,43.610302,39.72178,7817570,,18779.0,1878,Гостевой дом Виноград,Vinograd Guest house,,,,195.91,18779.0,223.36,RUB,True,2026-10-08T11:00:00Z,False,nomeal,18779.0,195.91,1878,18779.0,223.36,Двухместный номер Standard (двуспальная кровать),1,7.9,64.0,5580,Сочи,13.0,2026-09-27 07:52:46.405,,5.0,1.0,,Сочи,октябрь,sochi_october.xlsx,10,1877.9,2-5 км,7-8,10
"улица Платановая, д. 43/5, Сочи",2026-10-15,2026-10-25,Сочи,Россия,RUB,14.116155,True,False,False,khosta,False,False,Hotel,43.51138,39.86547,6718839,,30500.0,3050,Отель Хоста,Hosta Hotel,,,,318.19,30500.0,362.77,RUB,True,2026-10-08T10:30:00Z,False,nomeal,30500.0,318.19,3050,30500.0,362.77,Двухместный номер Standard (двуспальная кровать) (тип кровати может измениться),1,8.8,128.0,5580,Сочи,29.0,2026-09-27 07:52:46.405,,4.5,20.0,,Сочи,октябрь,sochi_october.xlsx,10,3050.0,10-20 км,8-9,10
"улица Просвещения, д. 85а, Сочи",2026-10-15,2026-10-25,Сочи,Россия,RUB,18.559027,True,False,False,rich_hotel_15,True,False,Guesthouse,43.47362,39.894173,9985918,,13770.0,1377,Гостевой дом Рич,Rich Guest House,,,,143.65,13770.0,163.78,RUB,True,2026-10-01T11:00:00Z,False,nomeal,13770.0,143.65,1377,13770.0,163.78,Двухместный номер Economy с балконом (2 отдельные кровати) (внешняя собственная ванная комната),1,7.3,22.0,5580,Сочи,24.0,2026-09-27 07:52:46.405,,,,,Сочи,октябрь,sochi_october.xlsx,10,1377.0,10-20 км,7-8,10
"улица Альпийская, д. 27а, Сочи",2026-10-15,2026-10-25,Сочи,Россия,RUB,1.3546321,False,False,False,alpijskaya_hotel,True,False,Hotel,43.589794,39.738853,9752462,,31962.0,3196,Гостиница Альпийская,Alpijskaya Hotel,,,,333.44,31962.0,380.16,RUB,False,,False,nomeal,31962.0,333.44,3196,31962.0,380.16,Двухместная студия (двуспальная кровать) (без окна),1,8.2,82.0,5580,Сочи,31.0,2026-09-27 07:52:46.405,,,,,Сочи,октябрь,sochi_october.xlsx,10,3196.2,0-2 км,8-9,10
"улица Ленинградская, д. 7А, Дагомыс",2026-10-15,2026-10-25,Дагомыс,Россия,RUB,9.392433,True,False,True,v_dagomyse_apartments,True,False,Apartment,43.655693,39.658096,10622225,,37587.0,3759,Апартаменты в Дагомысе,V Dagomise Apartaments,,,,392.12,37587.0,447.07,RUB,True,2026-10-01T10:00:00Z,False,nomeal,37587.0,392.12,3759,37587.0,447.07,Студия с балконом и с видом на море (диван),1,9.6,33.0,965821552,Дагомыс,,2026-09-27 07:52:46.405,,,,,Сочи,октябрь,sochi_october.xlsx,10,3758.7,5-10 км,9+,10
"ул. Нижнеимеретинская, д. 151а, Сириус",2026-10-15,2026-10-25,Сириус,Россия,RUB,28.926682,True,False,False,hotel_olymp_,True,False,Hotel,43.39694,39.97052,8130965,,44900.0,4490,Отель Олимп Первая Линия,Olymp First Line Hotel,,,,468.41,44900.0,534.05,RUB,True,2026-10-15T11:00:00Z,False,nomeal,44900.0,468.41,4490,44900.0,534.05,Двухместный номер Economy (двуспальная кровать) (тип кровати может измениться),1,8.8,131.0,965858884,Сириус,32.0,2026-09-27 07:52:46.405,,4.0,43.0,,Сочи,октябрь,sochi_october.xlsx,10,4490.0,20+ км,8-9,9
"улица Роз, д. 36, Сочи",2026-10-15,2026-10-25,Сочи,Россия,RUB,0.48616704,True,False,False,ak_rose_del_mare_apartments,True,False,Hotel,43.589424,39.720486,9260262,,43418.0,4342,Апарт-отель Роз Дель Мар,Rose Del Mare Apartment Hotel,,,,452.95,43418.0,516.42,RUB,True,2026-10-08T12:00:00Z,False,nomeal,43418.0,452.95,4342,43418.0,516.42,Номер с диваном Стандарт (диван),1,8.8,88.0,5580,Сочи,18.0,2026-09-27 07:52:46.405,,,,,Сочи,октябрь,sochi_october.xlsx,10,4341.8,0-2 км,8-9,10
"улица Ленина, д.217А, Сочи",2026-10-15,2026-10-25,Сочи,Россия,RUB,19.739153,True,False,False,kurortny_mone_hotel,False,False,Hotel,43.462414,39.899776,10136929,,59400.0,5940,Отель Моне,Mone Hotel,,,,619.68,59400.0,706.51,RUB,True,2026-10-14T12:00:00Z,False,nomeal,59400.0,619.68,5940,59400.0,706.51,Двухместный номер Стандартный (двуспальная кровать),1,9.3,469.0,5580,Сочи,298.0,2026-09-27 07:52:46.405,4.0,,,awarded-hotel,Сочи,октябрь,sochi_october.xlsx,10,5940.0,10-20 км,9+,10
"бульвар Надежд, д. 4/2, Сириус",2026-10-15,2026-10-25,Сириус,Россия,RUB,31.003574,True,False,True,kvartira_u_morya_4,False,False,Apartment,43.386894,39.99323,9992316,,63329.0,6333,"Комплекс апартаментов ""Apartments Premium"" (второй корпус)","Apartment complex ""Apartments Premium"" (second building)",,,,660.67,63329.0,753.24,RUB,True,2026-10-08T11:00:00Z,False,nomeal,63329.0,660.67,6333,63329.0,753.24,Апартаменты Deluxe с видом на море (терраса),1,9.9,12.0,965858884,Сириус,,2026-09-27 07:52:46.405,,,,,Сочи,октябрь,sochi_october.xlsx,10,6332.9,20+ км,9+,10
"Адлерский район, улица Прибрежная, д.27, Сочи",2026-10-15,2026-10-25,Сочи,Россия,RUB,18.278404,True,False,False,grafit_boutique_hotel_2,True,False,Boutique_and_Design,43.476097,39.89256,13384218,,39613.0,3961,Бутик-отель Графит,Grafit Boutique Hotel,,,,413.26,39613.0,471.16,RUB,True,2026-10-14T12:00:00Z,False,nomeal,39613.0,413.26,3961,39613.0,471.16,Двухместный номер Superior (двуспальная кровать),1,9.5,61.0,5580,Сочи,40.0,2026-09-27 07:52:46.405,4.0,,,awarded-hotel,Сочи,октябрь,sochi_october.xlsx,10,3961.3,10-20 км,9+,4
"улица Просвещения, д. 188, стр. 1, Сочи",2026-10-15,2026-10-25,Сочи,Россия,RUB,17.668135,True,False,False,lazur_kurortnyij_hotel,True,False,Hotel,43.483276,39.891117,9763355,,27738.0,2774,Отель Лазурь Курортный,Lazur' Kurortnij Hotel,,,,289.37,27738.0,329.92,RUB,True,2026-10-14T09:00:00Z,False,nomeal,27738.0,289.37,2774,27738.0,329.92,Трёхместный номер Economy (3 отдельные кровати),1,7.9,20.0,5580,Сочи,25.0,2026-09-27 07:52:46.405,,,,,Сочи,октябрь,sochi_october.xlsx,10,2773.8,10-20 км,7-8,8
"улица Нижнеимеретинская, д.161A, Сириус",2026-10-15,2026-10-25,Сириус,Россия,RUB,29.044313,False,False,False,kavkaz_hotel,True,False,Hotel,43.396416,39.971878,7813964,,26319.0,2632,Отель Кавказ,Kavkaz Hotel,,,,274.57,26319.0,313.04,RUB,False,,False,nomeal,26319.0,274.57,2632,26319.0,313.04,Двухместный номер Стандарт Эконом (двуспальная кровать),1,7.9,248.0,965858884,Сириус,51.0,2026-09-27 07:52:46.405,,3.2,79.0,,Сочи,октябрь,sochi_october.xlsx,10,2631.9,20+ км,7-8,10
"улица Цветочная, д.1/1, Сириус",2026-10-15,2026-10-25,Сириус,Россия,RUB,24.905077,False,False,False,dolphin_park_guest_house,True,False,Hotel,43.41641,39.925945,13287699,,21080.0,2108,Меблированные Комнаты Дельфин Парк,Delfin park Living Quarters,,,,219.91,21080.0,250.73,RUB,False,,False,nomeal,21080.0,219.91,2108,21080.0,250.73,Двухместный номер Standard (двуспальная кровать и диван),1,8.8,14.0,965858884,Сириус,34.0,2026-09-27 07:52:47.905,,,,,Сочи,октябрь,sochi_october.xlsx,10,2108.0,20+ км,8-9,10
"Набережная улица, 11, Сириус",2026-10-15,2026-10-25,Сириус,Россия,RUB,24.71252,True,False,False,renaissance_adler_guest_house,True,False,Guesthouse,43.41998,39.927914,8752752,,32508.0,3251,Гостевой дом Ренессанс,Renessans Guest House,,,,339.13,32508.0,386.65,RUB,True,2026-10-14T10:30:00Z,False,nomeal,32508.0,339.13,3251,32508.0,386.65,Двухместный номер Стандарт (двуспальная кровать) (кровать king size),1,7.8,100.0,965858884,Сириус,18.0,2026-09-27 07:52:47.905,,4.8,65.0,awarded-hotel,Сочи,октябрь,sochi_october.xlsx,10,3250.8,20+ км,7-8,10
"улица Просвещения, д. 118б, Сочи",2026-10-15,2026-10-25,Сочи,Россия,RUB,21.44281,True,False,False,gostevoj_dom_fg,False,False,Hotel,43.44445,39.904728,8683028,,24738.0,2474,Отель F&G,F&G Hotel,,,,258.08,24738.0,294.24,RUB,True,2026-10-14T12:00:00Z,False,nomeal,24738.0,258.08,2474,24738.0,294.24,Двухместный номер Standard с балконом (двуспальная кровать),1,8.5,133.0,5580,Сочи,40.0,2026-09-27 07:52:47.905,3.0,3.1,7.0,,Сочи,октябрь,sochi_october.xlsx,10,2473.8,20+ км,8-9,10
"улица Виноградная, д.116 А, Сочи",2026-10-15,2026-10-25,Сочи,Россия,RUB,3.158374,True,False,False,atmosfera_hotel_atmosfera_hotel,True,False,Hotel,43.613796,39.719654,8753343,,19540.0,1954,Отель Атмосфера,Atmosfera Hotel,,,,203.85,19540.0,232.41,RUB,True,2026-10-14T11:00:00Z,False,nomeal,19540.0,203.85,1954,19540.0,232.41,Двухместный номер Эконом (двуспальная кровать),1,8.2,36.0,5580,Сочи,15.0,2026-09-27 07:52:47.905,,,,,Сочи,октябрь,sochi_october.xlsx,10,1954.0,2-5 км,8-9,10
"переулок Рахманинова, д.35/10, Сочи",2026-10-15,2026-10-25,Сочи,Россия,RUB,2.8101764,True,False,False,seryij_gus_minihotel,False,False,Guesthouse,43.609764,39.713345,8748537,,38431.0,3843,Гостевой дом Серый Гусь,Seryij Gus Guest House,,,,400.93,38431.0,457.1,RUB,True,2026-10-14T10:30:00Z,False,nomeal,38431.0,400.93,3843,38431.0,457.1,Номер Deluxe Family однокомнатный (двуспальная кровать) (в главном здании),1,8.9,15.0,5580,Сочи,15.0,2026-09-27 07:52:47.905,,,,,Сочи,октябрь,sochi_october.xlsx,10,3843.1,2-5 км,8-9,10
"улица Просвещения, д.97, Сочи",2026-10-15,2026-10-25,Сочи,Россия,RUB,18.419006,False,False,False,gostevoj_dom_versal,True,False,Hotel,43.475273,39.893883,6850542,,8200.0,820,Меблированные комнаты Версаль 2,Versal 2 Living quarters,,,,85.55,8200.0,97.53,RUB,False,,False,nomeal,8200.0,85.55,820,8200.0,97.53,Двухместный номер Standard с красивым видом из окна (2 отдельные кровати),1,7.5,168.0,5580,Сочи,15.0,2026-09-27 07:52:47.905,,2.8,13.0,,Сочи,октябрь,sochi_october.xlsx,10,820.0,10-20 км,7-8,10
"улица Ульянова, д.11, Сочи",2026-10-15,2026-10-25,Сочи,Россия,RUB,23.742115,True,False,False,river_guest_house_5,True,False,Guesthouse,43.425045,39.917656,13815794,,22759.0,2276,Гостевой дом Элизиум,Elizium Guest house,,,,237.43,22759.0,270.7,RUB,True,2026-10-14T12:00:00Z,False,nomeal,22759.0,237.43,2276,22759.0,270.7,Номер Economy (двуспальная кровать),1,10.0,2.0,5580,Сочи,,2026-09-27 07:52:47.905,,,,,Сочи,октябрь,sochi_october.xlsx,10,2275.9,20+ км,9+,10
"улица Театральная, 4/6, Сочи",2026-10-15,2026-10-25,Сочи,Россия,RUB,1.6270132,True,False,False,guest_house_archotel,False,False,Guesthouse,43.5724,39.73218,8729065,,27706.0,2771,Гостевой дом Four Rooms,Four Rooms Guest House,,,,289.04,27706.0,329.54,RUB,True,2026-10-14T11:00:00Z,False,nomeal,27706.0,289.04,2771,27706.0,329.54,Двухместный номер Superior с балконом и с красивым видом из окна (двуспальная кровать) (кровать queen size),1,7.7,97.0,5580,Сочи,,2026-09-27 07:52:47.905,,,,,Сочи,октябрь,sochi_october.xlsx,10,2770.6,0-2 км,7-8,10
"Крымская ул., 99/1, микрорайон Мамайка, Сочи",2026-10-15,2026-10-25,Сочи,Россия,RUB,5.137797,False,False,True,son_u_moria,True,False,Mini-hotel,43.626736,39.69427,7842711,,31887.0,3189,Мини-отель Сон у Моря,Son u Morya Mini-Hotel,,,,332.66,31887.0,379.27,RUB,False,,False,nomeal,31887.0,332.66,3189,31887.0,379.27,Четырёхместный номер,1,8.8,101.0,5580,Сочи,18.0,2026-09-27 07:52:47.905,3.0,2.8,38.0,,Сочи,октябрь,sochi_october.xlsx,10,3188.7,5-10 км,8-9,8
"улица Ленина, д. 219А/1/2, Сочи",2026-10-15,2026-10-25,Сочи,Россия,RUB,18.68361,True,False,True,v_zhk_madrid_park_2_s_basseynom_apartments,True,True,Apartment,43.47383,39.896507,10521174,,62826.0,6283,Апартаменты в Жк Мадрид Парк 2 с Бассейном,V Zhk Madrid Park 2 S Basseynom Apartments,,,,655.42,62826.0,747.26,RUB,True,2026-10-01T12:00:00Z,False,nomeal,62826.0,655.42,6283,62826.0,747.26,"Апартаменты с 3 комнатами с балконом (2 отдельные кровати, двуспальная кровать и диван)",1,9.1,7.0,5580,Сочи,,2026-09-27 07:52:47.905,,,,,Сочи,октябрь,sochi_october.xlsx,10,6282.6,10-20 км,9+,10
"Олимпийский парк, переулок Берёзовый, 38, Сириус",2026-10-15,2026-10-25,Сириус,Россия,RUB,27.063097,True,False,False,guest_house_na_berezovoy_,False,False,Guesthouse,43.411026,39.957386,6509094,,18977.0,1898,Гостевой дом Башня,Bashnya Guest House,,,,197.97,18977.0,225.72,RUB,True,2026-10-10T11:00:00Z,False,nomeal,18977.0,197.97,1898,18977.0,225.72,Двухместный номер Standard с балконом (двуспальная кровать),1,8.0,187.0,965858884,Сириус,18.0,2026-09-27 07:52:47.905,,3.9,9.0,,Сочи,октябрь,sochi_october.xlsx,10,1897.7,20+ км,7-8,10
"улица Просвещения, 155, Сочи",2026-10-15,2026-10-25,Сочи,Россия,RUB,17.636618,False,False,True,prestizh_hotel,True,False,Aparthotel,43.482555,39.889763,7806046,,37060.0,3706,Апарт-Отель Престиж и SPA,Prestizh I SPA Apartment hotel,,,,386.62,37060.0,440.8,RUB,False,,False,nomeal,37060.0,386.62,3706,37060.0,440.8,Двухместные апартаменты Стандарт с балконом (2 отдельные кровати),1,7.6,159.0,5580,Сочи,281.0,2026-09-27 07:52:47.905,4.0,,,,Сочи,октябрь,sochi_october.xlsx,10,3706.0,10-20 км,7-8,10
"улица Ульянова, д. 9, Сочи",2026-10-15,2026-10-25,Сочи,Россия,RUB,23.762081,True,False,False,minihotel_devyatka,True,False,Guesthouse,43.424862,39.917744,9764111,,17613.0,1761,Гостевой дом Девятка,Devyatka Guest House,,,,183.75,17613.0,209.49,RUB,True,2026-10-12T11:00:00Z,False,nomeal,17613.0,183.75,1761,17613.0,209.49,Двухместный номер Standard (двуспальная кровать),1,7.7,103.0,5580,Сочи,65.0,2026-09-27 07:52:47.905,,,,,Сочи,октябрь,sochi_october.xlsx,10,1761.3,20+ км,7-8,10
"Нижнеимеретинская улица, д.143, Сириус",2026-10-15,2026-10-25,Сириус,Россия,RUB,28.84154,True,False,True,more_rooms_v_zhk_vals55_apartments,True,True,Apartment,43.39747,39.969757,10457506,,61103.0,6110,Апартаменты More Rooms в ЖК Вальс/55,More Rooms V ZhK Vals/55 Apartments,,,,637.45,61103.0,726.77,RUB,True,2026-10-08T11:00:00Z,False,nomeal,61103.0,637.45,6110,61103.0,726.77,Апартаменты Superior с балконом (двуспальная кровать и диван),1,8.9,6.0,965858884,Сириус,,2026-09-27 07:52:47.905,,,,,Сочи,октябрь,sochi_october.xlsx,10,6110.3,20+ км,8-9,10
"Курортный проспект 53, Сочи",2026-10-15,2026-10-25,Сочи,Россия,RUB,1.1358603,True,False,False,butikhotel_verdi,False,False,Boutique_and_Design,43.57618,39.728954,10006322,,52740.0,5274,Бутик-Отель Верди,Verdi Boutique hotel,,,,550.2,52740.0,627.3,RUB,True,2026-10-14T21:00:00Z,False,nomeal,52740.0,550.2,5274,52740.0,627.3,Двухместная студия Лайт Цокольный этаж (двуспальная кровать),1,9.6,152.0,5580,Сочи,,2026-09-27 07:52:47.905,,,,awarded-hotel,Сочи,октябрь,sochi_october.xlsx,10,5274.0,0-2 км,9+,10
"улица Коммунаров, д.1а, Верхневесёлое",2026-10-15,2026-10-25,Верхневесёлое,Россия,RUB,26.916306,True,False,False,gostevoj_dom_appart_village,True,False,Guesthouse,43.42655,39.97514,10009705,,30000.0,3000,Гостевой дом Appart Village,Appart Village Guest House,,,,312.97,30000.0,356.82,RUB,True,2026-10-14T11:00:00Z,False,nomeal,30000.0,312.97,3000,30000.0,356.82,Двухместный номер Standard (2 отдельные кровати),1,9.2,107.0,965884297,Верхневесёлое,28.0,2026-09-27 07:52:47.905,,,,awarded-hotel,Сочи,октябрь,sochi_october.xlsx,10,3000.0,20+ км,9+,10
"ул. Цимлянская, 2, Сочи",2026-10-15,2026-10-25,Сочи,Россия,RUB,29.921076,True,False,False,arfa_parkhotel,True,False,Hotel,43.39115,39.980015,6797747,,124000.0,12400,Арфа Парк-отель,Arfa Park-hotel,,,,1293.61,124000.0,1474.87,RUB,True,2026-10-13T11:00:00Z,False,nomeal,124000.0,1293.61,12400,124000.0,1474.87,Двухместный номер Улучшенный с видом на сад (двуспальная кровать),1,8.2,42.0,5580,Сочи,23.0,2026-09-27 07:52:47.905,5.0,,,,Сочи,октябрь,sochi_october.xlsx,10,12400.0,20+ км,8-9,10
"Адлер переулок Бестужева, д. 1, Сочи",2026-10-15,2026-10-25,Сочи,Россия,RUB,24.427591,True,False,False,bristol_by_sun_city_hotels_hotel,False,False,Guesthouse,43.419357,39.921597,13362651,,19078.0,1908,Гостевой дом Бристоль,Bristol Guest house,,,,199.03,19078.0,226.92,RUB,True,2026-10-01T11:00:00Z,False,nomeal,19078.0,199.03,1908,19078.0,226.92,Номер Economy с видом на внутренний двор (двуспальная кровать),1,8.8,10.0,5580,Сочи,19.0,2026-09-27 07:52:47.905,,,,,Сочи,октябрь,sochi_october.xlsx,10,1907.8,20+ км,8-9,10
"улица Параллельная, д. 9, лит.3, Сочи",2026-10-15,2026-10-25,Сочи,Россия,RUB,0.95285034,True,False,False,city_hostel_siti_hostel,False,False,Hostel,43.590286,39.732918,8684535,,16000.0,1600,Хостел Сити,City Hostel,,,,166.92,16000.0,190.31,RUB,True,2026-10-01T11:00:00Z,False,nomeal,16000.0,166.92,1600,16000.0,190.31,Двухместный номер Economy (общая ванная комната) (двуспальная кровать) (без окна),1,9.0,151.0,5580,Сочи,10.0,2026-09-27 07:52:47.905,,4.5,12.0,,Сочи,октябрь,sochi_october.xlsx,10,1600.0,0-2 км,8-9,10
"улица Просвещения, д.108/2, Сочи",2026-10-15,2026-10-25,Сочи,Россия,RUB,22.391008,True,False,False,ogonek_3,False,False,Guesthouse,43.435364,39.908447,9991431,,34633.0,3463,Гостевой дом Огонёк,Ogonek Guest House,,,,361.3,34633.0,411.93,RUB,True,2026-10-05T12:00:00Z,False,nomeal,34633.0,361.3,3463,34633.0,411.93,Двухместный номер Standard с видом на внутренний двор (двуспальная кровать),1,8.3,76.0,5580,Сочи,,2026-09-27 07:52:47.905,,,,,Сочи,октябрь,sochi_october.xlsx,10,3463.3,20+ км,8-9,8
"улица Просвещения, д.98 А, Сочи",2026-10-15,2026-10-25,Сочи,Россия,RUB,22.806152,True,False,False,tropicana_resort_hotel_sochi,True,False,Hotel,43.43191,39.910843,8846927,,36300.0,3630,Отель Tropicana,Tropicana Hotel,,,1788.0,378.69,36300.0,431.76,RUB,True,2026-10-15T12:00:00Z,False,nomeal,36300.0,378.69,3630,36300.0,431.76,Двухместный номер Комфорт (двуспальная кровать и диван),1,8.1,104.0,5580,Сочи,12.0,2026-09-27 07:52:51.052,3.0,,,,Сочи,октябрь,sochi_october.xlsx,10,3630.0,20+ км,8-9,10
"ул. Ленина, д. 219, помещ. 1815-1817, Сочи",2026-10-15,2026-10-25,Сочи,Россия,RUB,18.67055,True,False,False,pansionat_fregat,True,False,Hotel,43.472515,39.894657,6443737,,57813.0,5781,"LAVICON Отель Фрегат, Адлер","Lavicon Fregat Hotel, Adler",,,,603.13,57813.0,687.64,RUB,True,2026-10-13T11:30:00Z,False,nomeal,57813.0,603.13,5781,57813.0,687.64,Двухместный номер Standard с балконом и с видом на город (2 отдельные кровати) (тип кровати может измениться),1,9.5,10.0,5580,Сочи,497.0,2026-09-27 07:52:51.052,4.0,,,,Сочи,октябрь,sochi_october.xlsx,10,5781.3,10-20 км,9+,10
"улица Навагинская, д.11Б, Сочи",2026-10-15,2026-10-25,Сочи,Россия,RUB,0.41231212,True,False,False,memfis_apart_s_kukhney_na_ulnavaginskaya_apartments,True,False,Apartment,43.58911,39.724186,13745410,,44884.0,4488,Апартаменты Мемфис Апарт с кухней на ул.Навагинская,Memfis Apart S Kukhney Na Ul.Navaginskaya Apartments,,,,468.25,44884.0,533.86,RUB,True,2026-10-14T12:00:00Z,False,nomeal,44884.0,468.25,4488,44884.0,533.86,Апартаменты c 1 комнатой (двуспальная кровать и диван),1,9.1,2.0,5580,Сочи,,2026-09-27 07:52:51.052,,,,,Сочи,октябрь,sochi_october.xlsx,10,4488.4,0-2 км,9+,5
"Нижнеимеретинская улица, д.141, Сириус",2026-10-15,2026-10-25,Сириус,Россия,RUB,28.823017,True,False,False,riffos_hotel,False,False,Hotel,43.39727,39.969135,13393581,,70000.0,7000,Гостиница Риффос,Gostinica Riffos Hotel,,,,730.26,70000.0,832.59,RUB,True,2026-10-08T11:00:00Z,False,nomeal,70000.0,730.26,7000,70000.0,832.59,Двухместный номер Economy (двуспальная кровать),1,9.0,101.0,965858884,Сириус,58.0,2026-09-27 07:52:51.052,4.0,,,,Сочи,октябрь,sochi_october.xlsx,10,7000.0,20+ км,8-9,10
"улица Бестужева, д.1 Б, Сочи",2026-10-15,2026-10-25,Сочи,Россия,RUB,24.494707,True,False,False,paradiz_hotel_2,True,False,Hotel,43.418995,39.92229,7725078,,22255.0,2226,Отель Парадиз,Paradiz Hotel,,,,232.17,22255.0,264.7,RUB,True,2026-10-01T11:00:00Z,False,nomeal,22255.0,232.17,2226,22255.0,264.7,Двухместный номер Standard с балконом (2 отдельные кровати) (тип кровати может измениться),1,9.0,183.0,5580,Сочи,15.0,2026-09-27 07:52:51.052,,4.0,22.0,,Сочи,октябрь,sochi_october.xlsx,10,2225.5,20+ км,8-9,10
"улица Просвещения 50 корпус 1, Сочи",2026-10-15,2026-10-25,Сочи,Россия,RUB,23.730604,False,False,False,pribrezhnyij,True,False,Guesthouse,43.424797,39.91705,9999574,,14900.0,1490,Гостевой Дом Прибрежный,Pribrezhnyij Guest House,,,,155.44,14900.0,177.22,RUB,False,,False,nomeal,14900.0,155.44,1490,14900.0,177.22,Трёхместный номер Economy (общая ванная комната),1,8.6,37.0,5580,Сочи,,2026-09-27 07:52:51.052,,,,,Сочи,октябрь,sochi_october.xlsx,10,1490.0,20+ км,8-9,10
"улица Горького, д.56 А, Сочи",2026-10-15,2026-10-25,Сочи,Россия,RUB,0.91917956,False,False,False,otel_sochi__rivera,False,False,Hotel,43.59289,39.72819,6510831,,34633.0,3463,Отель Сочи-Ривьера,Sochi-Riv'era Hotel,,,,361.3,34633.0,411.93,RUB,False,,False,nomeal,34633.0,361.3,3463,34633.0,411.93,Двухместный номер Standard с видом на город (2 отдельные кровати),1,6.6,88.0,5580,Сочи,21.0,2026-09-27 07:52:51.052,,3.3,23.0,,Сочи,октябрь,sochi_october.xlsx,10,3463.3,0-2 км,<7,10
"ул. Нижне-Имеретинская бухта, уч. №33, Сириус",2026-10-15,2026-10-25,Сириус,Россия,RUB,28.54733,False,False,False,sofanna_guest_house,False,False,Guesthouse,43.40019,39.968403,13870125,,30675.0,3068,Гостевой дом Софанна,Sofanna Guest house,,,,320.01,30675.0,364.85,RUB,False,,False,nomeal,30675.0,320.01,3068,30675.0,364.85,Люкс Superior с балконом и с видом на внутренний двор (двуспальная кровать и односпальная кровать),1,9.7,5.0,965858884,Сириус,,2026-09-27 07:52:51.052,,,,,Сочи,октябрь,sochi_october.xlsx,10,3067.5,20+ км,9+,10
"пер. Павлова, 11 А, Сочи",2026-10-15,2026-10-25,Сочи,Россия,RUB,47.909584,True,False,True,boutique_hotel_ayvazovskiy,True,False,Hotel,43.915195,39.338512,13114250,,51686.0,5169,Апарт-отель Айвазовский,Apartment hotel Ayvazovskiy,,,,539.21,51686.0,614.76,RUB,True,2026-10-14T12:00:00Z,False,nomeal,51686.0,539.21,5169,51686.0,614.76,Двухместный номер Deluxe (двуспальная кровать),1,9.7,45.0,5580,Сочи,10.0,2026-09-27 07:52:51.052,,,,awarded-hotel,Сочи,октябрь,sochi_october.xlsx,10,5168.6,20+ км,9+,10
"улица Хуторская, д.71, Сириус",2026-10-15,2026-10-25,Сириус,Россия,RUB,27.472315,False,False,True,sunset_apartment_1_4,False,False,Apartment,43.411133,39.964752,13430579,,51207.0,5121,Апартаменты Sunset 1,Sunset Apartment 1,,,,534.21,51207.0,609.06,RUB,False,,False,nomeal,51207.0,534.21,5121,51207.0,609.06,Студия (двуспальная кровать),1,7.5,21.0,965858884,Сириус,,2026-09-27 07:52:51.052,,,,,Сочи,октябрь,sochi_october.xlsx,10,5120.7,20+ км,7-8,10
"Курортный проспект, д. 21, Сочи",2026-10-15,2026-10-25,Сочи,Россия,RUB,0.51336014,True,False,False,mirit_otel_2,True,False,Hotel,43.580875,39.722656,7374084,,24453.0,2445,Отель Мирит,Mirit Hotel,,,,255.1,24453.0,290.85,RUB,True,2026-10-13T21:00:00Z,False,nomeal,24453.0,255.1,2445,24453.0,290.85,Двухместный номер Стандарт (2 отдельные кровати),1,7.3,86.0,5580,Сочи,20.0,2026-09-27 07:52:51.052,,3.4,31.0,,Сочи,октябрь,sochi_october.xlsx,10,2445.3,0-2 км,7-8,10
"ул. Общинная, 7, Сочи",2026-10-15,2026-10-25,Сочи,Россия,RUB,28.580832,True,True,True,soprano_3,False,False,Hotel,43.399837,39.9685,9932514,,54685.0,5469,Отель Сопрано,Soprano Hotel,,,,570.49,54685.0,650.43,RUB,True,2026-10-14T21:00:00Z,True,breakfast,54685.0,570.49,5469,54685.0,650.43,Двухместный номер Standard с балконом (двуспальная кровать),1,9.3,243.0,5580,Сочи,25.0,2026-09-27 07:52:51.052,,4.3,27.0,awarded-hotel,Сочи,октябрь,sochi_october.xlsx,10,5468.5,20+ км,9+,10
"улица Егорова, 1а, Сочи",2026-10-15,2026-10-25,Сочи,Россия,RUB,0.67631763,True,False,False,hotel_rivyera_park_otel,False,False,Hotel,43.588417,39.715748,11021168,,34552.0,3455,Отель Ривьера парк отель,Hotel rivyera Park Otel,,,,360.46,34552.0,410.97,RUB,True,2026-10-14T10:30:00Z,False,nomeal,34552.0,360.46,3455,34552.0,410.97,Двухместный номер Economy без окна (двуспальная кровать) (без окна),1,9.1,143.0,5580,Сочи,25.0,2026-09-27 07:52:51.052,3.0,,,awarded-hotel,Сочи,октябрь,sochi_october.xlsx,10,3455.2,0-2 км,9+,10
"улица Орбитовская, д. 20/6, Сочи",2026-10-15,2026-10-25,Сочи,Россия,RUB,19.929874,False,False,True,serbiya_boutiquehotel,True,False,Guesthouse,43.465626,39.907127,10591993,,19000.0,1900,Гостевой дом Сербия,Serbiya Guest House,,,,198.21,19000.0,225.99,RUB,False,,False,nomeal,19000.0,198.21,1900,19000.0,225.99,Двухместный номер Standard Мансарда с балконом и с красивым видом из окна (двуспальная кровать),1,9.0,64.0,5580,Сочи,,2026-09-27 07:52:51.052,,,,awarded-hotel,Сочи,октябрь,sochi_october.xlsx,10,1900.0,10-20 км,8-9,10
"улица Мурманская, д.10/1, Высокое",2026-10-15,2026-10-25,Высокое,Россия,RUB,23.65459,False,False,False,artari_apartments,True,False,Aparthotel,43.487797,39.984013,10216837,,10987.0,1099,Гостевой дом 4 Горизонта,4 Horizonta Guest House,,,,114.62,10987.0,130.68,RUB,False,,False,nomeal,10987.0,114.62,1099,10987.0,130.68,Студия с балконом (диван) (кухня),1,8.3,8.0,966240208,Высокое,80.0,2026-09-27 07:52:51.052,,,,,Сочи,октябрь,sochi_october.xlsx,10,1098.7,20+ км,8-9,10
"улица Яна Фабрициуса, д.7, Сочи",2026-10-15,2026-10-25,Сочи,Россия,RUB,2.4505084,True,False,False,atmosfera_park_hotel,True,False,Aparthotel,43.570866,39.745903,9229084,,33480.0,3348,Отель Атмосфера Парк,Atmosfera Park Hotel,,,,349.28,33480.0,398.22,RUB,True,2026-10-08T12:00:00Z,False,nomeal,33480.0,349.28,3348,33480.0,398.22,Двухместные апартаменты Standard (2 отдельные кровати),1,8.1,127.0,5580,Сочи,55.0,2026-09-27 07:52:51.052,,,,,Сочи,октябрь,sochi_october.xlsx,10,3348.0,2-5 км,8-9,10
"улица Просвещения, 4А, Адлер",2026-10-15,2026-10-25,Адлер,Россия,RUB,24.0028,True,False,False,oganessea,False,False,Guesthouse,43.422924,39.919224,10000345,,28750.0,2875,Грейс Рица,Grejs Ritsa,,,1532.0,299.93,28750.0,341.96,RUB,True,2026-10-08T11:00:00Z,False,nomeal,28750.0,299.93,2875,28750.0,341.96,Двухместный номер Стандарт с балконом (2 отдельные кровати) (тип кровати может измениться),1,9.0,351.0,299,Адлер,37.0,2026-09-27 07:52:51.052,,4.2,19.0,awarded-hotel,Сочи,октябрь,sochi_october.xlsx,10,2875.0,20+ км,8-9,8
"Кишиневская улица, д. 6, Сочи",2026-10-15,2026-10-25,Сочи,Россия,RUB,23.188805,False,False,False,kub_guest_house,False,False,Guesthouse,43.450844,39.942978,10864339,,44528.0,4453,Гостевой дом Куб,Kub Guest House,,,,464.53,44528.0,529.62,RUB,False,,False,nomeal,44528.0,464.53,4453,44528.0,529.62,Двухместный номер Standard (двуспальная кровать),1,8.6,92.0,5580,Сочи,17.0,2026-09-27 07:52:51.052,,3.8,48.0,,Сочи,октябрь,sochi_october.xlsx,10,4452.8,20+ км,8-9,10
"улица Виноградная , д. 134/1, Сочи",2026-10-15,2026-10-25,Сочи,Россия,RUB,3.315392,True,True,False,antika,True,False,Guesthouse,43.61521,39.719604,6577068,,24334.0,2433,Гостевой дом Антика,Antika Guest house,,,,253.86,24334.0,289.43,RUB,True,2026-10-14T09:00:00Z,True,breakfast,24334.0,253.86,2433,24334.0,289.43,Двухместный номер Standard (двуспальная кровать) (тип кровати может измениться),1,8.9,271.0,5580,Сочи,31.0,2026-09-27 07:52:51.052,,4.8,17.0,,Сочи,октябрь,sochi_october.xlsx,10,2433.4,2-5 км,8-9,10
"переулок Богдана Хмельницкого 18, Сочи",2026-10-15,2026-10-25,Сочи,Россия,RUB,23.618282,True,False,False,gostevoj_dom_larisa,True,False,Guesthouse,43.426685,39.917896,8268756,,22770.0,2277,Гостевой дом VIVA Лариса,VIVA Larisa Guest House,,,,237.54,22770.0,270.83,RUB,True,2026-10-14T11:00:00Z,False,nomeal,22770.0,237.54,2277,22770.0,270.83,Двухместный номер Стандарт (2 отдельные кровати) (тип кровати может измениться),1,7.1,74.0,5580,Сочи,19.0,2026-09-27 07:52:51.052,,3.0,13.0,,Сочи,октябрь,sochi_october.xlsx,10,2277.0,20+ км,7-8,10
"улица Урицкого, д.16/2, Сириус",2026-10-15,2026-10-25,Сириус,Россия,RUB,30.160334,True,False,False,sevan,False,False,Hotel,43.39095,39.983997,10013929,,19566.0,1957,Гостиница Севан,Sevan Hotel,,,,204.12,19566.0,232.72,RUB,True,2026-10-01T10:30:00Z,False,nomeal,19566.0,204.12,1957,19566.0,232.72,Двухместный номер Стандарт (двуспальная кровать) (тип кровати может измениться),1,8.3,71.0,965858884,Сириус,26.0,2026-09-27 07:53:28.546,,,,,Сочи,октябрь,sochi_october.xlsx,10,1956.6,20+ км,8-9,10
"Листопадная улица, 34, Сириус",2026-10-15,2026-10-25,Сириус,Россия,RUB,29.030256,False,False,False,guest_house_melissa_2,True,False,Guesthouse,43.40495,39.98342,13315835,,18793.0,1879,Гостевой дом Мелисса,Guest house Melissa,,,,196.06,18793.0,223.53,RUB,False,,False,nomeal,18793.0,196.06,1879,18793.0,223.53,Двухместный номер Economy (двуспальная кровать) (внешняя собственная ванная комната),1,9.1,33.0,965858884,Сириус,,2026-09-27 07:53:28.546,,,,,Сочи,октябрь,sochi_october.xlsx,10,1879.3,20+ км,9+,10
"улица Интернациональная, д. 3а, Адлер",2026-10-15,2026-10-25,Адлер,Россия,RUB,24.462276,True,False,False,oazis_nadezhdy_hotel,True,False,Hotel,43.420074,39.923386,11024238,,12369.0,1237,Меблированные комнаты Оазис Надежды,Oazis Nadezhdy Living Quaters,,,,129.04,12369.0,147.12,RUB,True,2026-10-01T11:00:00Z,False,nomeal,12369.0,129.04,1237,12369.0,147.12,Двухместный номер Standard (двуспальная кровать),1,6.6,34.0,299,Адлер,71.0,2026-09-27 07:53:28.606,,,,,Сочи,октябрь,sochi_october.xlsx,10,1236.9,20+ км,<7,10
"улица Тростниковая, д. 67, Сириус",2026-10-15,2026-10-25,Сириус,Россия,RUB,27.40496,True,False,True,shokolad_guest_house_6,True,False,Guesthouse,43.410896,39.963245,10370465,,54500.0,5450,Гостевой Дом Шоколад,Shokolad Guest House,,,,568.56,54500.0,648.23,RUB,True,2026-10-01T11:00:00Z,False,nomeal,54500.0,568.56,5450,54500.0,648.23,Двухместный номер Standard (2 отдельные кровати),1,9.2,75.0,965858884,Сириус,,2026-09-27 07:53:28.607,,,,,Сочи,октябрь,sochi_october.xlsx,10,5450.0,20+ км,9+,10
"улица Парусная, д.19, Сириус",2026-10-15,2026-10-25,Сириус,Россия,RUB,26.64645,True,False,True,imeretinskiy_on_parusnaya_19_apartments,False,False,Apartment,43.40644,39.943012,10009976,,45000.0,4500,Апартаменты Imeretinskiy on Parusnaya 19,Imeretinskiy On Parusnaya 19 Apartments,,,,469.46,45000.0,535.24,RUB,True,2026-10-08T12:00:00Z,False,nomeal,45000.0,469.46,4500,45000.0,535.24,Апартаменты c 1 комнатой с балконом и с видом на море (двуспальная кровать и диван),1,9.0,22.0,965858884,Сириус,,2026-09-27 07:53:28.607,,,,,Сочи,октябрь,sochi_october.xlsx,10,4500.0,20+ км,8-9,10
"улица 65 Лет Победы, д. 65, корп. 1, Сириус",2026-10-15,2026-10-25,Сириус,Россия,RUB,29.46486,True,False,True,olympic_apartments_3,False,False,Aparthotel,43.395668,39.97832,9991783,,56402.0,5640,Комплекс апартаментов  Apartments Premium (первый корпус),Apartment complex  Apartments Premium (first building),,,,588.41,56402.0,670.85,RUB,True,2026-10-08T11:00:00Z,False,nomeal,56402.0,588.41,5640,56402.0,670.85,Номер Deluxe Дуплекс,1,9.3,84.0,965858884,Сириус,,2026-09-27 07:53:28.607,,,,awarded-hotel,Сочи,октябрь,sochi_october.xlsx,10,5640.2,20+ км,9+,10
"улица Павлика Морозова, д.64, Сочи",2026-10-15,2026-10-25,Сочи,Россия,RUB,23.37247,True,False,False,anastasiya_2,True,False,Guesthouse,43.429485,39.917637,8878148,,15820.0,1582,Гостевой дом Анастасия,Anastasiya Guest House,,,,165.04,15820.0,188.17,RUB,True,2026-10-14T11:00:00Z,False,nomeal,15820.0,165.04,1582,15820.0,188.17,Двухместный номер Economy (общая ванная комната) (2 отдельные кровати),1,8.0,76.0,5580,Сочи,22.0,2026-09-27 07:53:28.607,,,,,Сочи,октябрь,sochi_october.xlsx,10,1582.0,20+ км,7-8,10
"улица Цветочная, д. 15/20, Адлер",2026-10-15,2026-10-25,Адлер,Россия,RUB,25.16209,True,False,True,u_morya_na_tsvetochnoj_156_apartments,True,True,Apartment,43.418095,39.933353,9763442,,34217.0,3422,Апартаменты у моря на Цветочной 156,U Morya Na Tsvetochnoj 156 Apartments,,,,356.96,34217.0,406.98,RUB,True,2026-10-08T11:00:00Z,False,nomeal,34217.0,356.96,3422,34217.0,406.98,Апартаменты Premium (двуспальная кровать и диван),1,0.0,,299,Адлер,,2026-09-27 07:53:28.607,,,,,Сочи,октябрь,sochi_october.xlsx,10,3421.7,20+ км,,9
"улица Бестужева, д.8, Сочи",2026-10-15,2026-10-25,Сочи,Россия,RUB,24.349443,True,True,False,almira,True,False,Guesthouse,43.420334,39.92167,6530649,,27706.0,2771,Гостевой дом Альмира,Almira Guest House,,,,289.04,27706.0,329.54,RUB,True,2026-10-14T09:00:00Z,True,breakfast,27706.0,289.04,2771,27706.0,329.54,Двухместный номер Руф Стандарт (двуспальная кровать) (тип кровати может измениться),1,8.4,230.0,5580,Сочи,79.0,2026-09-27 07:53:28.607,,3.9,136.0,,Сочи,октябрь,sochi_october.xlsx,10,2770.6,20+ км,8-9,10
"улица Навагинская, д.3/4А, Сочи",2026-10-15,2026-10-25,Сочи,Россия,RUB,0.20118852,True,False,True,sunny_sochi_hostel,True,False,Hostel,43.58478,39.720806,9994616,,29080.0,2908,Хостел Солнечный Сочи,Solnechnyj Sochi Hostel,,,,303.37,29080.0,345.88,RUB,True,2026-10-14T11:00:00Z,False,nomeal,29080.0,303.37,2908,29080.0,345.88,Двухместный номер Economy (двуспальная кровать) (без окна),1,9.6,118.0,5580,Сочи,10.0,2026-09-27 07:53:28.607,,,,awarded-hotel,Сочи,октябрь,sochi_october.xlsx,10,2908.0,0-2 км,9+,10
"Адлерский район, улица Орбитовская, д. 20, Сочи",2026-10-15,2026-10-25,Сочи,Россия,RUB,19.907572,True,False,True,villa_na_orbitovskoy_guest_house,True,False,Guesthouse,43.465233,39.906265,13740340,,19493.0,1949,Гостевой дом на Орбитовской Вилла,Villa na Orbitovskoy Guest house,,,,203.36,19493.0,231.85,RUB,True,2026-10-12T11:00:00Z,False,nomeal,19493.0,203.36,1949,19493.0,231.85,Апартаменты Superior c 1 комнатой с балконом и с частичным видом на море (двуспальная кровать),1,8.5,22.0,5580,Сочи,28.0,2026-09-27 07:53:28.607,,,,,Сочи,октябрь,sochi_october.xlsx,10,1949.3,10-20 км,8-9,10
"Виноградная улица, 2/3В, Сочи",2026-10-15,2026-10-25,Сочи,Россия,RUB,1.1952624,False,False,True,apartotel_rivyera_park_alfa_apartamenty,True,False,Apartment,43.595654,39.718273,11255614,,59371.0,5937,Апартаменты Ривьера Парк,Apartments Riviera Park,,,,619.38,59371.0,706.17,RUB,False,,False,nomeal,59371.0,619.38,5937,59371.0,706.17,Двухместные апартаменты Comfort с 2 комнатами с видом на город (двуспальная кровать и диван),1,9.6,13.0,5580,Сочи,,2026-09-27 07:53:28.607,,,,,Сочи,октябрь,sochi_october.xlsx,10,5937.1,0-2 км,9+,10
"улица Красная, д.34Ж, Сочи",2026-10-15,2026-10-25,Сочи,Россия,RUB,0.8552706,True,False,False,gostevoi_dom_prosperus,True,False,Guesthouse,43.583096,39.73321,8307772,,35837.0,3584,Гостевой Дом Просперус,Prosperus Guest House,,,,373.86,35837.0,426.25,RUB,True,2026-10-08T11:00:00Z,False,nomeal,35837.0,373.86,3584,35837.0,426.25,Двухместная студия (двуспальная кровать) (кухня),1,7.3,71.0,5580,Сочи,11.0,2026-09-27 07:53:28.607,,3.5,21.0,,Сочи,октябрь,sochi_october.xlsx,10,3583.7,0-2 км,7-8,10
"Курортный проспект, д.19/4, Сочи",2026-10-15,2026-10-25,Сочи,Россия,RUB,0.4240289,True,False,False,miniotel_helix,False,False,Mini-hotel,43.58184,39.721542,8870700,,32000.0,3200,Мини-Отель Helix,Helix Mini-Hotel,,,,333.84,32000.0,380.61,RUB,True,2026-10-08T11:00:00Z,False,nomeal,32000.0,333.84,3200,32000.0,380.61,Двухместный номер Стандартный (двуспальная кровать),1,9.3,332.0,5580,Сочи,15.0,2026-09-27 07:53:28.607,3.0,4.2,18.0,awarded-hotel,Сочи,октябрь,sochi_october.xlsx,10,3200.0,0-2 км,9+,10
"улица Просвещения, д.109 Г, Сочи",2026-10-15,2026-10-25,Сочи,Россия,RUB,18.185665,True,False,True,reskator,True,False,Hotel,43.476933,39.892044,8741828,,25000.0,2500,Reskator Hotel,Reskator Living quarters,,,,260.81,25000.0,297.35,RUB,True,2026-10-08T11:00:00Z,False,nomeal,25000.0,260.81,2500,25000.0,297.35,Трёхместный номер Standard рядом с пляжем (двуспальная кровать и односпальная кровать),1,8.8,93.0,5580,Сочи,26.0,2026-09-27 07:53:28.607,,,,,Сочи,октябрь,sochi_october.xlsx,10,2500.0,10-20 км,8-9,9
"улица Тюльпанов, д.10 лит Д, Сириус",2026-10-15,2026-10-25,Сириус,Россия,RUB,24.86704,True,False,False,morskoy_yakor_guest_house,True,False,Guesthouse,43.42114,39.932518,10666727,,29080.0,2908,Гостевой дом Морской Якорь,Morskoy Yakor Guest house,,,,303.37,29080.0,345.88,RUB,True,2026-10-10T11:00:00Z,False,nomeal,29080.0,303.37,2908,29080.0,345.88,Трёхместный номер Superior (двуспальная кровать и односпальная кровать),1,9.6,83.0,965858884,Сириус,,2026-09-27 07:53:28.607,,,,awarded-hotel,Сочи,октябрь,sochi_october.xlsx,10,2908.0,20+ км,9+,10
"ул. Молодежная, 34, Сочи",2026-10-15,2026-10-25,Сочи,Россия,RUB,21.463028,True,False,False,grant_3,False,False,Hotel,43.733986,39.552387,9226618,,11851.0,1185,Меблированные комнаты Грант,Grant Living Quarters,,,,123.63,11851.0,140.96,RUB,True,2026-10-08T11:00:00Z,False,nomeal,11851.0,123.63,1185,11851.0,140.96,Двухместный номер Стандарт (двуспальная кровать),1,9.3,27.0,5580,Сочи,,2026-09-27 07:53:28.607,,,,,Сочи,октябрь,sochi_october.xlsx,10,1185.1,20+ км,9+,10
"Курортный Проспект, 50, Сочи",2026-10-15,2026-10-25,Сочи,Россия,RUB,1.0576504,True,False,True,gostinichnyi_kompleks_sochimagnoliia,True,False,Hotel,43.577232,39.72966,6519761,,36810.0,3681,Отель Магнолия,Magnoliya Hotel,,,,384.01,36810.0,437.82,RUB,True,2026-10-12T12:00:00Z,False,nomeal,36810.0,384.01,3681,36810.0,437.82,Двухместный номер Стандартный с балконом и с видом на город (двуспальная кровать),1,8.8,335.0,5580,Сочи,177.0,2026-09-27 07:53:28.607,3.0,4.0,149.0,,Сочи,октябрь,sochi_october.xlsx,10,3681.0,0-2 км,8-9,10
"улица Станиславского, д.26, Сириус",2026-10-15,2026-10-25,Сириус,Россия,RUB,24.710424,True,False,False,kaskad_guest_house,True,False,Guesthouse,43.420868,39.929234,6307890,,20736.0,2074,Гостевой дом Каскад,Kaskad Guest House,,,,216.33,20736.0,246.64,RUB,True,2026-10-14T11:00:00Z,False,nomeal,20736.0,216.33,2074,20736.0,246.64,Трёхместный номер Standard с балконом (внешняя собственная ванная комната),1,7.3,36.0,965858884,Сириус,58.0,2026-09-27 07:53:28.607,,5.0,1.0,,Сочи,октябрь,sochi_october.xlsx,10,2073.6,20+ км,7-8,10
"улица Фабричная, д.5, помещ.2, Сочи",2026-10-15,2026-10-25,Сочи,Россия,RUB,21.133217,True,False,True,station,False,False,Hostel,43.44941,39.906334,8752035,,23000.0,2300,Хостел Станция Station,Station Hostel,,,,239.94,23000.0,273.57,RUB,True,2026-10-14T11:00:00Z,False,nomeal,23000.0,239.94,2300,23000.0,273.57,Двухместный номер Comfort (двуспальная кровать) (без окна),1,8.6,219.0,5580,Сочи,8.0,2026-09-27 07:53:28.607,,4.2,5.0,,Сочи,октябрь,sochi_october.xlsx,10,2300.0,20+ км,8-9,10
"ПГТ ""Сириус"", улица Таврическая, д.1/1, Сириус",2026-10-15,2026-10-25,Сириус,Россия,RUB,30.283787,True,False,True,tri_palmyi_guest_house,False,False,Hotel,43.392006,39.987667,8751949,,14837.0,1484,Отель Три пальмы,Tri Palmy Hotel,,,,154.78,14837.0,176.47,RUB,True,2026-10-14T11:00:00Z,False,nomeal,14837.0,154.78,1484,14837.0,176.47,Двухместный номер Economy (общая ванная комната) (двуспальная кровать) (тип кровати может измениться),1,8.1,47.0,965858884,Сириус,26.0,2026-09-27 07:53:30.831,,,,,Сочи,октябрь,sochi_october.xlsx,10,1483.7,20+ км,8-9,7
"переулок Березовый, д.36, Сириус",2026-10-15,2026-10-25,Сириус,Россия,RUB,27.049255,True,False,False,korvet_guest_house,False,False,Guesthouse,43.411186,39.957367,8875545,,21769.0,2177,Гостевой дом Корвет,Korvet Guest House,,,,227.1,21769.0,258.92,RUB,True,2026-10-08T11:00:00Z,False,nomeal,21769.0,227.1,2177,21769.0,258.92,Двухместный номер Economy (2 отдельные кровати),1,8.9,38.0,965858884,Сириус,,2026-09-27 07:53:30.831,,,,,Сочи,октябрь,sochi_october.xlsx,10,2176.9,20+ км,8-9,10
"улица Ясногорская, д.16/2к12, Сочи",2026-10-15,2026-10-25,Сочи,Россия,RUB,4.14333,True,False,True,yevro_treshka_v_zhk_kislorod_flat,False,False,Apartment,43.568886,39.7692,13900983,,51455.0,5146,Квартира Евро трешка в ЖК Кислород,Yevro Treshka v Zhk Kislorod Flat,,,,536.8,51455.0,612.01,RUB,True,2026-10-14T11:00:00Z,False,nomeal,51455.0,536.8,5146,51455.0,612.01,Апартаменты с 2 комнатами с балконом и с красивым видом из окна (2 двуспальные кровати и диван),1,0.0,,5580,Сочи,,2026-09-27 07:53:30.831,,,,,Сочи,октябрь,sochi_october.xlsx,10,5145.5,2-5 км,,10
"Курортный проспект, д. 75, Сочи",2026-10-15,2026-10-25,Сочи,Россия,RUB,1.9694349,True,False,False,svetlana_district_by_the_sea_apartaments_3,False,False,Apartment,43.56983,39.73459,13433199,,33250.0,3325,Апартаменты Комфорт Svetlana District by the Sea 3,Komfort Svetlana District by the Sea 3 Apartments,,,,346.88,33250.0,395.48,RUB,True,2026-10-12T12:00:00Z,False,nomeal,33250.0,346.88,3325,33250.0,395.48,Трёхместные апартаменты Comfort (двуспальная кровать) (кресло-кровать),1,8.3,16.0,5580,Сочи,,2026-09-27 07:53:30.831,,,,,Сочи,октябрь,sochi_october.xlsx,10,3325.0,0-2 км,8-9,10
"Гоголя, 11, Сочи",2026-10-15,2026-10-25,Сочи,Россия,RUB,22.452137,False,False,False,guest_house_everest,False,False,Hotel,43.437656,39.913036,13166337,,8000.0,800,Меблированные комнаты Эверест,Everest Living Quaters,,,,83.46,8000.0,95.15,RUB,False,,False,nomeal,8000.0,83.46,800,8000.0,95.15,Двухместный номер Economy (общая ванная комната) (двуспальная кровать) (тип кровати может измениться),1,7.6,20.0,5580,Сочи,,2026-09-27 07:53:30.831,,,,,Сочи,октябрь,sochi_october.xlsx,10,800.0,20+ км,7-8,5
"улица Пирогова, д.40 В, Сочи",2026-10-15,2026-10-25,Сочи,Россия,RUB,2.5378146,True,True,False,roza_vetrov_hotel,False,False,Resort,43.607155,39.713158,7398838,,80000.0,8000,Wind Rose Hotel & SPA,Wind Rose Hotel & SPA,,,,834.59,80000.0,951.53,RUB,True,2026-10-14T21:00:00Z,True,breakfast,80000.0,834.59,8000,80000.0,951.53,Двухместный номер Стандарт Улучшенный с балконом (2 отдельные кровати),1,9.0,240.0,5580,Сочи,50.0,2026-09-27 07:53:30.831,4.0,3.8,133.0,,Сочи,октябрь,sochi_october.xlsx,10,8000.0,2-5 км,8-9,10
"улица 65 Лет Победы, д.44, Сириус",2026-10-15,2026-10-25,Сириус,Россия,RUB,29.016356,False,False,False,minihotel_parusa,False,False,Guesthouse,43.39746,39.97288,8684403,,35000.0,3500,Гостевой дом Паруса,Parusa Guest house,,,,365.13,35000.0,416.29,RUB,False,,False,nomeal,35000.0,365.13,3500,35000.0,416.29,Двухместный номер Economy (двуспальная кровать),1,9.1,74.0,965858884,Сириус,,2026-09-27 07:53:30.831,,4.6,10.0,,Сочи,октябрь,sochi_october.xlsx,10,3500.0,20+ км,9+,10
"улица Бестужева 6а, Сочи",2026-10-15,2026-10-25,Сочи,Россия,RUB,24.433573,True,True,False,black_sea_guest_house,False,False,Guesthouse,43.41965,39.922176,7969878,,40462.0,4046,Гостевой дом Черное море,CHernoe more Guest House,,,,422.11,40462.0,481.26,RUB,True,2026-10-12T11:00:00Z,True,breakfast,40462.0,422.11,4046,40462.0,481.26,Двухместный номер Делюкс (двуспальная кровать),1,8.9,308.0,5580,Сочи,32.0,2026-09-27 07:53:30.831,,4.2,65.0,,Сочи,октябрь,sochi_october.xlsx,10,4046.2,20+ км,8-9,10
"улица Куйбышева, д.53, Сочи",2026-10-15,2026-10-25,Сочи,Россия,RUB,22.55299,False,False,False,briz_hotel_14,False,False,Hotel,43.437084,39.914024,13738352,,9958.0,996,Отель Бриз,Briz Hotel,,,,103.89,9958.0,118.44,RUB,False,,False,nomeal,9958.0,103.89,996,9958.0,118.44,Двухместный номер Economy (общая ванная комната) (2 отдельные кровати),1,8.7,7.0,5580,Сочи,30.0,2026-09-27 07:53:30.831,,,,,Сочи,октябрь,sochi_october.xlsx,10,995.8,20+ км,8-9,9
"улица Нагорный тупик, д.13Б, Сириус",2026-10-15,2026-10-25,Сириус,Россия,RUB,25.1985,False,False,False,near_the_sea_apartments_2,False,False,Hostel,43.41639,39.93142,10862545,,23501.0,2350,Жилое помещение Рядом с Морем,Near the Sea,,,,245.17,23501.0,279.52,RUB,False,,False,nomeal,23501.0,245.17,2350,23501.0,279.52,Двухместная студия Comfort (двуспальная кровать и диван),1,9.4,118.0,965858884,Сириус,,2026-09-27 07:53:30.831,,,,awarded-hotel,Сочи,октябрь,sochi_october.xlsx,10,2350.1,20+ км,9+,10
"улица Весёлая, д. 36 А, Сириус",2026-10-15,2026-10-25,Сириус,Россия,RUB,29.008566,True,False,False,kristall_guest_house_8,True,False,Guesthouse,43.40712,39.985886,13341898,,20000.0,2000,Гостевой дом Кристалл,Kristall Guest house,,,,208.65,20000.0,237.88,RUB,True,2026-10-01T11:00:00Z,False,nomeal,20000.0,208.65,2000,20000.0,237.88,Двухместный номер (2 отдельные кровати),1,9.3,30.0,965858884,Сириус,38.0,2026-09-27 07:53:30.831,,,,,Сочи,октябрь,sochi_october.xlsx,10,2000.0,20+ км,9+,10
"улица Общинная, д.48, Сириус",2026-10-15,2026-10-25,Сириус,Россия,RUB,28.991482,False,False,False,yakor_hostel_2,False,False,Hotel,43.397873,39.973026,8734497,,49000.0,4900,Меблированные комнаты Якорь,Yakor' Living Quarters,,,,511.19,49000.0,582.81,RUB,False,,False,nomeal,49000.0,511.19,4900,49000.0,582.81,Семейный номер Economy (общая ванная комната) (двуспальная кровать и двухъярусная кровать),1,8.9,156.0,965858884,Сириус,,2026-09-27 07:53:30.831,,5.0,8.0,,Сочи,октябрь,sochi_october.xlsx,10,4900.0,20+ км,8-9,10
"улица Азовская, д.11Б/1, Сочи",2026-10-15,2026-10-25,Сочи,Россия,RUB,16.997698,False,False,False,guest_house_elling_solnechniy,True,False,Hotel,43.701015,39.584568,6639334,,12676.0,1268,Меблированные комнаты Эллинг Солнечный,Elling Solnechniy Living quarters,,,,132.24,12676.0,150.77,RUB,False,,False,nomeal,12676.0,132.24,1268,12676.0,150.77,Апартаменты эконом-класса с видом на сад (двуспальная кровать),1,8.5,45.0,5580,Сочи,4.0,2026-09-27 07:53:30.831,,,,,Сочи,октябрь,sochi_october.xlsx,10,1267.6,10-20 км,8-9,10
"улица 65 лет Победы, д. 65, Сириус",2026-10-15,2026-10-25,Сириус,Россия,RUB,29.470766,False,False,True,sea_side_apartments_8,False,False,Apartment,43.395298,39.9779,9993149,,49476.0,4948,Апартаменты Море гор,More gor Apartments,,,,516.15,49476.0,588.47,RUB,False,,False,nomeal,49476.0,516.15,4948,49476.0,588.47,Апартаменты Superior,1,9.2,48.0,965858884,Сириус,,2026-09-27 07:53:30.831,,,,awarded-hotel,Сочи,октябрь,sochi_october.xlsx,10,4947.6,20+ км,9+,7
"улица Медовая, д. 52, Сочи",2026-10-15,2026-10-25,Сочи,Россия,RUB,18.756124,True,False,False,odeon_hotel_2,False,False,Guesthouse,43.475994,39.9003,7388206,,18800.0,1880,Одеон Гостевой дом,Odeon Guest House,,,,196.13,18800.0,223.61,RUB,True,2026-10-08T11:00:00Z,False,nomeal,18800.0,196.13,1880,18800.0,223.61,Двухместный номер Standard с балконом и с красивым видом из окна (2 отдельные кровати),1,8.5,100.0,5580,Сочи,50.0,2026-09-27 07:53:30.831,,4.3,37.0,,Сочи,октябрь,sochi_october.xlsx,10,1880.0,10-20 км,8-9,10
"ул. Калараш, д. 36, корп. 1,2,3, Сочи",2026-10-15,2026-10-25,Сочи,Россия,RUB,47.466072,True,False,False,hotel_oskar_3,True,False,Hotel,43.90605,39.332314,11321683,,29710.0,2971,Отель Оскар,Hotel Oskar,,,,309.95,29710.0,353.37,RUB,True,2026-10-01T11:00:00Z,False,nomeal,29710.0,309.95,2971,29710.0,353.37,Четырёхместный семейный номер Comfort с балконом,1,7.7,33.0,5580,Сочи,117.0,2026-09-27 07:53:30.831,4.0,,,,Сочи,октябрь,sochi_october.xlsx,10,2971.0,20+ км,7-8,10
"улица Бзугу, д.10, Сочи",2026-10-15,2026-10-25,Сочи,Россия,RUB,3.61573,True,False,True,porto_apart_hotel_aparthotel,True,False,Hotel,43.561882,39.75403,11294731,,61312.0,6131,Порто Апарт Отель,Porto Apart Hotel,,,,639.63,61312.0,729.25,RUB,True,2026-10-12T11:00:00Z,False,nomeal,61312.0,639.63,6131,61312.0,729.25,Двухместные апартаменты Superior с видом на море (двуспальная кровать и диван),1,9.2,13.0,5580,Сочи,28.0,2026-09-27 07:53:30.831,,,,,Сочи,октябрь,sochi_october.xlsx,10,6131.2,2-5 км,9+,10
"8 марта 21 , 354340 Adler, Russia, Сочи",2026-10-15,2026-10-25,Сочи,Россия,RUB,23.327518,True,False,False,guest_house_galina_3,False,False,Guesthouse,43.427906,39.914356,6295650,,10000.0,1000,Гостевой дом Галина,Galina Guest House,,,,104.32,10000.0,118.94,RUB,True,2026-10-14T11:00:00Z,False,nomeal,10000.0,104.32,1000,10000.0,118.94,Двухместный номер Superior с балконом (двуспальная кровать),1,9.0,35.0,5580,Сочи,,2026-09-27 07:53:30.831,,,,,Сочи,октябрь,sochi_october.xlsx,10,1000.0,20+ км,8-9,10
"улица Изумрудная, 38/1, Сочи",2026-10-15,2026-10-25,Сочи,Россия,RUB,20.479254,True,False,False,resort_villa_dalila,True,False,Hotel,43.458984,39.90795,13128484,,29911.0,2991,Отель Вилла Далила,Villa Dalila Hotel,,,,312.04,29911.0,355.77,RUB,True,2026-10-13T21:00:00Z,False,nomeal,29911.0,312.04,2991,29911.0,355.77,Двухместные апартаменты Comfort (двуспальная кровать и диван),1,8.2,43.0,5580,Сочи,28.0,2026-09-27 07:53:30.832,3.0,,,,Сочи,октябрь,sochi_october.xlsx,10,2991.1,20+ км,8-9,10
"улица Общинная, д.49, Сириус",2026-10-15,2026-10-25,Сириус,Россия,RUB,29.008734,False,False,False,aqua_minihotel,False,False,Guesthouse,43.398136,39.97371,11292300,,49000.0,4900,Гостевой дом Аква,Aqua Guest House,,,,511.19,49000.0,582.81,RUB,False,,False,nomeal,49000.0,511.19,4900,49000.0,582.81,Двухместный номер Classic с балконом (двуспальная кровать),1,9.3,66.0,965858884,Сириус,,2026-09-27 07:53:30.832,,,,awarded-hotel,Сочи,октябрь,sochi_october.xlsx,10,4900.0,20+ км,9+,10
"улица Хуторская, дом 42, Сириус",2026-10-15,2026-10-25,Сириус,Россия,RUB,27.16159,True,False,False,otel_astra_2,True,False,Guesthouse,43.412285,39.96089,6739607,,42713.0,4271,Меблированные Комнаты Астра,Astra Living Quaters,,,,445.6,42713.0,508.03,RUB,True,2026-10-10T11:00:00Z,False,nomeal,42713.0,445.6,4271,42713.0,508.03,Двухместный номер (1 этаж) Standard (двуспальная кровать и диван),1,8.7,121.0,965858884,Сириус,24.0,2026-09-27 07:53:33.909,,4.5,41.0,,Сочи,октябрь,sochi_october.xlsx,10,4271.3,20+ км,8-9,10
"улица Тюльпанов, дом 1А, Сириус",2026-10-15,2026-10-25,Сириус,Россия,RUB,24.76658,True,False,False,grejs_vremena_goda,False,False,Guesthouse,43.422592,39.932846,9081975,,41571.0,4157,Гостевой дом Времена Года,Vremena Goda Guest house,,,,433.68,41571.0,494.45,RUB,True,2026-10-13T21:00:00Z,False,nomeal,41571.0,433.68,4157,41571.0,494.45,Двухместный номер Deluxe с балконом (двуспальная кровать),1,9.3,257.0,965858884,Сириус,23.0,2026-09-27 07:53:33.910,,4.2,66.0,awarded-hotel,Сочи,октябрь,sochi_october.xlsx,10,4157.1,20+ км,9+,10
"улица Станиславского, д. 15, Сириус",2026-10-15,2026-10-25,Сириус,Россия,RUB,24.598467,True,False,False,madlen_guest_house_2,False,False,Guesthouse,43.422283,39.929314,13109429,,14842.0,1484,Гостевой дом Мадлен,Madlen Guest House,,,,154.84,14842.0,176.53,RUB,True,2026-10-14T11:00:00Z,False,nomeal,14842.0,154.84,1484,14842.0,176.53,Двухместный номер Classic (двуспальная кровать),1,8.4,51.0,965858884,Сириус,15.0,2026-09-27 07:53:33.910,,,,,Сочи,октябрь,sochi_october.xlsx,10,1484.2,20+ км,8-9,4
"улица Просвещения, д.138А, Сочи",2026-10-15,2026-10-25,Сочи,Россия,RUB,18.46887,True,False,False,marta_hotel_2,False,False,Resort,43.47512,39.894524,11199679,,12848.0,1285,Гостевой Дом Марта,Marta Guest House,,,,134.03,12848.0,152.82,RUB,True,2026-10-12T11:00:00Z,False,nomeal,12848.0,134.03,1285,12848.0,152.82,Двухместный номер Classic (2 отдельные кровати),1,8.6,442.0,5580,Сочи,16.0,2026-09-27 07:53:33.910,,2.9,10.0,,Сочи,октябрь,sochi_october.xlsx,10,1284.8,10-20 км,8-9,10
"улица Железнодорожная, д.9, Сочи",2026-10-15,2026-10-25,Сочи,Россия,RUB,14.369967,True,False,False,breez_hotel,False,False,Hotel,43.508953,39.866932,7777376,,29500.0,2950,Отель Бриз,Briz Hotel,,,,307.75,29500.0,350.88,RUB,True,2026-10-14T11:00:00Z,False,nomeal,29500.0,307.75,2950,29500.0,350.88,Двухместный номер Standard с балконом и рядом с пляжем (двуспальная кровать),1,8.2,62.0,5580,Сочи,13.0,2026-09-27 07:53:33.910,,2.4,15.0,,Сочи,октябрь,sochi_october.xlsx,10,2950.0,10-20 км,8-9,3
"улица Кирова, д.95, Сочи",2026-10-15,2026-10-25,Сочи,Россия,RUB,23.894526,True,False,False,v_tsentre_adlera_flat_5,False,False,Apartment,43.4286,39.925873,13674285,,75228.0,7523,Квартира в центре Адлера,V Tsentre Adlera Flat,,,,784.8,75228.0,894.77,RUB,True,2026-10-14T12:00:00Z,False,nomeal,75228.0,784.8,7523,75228.0,894.77,Апартаменты (двуспальная кровать и диван),1,9.5,6.0,5580,Сочи,,2026-09-27 07:53:33.910,,,,,Сочи,октябрь,sochi_october.xlsx,10,7522.8,20+ км,9+,10
"улица Таврическая, д.7, корп.3, Сириус",2026-10-15,2026-10-25,Сириус,Россия,RUB,30.43187,False,False,True,artlayt_okolo_morya_apartments,True,False,Apartment,43.390343,39.987957,13315834,,62043.0,6204,Апартаменты АртЛайт около Моря,Artlayt Okolo Morya Apartments,,,,647.25,62043.0,737.95,RUB,False,,False,nomeal,62043.0,647.25,6204,62043.0,737.95,Апартаменты с балконом (двуспальная кровать и диван),1,9.8,4.0,965858884,Сириус,,2026-09-27 07:53:33.910,,,,,Сочи,октябрь,sochi_october.xlsx,10,6204.3,20+ км,9+,10
"улица Старонасыпная, д.1, Сочи",2026-10-15,2026-10-25,Сочи,Россия,RUB,24.094397,True,False,True,center_plaza_aparthotel,False,False,Hotel,43.427547,39.927948,8878656,,30250.0,3025,Center Plaza,Center Plaza,,,,315.58,30250.0,359.8,RUB,True,2026-10-08T11:00:00Z,False,nomeal,30250.0,315.58,3025,30250.0,359.8,Двухместный Апартаменты Лофт Двухуровневые (двуспальная кровать и диван),1,8.1,43.0,5580,Сочи,23.0,2026-09-27 07:53:33.910,,,,,Сочи,октябрь,sochi_october.xlsx,10,3025.0,20+ км,8-9,7
"улица Просвещения 88, Сочи",2026-10-15,2026-10-25,Сочи,Россия,RUB,23.351433,True,False,True,prosvescheniya_88,False,False,Guesthouse,43.427307,39.913864,9998659,,12863.0,1286,"Гостевой дом Просвещения, 88","Prosvescheniya, 88 guest House",,,,134.19,12863.0,152.99,RUB,True,2026-10-11T07:00:00Z,False,nomeal,12863.0,134.19,1286,12863.0,152.99,Трёхместный номер Standard,1,9.1,94.0,5580,Сочи,,2026-09-27 07:53:33.910,,,,,Сочи,октябрь,sochi_october.xlsx,10,1286.3,20+ км,9+,10
"улица Красная, д.41А, Сочи",2026-10-15,2026-10-25,Сочи,Россия,RUB,1.0216261,True,False,True,the_white_residence_guest_house,False,False,Guesthouse,43.581097,39.734264,10134309,,52586.0,5259,Гостевой дом The White Residence,The White Residence Guest House,,,,548.6,52586.0,625.47,RUB,True,2026-10-12T11:00:00Z,False,nomeal,52586.0,548.6,5259,52586.0,625.47,Двухместный номер Deluxe (двуспальная кровать),1,9.6,54.0,5580,Сочи,13.0,2026-09-27 07:53:33.910,,5.0,4.0,,Сочи,октябрь,sochi_october.xlsx,10,5258.6,0-2 км,9+,10
"улица Карла Маркса, д.12, Сочи",2026-10-15,2026-10-25,Сочи,Россия,RUB,24.24946,True,False,False,imperiya_hotel_4,True,False,Guesthouse,43.42104,39.9209,11163350,,25179.0,2518,Гостевой дом Империя,Imperiya Guest House,,,,262.68,25179.0,299.48,RUB,True,2026-10-14T11:00:00Z,False,nomeal,25179.0,262.68,2518,25179.0,299.48,Двухместный номер Standard (2 отдельные кровати) (тип кровати может измениться),1,8.0,111.0,5580,Сочи,41.0,2026-09-27 07:53:33.910,,3.8,37.0,,Сочи,октябрь,sochi_october.xlsx,10,2517.9,20+ км,7-8,10
"улица Станиславского, д.24/1, Сочи",2026-10-15,2026-10-25,Сочи,Россия,RUB,24.670368,True,False,True,guest_house_yana_4,True,False,Guesthouse,43.42133,39.929195,13125944,,20300.0,2030,Гостевой дом Яна,Guest house Yana,,,,211.78,20300.0,241.45,RUB,True,2026-10-08T12:00:00Z,False,nomeal,20300.0,211.78,2030,20300.0,241.45,Двухместный номер Standard с видом на реку (двуспальная кровать),1,9.0,188.0,5580,Сочи,15.0,2026-09-27 07:53:33.910,,,,,Сочи,октябрь,sochi_october.xlsx,10,2030.0,20+ км,8-9,10
"Лесопарковая улица, д. 29, Сочи",2026-10-15,2026-10-25,Сочи,Россия,RUB,4.589242,True,False,False,mamayka_residens_guest_house,True,False,Guesthouse,43.626297,39.714382,9824926,,23416.0,2342,Гостевой дом Мамайка Резиденс,Mamayka Residens Guest house,,,,244.28,23416.0,278.51,RUB,True,2026-10-13T11:00:00Z,False,nomeal,23416.0,244.28,2342,23416.0,278.51,Двухместный номер Economy с видом на внутренний двор (двуспальная кровать),1,8.4,24.0,5580,Сочи,10.0,2026-09-27 07:53:33.910,,,,,Сочи,октябрь,sochi_october.xlsx,10,2341.6,2-5 км,8-9,10
"улица Цветочная, д.15/20, Сириус",2026-10-15,2026-10-25,Сириус,Россия,RUB,25.169344,True,False,True,more_rooms_u_parka_yuzhnykh_kultur13_apartments,True,True,Apartment,43.418087,39.933475,11254973,,34217.0,3422,Апартаменты More Rooms у парка Южных культур/13,More Rooms U Parka Yuzhnykh Kultur/13 Apartments,,,,356.96,34217.0,406.98,RUB,True,2026-10-08T11:00:00Z,False,nomeal,34217.0,356.96,3422,34217.0,406.98,Студия Superior с красивым видом из окна (двуспальная кровать и диван),1,9.1,3.0,965858884,Сириус,,2026-09-27 07:53:33.910,,,,,Сочи,октябрь,sochi_october.xlsx,10,3421.7,20+ км,9+,10
"улица Депутатская, д.12/10Б, Сочи",2026-10-15,2026-10-25,Сочи,Россия,RUB,1.7404636,False,False,False,delsochi,True,False,Hotel,43.575825,39.74013,8747326,,19721.0,1972,Меблированные комнаты Delsochi,Delsochi Living Quaters,,,,205.74,19721.0,234.56,RUB,False,,False,nomeal,19721.0,205.74,1972,19721.0,234.56,Двухместный номер с видом на внутренний двор (двуспальная кровать) (внешняя собственная ванная комната),1,8.3,128.0,5580,Сочи,,2026-09-27 07:53:33.910,,,,,Сочи,октябрь,sochi_october.xlsx,10,1972.1,0-2 км,8-9,10
"Нижнеимеретинская улица, д. 155б, Сириус",2026-10-15,2026-10-25,Сириус,Россия,RUB,28.961847,True,False,False,bogorodsk_olympic_beach_sochi_hotel,True,False,Guesthouse,43.396736,39.97086,9987516,,31454.0,3145,Гостевой дом Bogorodsk Olympic Beach Sochi,Bogorodsk Olympic Beach Sochi Guest house,,,,328.14,31454.0,374.12,RUB,True,2026-10-10T11:00:00Z,False,nomeal,31454.0,328.14,3145,31454.0,374.12,Двухместный номер (двуспальная кровать),1,8.2,208.0,965858884,Сириус,58.0,2026-09-27 07:53:33.910,,,,,Сочи,октябрь,sochi_october.xlsx,10,3145.4,20+ км,8-9,10
"улица Станиславского, д.23, Сириус",2026-10-15,2026-10-25,Сириус,Россия,RUB,24.767488,True,False,False,gostinitsa_marmaris,False,False,Guesthouse,43.420143,39.929184,6509929,,28530.0,2853,Гостевой дом Мармарис,Marmaris Guest House,,,,297.64,28530.0,339.34,RUB,True,2026-09-30T21:00:00Z,False,nomeal,28530.0,297.64,2853,28530.0,339.34,Двухместный номер Бюджетный (двуспальная кровать),1,8.7,135.0,965858884,Сириус,29.0,2026-09-27 07:53:33.910,,4.1,26.0,,Сочи,октябрь,sochi_october.xlsx,10,2853.0,20+ км,8-9,10
"улица Ульянова, д.16, Сочи",2026-10-15,2026-10-25,Сочи,Россия,RUB,23.79798,True,False,False,atlant_hotel_2,False,False,Hotel,43.42485,39.9184,8165749,,46036.0,4604,Отель Атлант,Atlant Hotel,,,,480.26,46036.0,547.56,RUB,True,2026-10-01T09:00:00Z,False,nomeal,46036.0,480.26,4604,46036.0,547.56,Двухместный Номер корпус Атлант Стандарт (двуспальная кровать) (тип кровати может измениться),1,9.1,213.0,5580,Сочи,6.0,2026-09-27 07:53:33.910,3.0,4.5,65.0,,Сочи,октябрь,sochi_october.xlsx,10,4603.6,20+ км,9+,10
"ул. 65 лет победы, д. 8, Сириус",2026-10-15,2026-10-25,Сириус,Россия,RUB,28.66456,True,True,False,guest_house_tiadel,False,False,Guesthouse,43.398357,39.96786,13431161,,56501.0,5650,Гостевой дом Тиадель,Tiadele Guest House,,,,589.44,56501.0,672.03,RUB,True,2026-10-14T20:00:00Z,True,breakfast,56501.0,589.44,5650,56501.0,672.03,Двухместный номер Стандарт на 1 этаже (2 отдельные кровати),1,9.4,153.0,965858884,Сириус,10.0,2026-09-27 07:53:33.910,,,,,Сочи,октябрь,sochi_october.xlsx,10,5650.1,20+ км,9+,10
"улица Горького, д. 87, Сочи",2026-10-15,2026-10-25,Сочи,Россия,RUB,1.1522528,False,False,True,apartamenty_m_apartments_eldorado_5,True,False,Apartment,43.595043,39.728657,13072212,,47100.0,4710,Апартаменты M Apartments Eldorado 5,M Apartments Eldorado 5 Apartments,,,,491.36,47100.0,560.21,RUB,False,,False,nomeal,47100.0,491.36,4710,47100.0,560.21,Апартаменты с балконом и с видом на море (двуспальная кровать и диван),1,0.0,,5580,Сочи,,2026-09-27 07:53:33.910,,,,,Сочи,октябрь,sochi_october.xlsx,10,4710.0,0-2 км,,10
"ПГТ Сириус Ул.Хуторская 46, Сириус",2026-10-15,2026-10-25,Сириус,Россия,RUB,27.20058,True,False,False,gostevoj_dom_viktoriya_7,True,False,Guesthouse,43.41214,39.961376,10001422,,20000.0,2000,Гостевой дом Виктория,Viktoriya Guest House,,,,208.65,20000.0,237.88,RUB,True,2026-10-01T11:00:00Z,False,nomeal,20000.0,208.65,2000,20000.0,237.88,Двухместный номер Standard (двуспальная кровать),1,7.9,55.0,965858884,Сириус,,2026-09-27 07:53:37.605,,,,,Сочи,октябрь,sochi_october.xlsx,10,2000.0,20+ км,7-8,10
"г.Сочи, Адлерский р-он, ул.Луговая, д.14, Сириус",2026-10-15,2026-10-25,Сириус,Россия,RUB,24.818638,True,False,False,gostevoj_dom_tropiki,True,False,Guesthouse,43.42079,39.93111,10017177,,20000.0,2000,Гостевой дом Тропики,Tropiki Guest House,,,,208.65,20000.0,237.88,RUB,True,2026-10-14T11:00:00Z,False,nomeal,20000.0,208.65,2000,20000.0,237.88,Двухместный номер Standard с видом на горы (двуспальная кровать и диван),1,9.4,42.0,965858884,Сириус,,2026-09-27 07:53:37.605,,,,awarded-hotel,Сочи,октябрь,sochi_october.xlsx,10,2000.0,20+ км,9+,10
"Краснодарский Край, г.о. город-курорт Сочи, г Сочи, р-н Хостинский, ул Новороссийское шоссе, д. 17/1, к. 7, Сочи",2026-10-15,2026-10-25,Сочи,Россия,RUB,8.470779,True,True,False,ozdorovitelnyi_kompleks_sputnik,False,False,Hotel,43.539143,39.80664,7861161,,186808.0,18681,Курортный отель Alean Family Sputnik,Alean Family Sputnik Hotel,,,1835.0,1948.85,186808.0,2221.92,RUB,True,2026-10-01T12:00:00Z,True,ultra-all-inclusive,186808.0,1948.85,18681,186808.0,2221.92,Двухместный номер Стандарт c 1 комнатой с балконом (двуспальная кровать),1,8.9,1511.0,5580,Сочи,271.0,2026-09-27 07:53:37.605,4.0,4.6,1490.0,awarded-hotel,Сочи,октябрь,sochi_october.xlsx,10,18680.8,5-10 км,8-9,10
"улица Ленина, д. 57А, Сочи",2026-10-15,2026-10-25,Сочи,Россия,RUB,23.445242,False,False,False,gostevoj_dom_do_vstrechi,True,False,Guesthouse,43.42933,39.918743,10153365,,25000.0,2500,Гостевой дом До Встречи,Do vstrechi Guest house,,,,260.81,25000.0,297.35,RUB,False,,False,nomeal,25000.0,260.81,2500,25000.0,297.35,Двухместный номер Standard (2 отдельные кровати) (тип кровати может измениться),1,9.5,13.0,5580,Сочи,20.0,2026-09-27 07:53:37.605,,,,,Сочи,октябрь,sochi_october.xlsx,10,2500.0,20+ км,9+,10
"Тоннельная улица, д.23 Б, Сочи",2026-10-15,2026-10-25,Сочи,Россия,RUB,0.61234945,True,False,False,vostok_guest_house_2,False,False,Guesthouse,43.586945,39.730446,9079349,,26968.0,2697,Гостевой дом Vostok,Vostok Guest house,,,,281.34,26968.0,320.76,RUB,True,2026-10-13T11:00:00Z,False,nomeal,26968.0,281.34,2697,26968.0,320.76,Двухместный номер Standard (двуспальная кровать),1,8.5,58.0,5580,Сочи,,2026-09-27 07:53:37.605,,,,,Сочи,октябрь,sochi_october.xlsx,10,2696.8,0-2 км,8-9,10
"р-н Хостинский, улица Депутатская, д. 9/3, Сочи",2026-10-15,2026-10-25,Сочи,Россия,RUB,2.0300994,True,False,False,room_hotel_2,False,False,Hotel,43.5707,39.73793,9989996,,24538.0,2454,Отель RoomHotel,Room Hotel,,,,255.99,24538.0,291.86,RUB,True,2026-10-14T10:30:00Z,False,nomeal,24538.0,255.99,2454,24538.0,291.86,Двухместный номер Стандарт (двуспальная кровать),1,8.2,44.0,5580,Сочи,27.0,2026-09-27 07:53:37.605,3.0,,,,Сочи,октябрь,sochi_october.xlsx,10,2453.8,2-5 км,8-9,9
"улица Лазурная, д.20, Сочи",2026-10-15,2026-10-25,Сочи,Россия,RUB,18.467136,False,False,False,lazur_guest_house_2,False,False,Guesthouse,43.475807,39.895332,6304715,,18630.0,1863,Гостевой дом Лазурь,Lazur Guest house,,,1820.0,194.35,18630.0,221.59,RUB,False,,False,nomeal,18630.0,194.35,1863,18630.0,221.59,Номер Стандарт у бассейна,1,8.2,65.0,5580,Сочи,37.0,2026-09-27 07:53:37.606,,3.6,7.0,,Сочи,октябрь,sochi_october.xlsx,10,1863.0,10-20 км,8-9,10
"переулок Кувшинок, д. 7, корп. 1, Сириус",2026-10-15,2026-10-25,Сириус,Россия,RUB,27.115147,False,False,True,na_kuvshinok_7k1_22_flat,False,True,Apartment,43.41406,39.962517,13390067,,19790.0,1979,Квартира на Кувшинок 7к1 22,Na Kuvshinok 7k1 22 Flat,,,,206.46,19790.0,235.39,RUB,False,,False,nomeal,19790.0,206.46,1979,19790.0,235.39,"Двухместные апартаменты c 1 комнатой с балконом (двуспальная кровать) (кровать queen size, внешняя собственная ванная комната)",1,9.8,2.0,965858884,Сириус,,2026-09-27 07:53:37.606,,,,,Сочи,октябрь,sochi_october.xlsx,10,1979.0,20+ км,9+,10
"Весёлое, улица Мира, д.20В, Сочи",2026-10-15,2026-10-25,Сочи,Россия,RUB,29.803888,False,False,False,alfa_aparthotel_2,False,False,Aparthotel,43.410458,40.00328,10012091,,39111.0,3911,Апарт-отель Альфа,Alfa Apart-Hotel,,,,408.02,39111.0,465.19,RUB,False,,False,nomeal,39111.0,408.02,3911,39111.0,465.19,Апартаменты Standard (двуспальная кровать),1,8.4,8.0,5580,Сочи,15.0,2026-09-27 07:53:37.606,3.0,,,,Сочи,октябрь,sochi_october.xlsx,10,3911.1,20+ км,8-9,10
"улица Кирова, д.95, Сочи",2026-10-15,2026-10-25,Сочи,Россия,RUB,23.894526,True,False,True,mirror_family_4_hotel,True,False,Hotel,43.4286,39.925873,10485615,,51400.0,5140,Отель Mirror Family,Mirror Family Hotel,,,,536.22,51400.0,611.36,RUB,True,2026-10-14T12:00:00Z,False,nomeal,51400.0,536.22,5140,51400.0,611.36,Двухместный номер Стандартный (двуспальная кровать),1,7.8,134.0,5580,Сочи,137.0,2026-09-27 07:53:37.606,4.0,4.0,5.0,,Сочи,октябрь,sochi_october.xlsx,10,5140.0,20+ км,7-8,10
"Морской переулок, д. 1/1Б, Сочи",2027-01-02,2027-01-09,Сочи,Россия,RUB,1.01146,True,True,False,grejs_gorizont_hotel,True,False,Hotel,43.576393,39.723755,9742403,,45310.0,6473,Отель Грейс Горизонт,Grejs Gorizont Hotel,,,1532.0,472.69,45310.0,538.92,RUB,True,2026-12-26T12:00:00Z,True,breakfast,45310.0,472.69,6473,45310.0,538.92,Двухместный номер без окна Стандарт (двуспальная кровать) (без окна),1,9.4,357.0,5580,Сочи,44.0,2026-09-27 07:57:15.171,4.0,,,awarded-hotel,Сочи,январь,sochi_january.xlsx,7,6472.857142857143,0-2 км,9+,10
"улица Северная, 10, Сочи",2027-01-02,2027-01-09,Сочи,Россия,RUB,1.0836848,True,False,False,hotel_central_residence_3_by_provence,True,False,Hotel,43.59488,39.72672,13124554,,34253.0,4893,Отель Централ Резиденс,Central Residence Hotel,,,,357.34,34253.0,407.41,RUB,True,2027-01-01T12:00:00Z,False,nomeal,34253.0,357.34,4893,34253.0,407.41,Номер без окна Стандарт (без окна),1,9.1,363.0,5580,Сочи,46.0,2026-09-27 07:57:15.171,3.0,,,awarded-hotel,Сочи,январь,sochi_january.xlsx,7,4893.285714285715,0-2 км,9+,10
"Первомайская улица, 31А, Сочи",2027-01-02,2027-01-09,Сочи,Россия,RUB,0.47281384,True,True,False,sokol_pansionat_s_lecheniem,True,False,Hotel,43.584106,39.72867,13343374,,58800.0,8400,Отель Пансионат с лечением Сокол,Pansionat s Lecheniem Sokol Hotel,,,,613.42,58800.0,699.38,RUB,True,2027-01-01T11:00:00Z,True,breakfast,58800.0,613.42,8400,58800.0,699.38,Двухместный номер Стандартный с балконом (двуспальная кровать),1,8.7,88.0,5580,Сочи,93.0,2026-09-27 07:57:15.263,3.0,,,awarded-hotel,Сочи,январь,sochi_january.xlsx,7,8400.0,0-2 км,8-9,10
"улица Горького, д. 56с1, Сочи",2027-01-02,2027-01-09,Сочи,Россия,RUB,0.6672323,True,False,False,cosmos_sochi_hotel,True,False,Hotel,43.5906,39.72745,9986868,,40950.0,5850,Cosmos Сочи Отель,Cosmos Sochi Hotel,,,873.0,427.2,40950.0,487.07,RUB,True,2027-01-01T21:00:00Z,False,nomeal,40950.0,427.2,5850,40950.0,487.07,Двухместный номер Стандарт (двуспальная кровать) (тип кровати может измениться),1,9.2,1222.0,5580,Сочи,153.0,2026-09-27 07:57:15.263,4.0,4.3,862.0,awarded-hotel,Сочи,январь,sochi_january.xlsx,7,5850.0,0-2 км,9+,10
"ул.65 лет Победы 50, Адлер",2027-01-02,2027-01-09,Адлер,Россия,RUB,29.419594,True,True,False,the_radisson_collection_paradise_resort_spa,False,False,Resort,43.39464,39.97605,13736470,,193200.0,27600,"Radisson Collection Парадиз СПА, Сочи","Radisson Collection Paradiz SPA, Sochi",,,133.0,2015.53,193200.0,2297.95,RUB,True,2027-01-01T21:00:00Z,True,breakfast,193200.0,2015.53,27600,193200.0,2297.95,Двухместный номер Коллекшн с балконом и с видом на горы (двуспальная кровать),1,9.1,1348.0,299,Адлер,514.0,2026-09-27 07:57:15.263,5.0,4.5,1160.0,awarded-hotel,Сочи,январь,sochi_january.xlsx,7,27600.0,20+ км,9+,10
"Морской переулок, д. 2, Сочи",2027-01-02,2027-01-09,Сочи,Россия,RUB,1.0665239,True,True,False,marins_park_hotel_2,False,False,Hotel,43.5761,39.72589,7467615,,78000.0,11143,Отель City Park Hotel Sochi,City Park Hotel Sochi,,,1738.0,813.72,78000.0,927.74,RUB,True,2027-01-01T12:00:00Z,True,breakfast,78000.0,813.72,11143,78000.0,927.74,Двухместный номер Стандартный (двуспальная кровать),1,8.2,624.0,5580,Сочи,422.0,2026-09-27 07:57:15.263,4.0,,,,Сочи,январь,sochi_january.xlsx,7,11142.857142857143,0-2 км,8-9,10
"Виноградная улица, 101/1, Сочи",2027-01-02,2027-01-09,Сочи,Россия,RUB,3.1446242,True,True,False,hotel_azimut_park_hotel_plyus_rezidens_sochi,True,False,Hotel,43.613544,39.71805,13429040,,60954.0,8708,AZIMUT Парк Отель Виноградная Сочи 4*,AZIMUT Park Hotel Vinogradnaya Sochi 4*,,,,635.89,60954.0,725.0,RUB,True,2026-12-25T21:00:00Z,True,breakfast,60954.0,635.89,8708,60954.0,725.0,Двухместный номер Бизнес с балконом и с видом на горы (2 отдельные кровати),1,9.1,39.0,5580,Сочи,296.0,2026-09-27 07:57:15.263,4.0,,,,Сочи,январь,sochi_january.xlsx,7,8707.714285714286,2-5 км,9+,10
"улица Грибоедова, д.18/1, Сочи",2027-01-02,2027-01-09,Сочи,Россия,RUB,1.4365531,True,False,False,black_sea_sochi_guest_house,False,False,Guesthouse,43.577038,39.73662,8747669,,24500.0,3500,Гостевой Дом Black Sea Sochi,Black Sea Sochi Guest House,,,,255.59,24500.0,291.41,RUB,True,2027-01-01T11:00:00Z,False,nomeal,24500.0,255.59,3500,24500.0,291.41,Двухместный номер Standard (2 отдельные кровати),1,8.7,333.0,5580,Сочи,,2026-09-27 07:57:15.263,,,,,Сочи,январь,sochi_january.xlsx,7,3500.0,0-2 км,8-9,7
"Цветной бульвар, д. 5, помещ. 2, Сочи",2027-01-02,2027-01-09,Сочи,Россия,RUB,1.2746876,False,False,False,tsvetnoj_5_minihotel,False,False,Hotel,43.596924,39.721947,8660645,,27160.0,3880,Отель Цветной 5,Tsvetnoj 5 Hotel,,,,283.34,27160.0,323.04,RUB,False,,False,nomeal,27160.0,283.34,3880,27160.0,323.04,Двухместный номер Standard (двуспальная кровать),1,9.0,198.0,5580,Сочи,23.0,2026-09-27 07:57:15.264,3.0,,,awarded-hotel,Сочи,январь,sochi_january.xlsx,7,3880.0,0-2 км,8-9,10
"Костромская улица, д. 79/1, Сочи",2027-01-02,2027-01-09,Сочи,Россия,RUB,23.670263,False,False,False,grand_aero_aparthotel,True,False,Guesthouse,43.45426,39.954514,10210406,,20442.5,2920,Гостевой Дом Гранд Аеро,Grand Aero Guest House,,,,213.26,20442.5,243.15,RUB,False,,False,nomeal,20442.5,213.26,2920,20442.5,243.15,Двухместный полулюкс (двуспальная кровать),1,9.1,157.0,5580,Сочи,73.0,2026-09-27 07:57:15.264,,,,,Сочи,январь,sochi_january.xlsx,7,2920.3571428571427,20+ км,9+,6
"улица Просвещения, д.70, Сочи",2027-01-02,2027-01-09,Сочи,Россия,RUB,23.520489,True,True,False,el_paraiso_hotel_,True,False,Hotel,43.42598,39.914955,6496437,,73945.0,10564,Отель Грейс Эль Параисо,Grace El Paraiso Hotel,,,1532.0,771.42,73945.0,879.51,RUB,True,2026-12-26T12:00:00Z,True,breakfast,73945.0,771.42,10564,73945.0,879.51,Двухместный номер Стандартный с балконом (двуспальная кровать),1,9.2,150.0,5580,Сочи,100.0,2026-09-27 07:57:15.264,4.0,,,awarded-hotel,Сочи,январь,sochi_january.xlsx,7,10563.57142857143,20+ км,9+,10
"улица 65 лет Победы, д. 67, Сириус",2027-01-02,2027-01-09,Сириус,Россия,RUB,29.507256,True,False,True,mio_apartments,True,False,Hotel,43.39514,39.97833,9769189,,54000.0,7714,Отель Комплекс апартаментов МИО,Kompleks apartamentov MIO Hotel,,,,563.35,54000.0,642.28,RUB,True,2026-12-31T12:00:00Z,False,nomeal,54000.0,563.35,7714,54000.0,642.28,Для 3 гостей апартаменты c 1 комнатой с видом на горы (кухня),1,8.6,97.0,965858884,Сириус,34.0,2026-09-27 07:57:15.264,1.0,,,,Сочи,январь,sochi_january.xlsx,7,7714.285714285715,20+ км,8-9,10
"улица Депутатская, д. 14, Сочи",2027-01-02,2027-01-09,Сочи,Россия,RUB,1.812853,True,True,False,ranovsky_park,True,False,Hotel,43.574238,39.739426,9987582,,71022.0,10146,Отель Рановский парк,Ranovsky Park Hotel,,,,740.93,71022.0,844.75,RUB,True,2027-01-01T12:00:00Z,True,breakfast,71022.0,740.93,10146,71022.0,844.75,Двухместный номер Стандарт бюджетный (двуспальная кровать),1,8.4,148.0,5580,Сочи,19.0,2026-09-27 07:57:15.264,4.0,,,,Сочи,январь,sochi_january.xlsx,7,10146.0,0-2 км,8-9,10
"г Сочи, р-н Хостинский, ул Учительская, д. 5, Сочи",2027-01-02,2027-01-09,Сочи,Россия,RUB,1.6825258,True,False,True,klub_otelya_mirror,True,False,Hotel,43.573135,39.735207,13674260,,50714.0,7245,Отель Клуб Отеля Миррор,Klub Otelya Mirror,,,,529.07,50714.0,603.2,RUB,True,2027-01-02T12:00:00Z,False,nomeal,50714.0,529.07,7245,50714.0,603.2,Двухместные апартаменты Делюкс без окна Цокольный этаж (двуспальная кровать и диван) (без окна),1,9.0,52.0,5580,Сочи,15.0,2026-09-27 07:57:15.264,,,,,Сочи,январь,sochi_january.xlsx,7,7244.857142857143,0-2 км,8-9,10
"ulitsa Gagarina 5, Сочи",2027-01-02,2027-01-09,Сочи,Россия,RUB,1.077455,True,True,False,otel_zvezdnyi_gsochi,True,False,Hotel,43.59497,39.720345,8310146,,104500.0,14929, Отель Звёздный Wellness & Spa,Zvezdnyij Wellness & Spa,,,,1090.18,104500.0,1242.94,RUB,True,2027-01-01T21:00:00Z,True,breakfast,104500.0,1090.18,14929,104500.0,1242.94,Двухместный номер Стандартный с балконом (двуспальная кровать),1,9.0,487.0,5580,Сочи,122.0,2026-09-27 07:57:15.264,4.0,3.9,241.0,,Сочи,январь,sochi_january.xlsx,7,14928.57142857143,0-2 км,8-9,10
"улица Театральная, 4/6, Сочи",2027-01-02,2027-01-09,Сочи,Россия,RUB,1.6270132,True,False,False,guest_house_archotel,False,False,Guesthouse,43.5724,39.73218,8729065,,27706.0,3958,Гостевой дом Four Rooms,Four Rooms Guest House,,,,289.04,27706.0,329.54,RUB,True,2027-01-01T11:00:00Z,False,nomeal,27706.0,289.04,3958,27706.0,329.54,Двухместный номер Superior с балконом и с красивым видом из окна (двуспальная кровать) (кровать queen size),1,7.7,97.0,5580,Сочи,,2026-09-27 07:57:15.264,,,,,Сочи,январь,sochi_january.xlsx,7,3958.0,0-2 км,7-8,10
"Олимпийский проспект, д.21, Сириус",2027-01-02,2027-01-09,Сириус,Россия,RUB,27.996342,True,True,True,gostinichnyi_kompleks_bogatyr,True,False,Hotel,43.40364,39.963497,6497279,,127585.0,18226,Гостиничный комплекс Богатырь,Bogatyr Hotel — Includes Sochi Park Tickets,,,1832.0,1331.01,127585.0,1517.51,RUB,True,2027-01-01T12:00:00Z,True,breakfast,127585.0,1331.01,18226,127585.0,1517.51,"Двухместный номер для маломобильных гостей в Рыцарском корпусе Стандарт (билеты в Сочи Парк включены) (двуспальная кровать) (Доступ в парк, для гостей с ограниченными возможностями)",1,9.1,1133.0,965858884,Сириус,285.0,2026-09-27 07:57:15.264,4.0,4.4,939.0,,Сочи,январь,sochi_january.xlsx,7,18226.428571428572,20+ км,9+,10
"улица Ленинградская, д.7А, Сочи",2027-01-02,2027-01-09,Сочи,Россия,RUB,9.395621,True,True,False,hotel_le_rond_sochi_resort_spa,True,False,Hotel,43.6559,39.65845,10014538,,81770.0,11681,Отель Cosmos Stay Le Rond Сочи,Cosmos Stay Le Rond Sochi Hotel,,,873.0,853.05,81770.0,972.58,RUB,True,2027-01-01T12:00:00Z,True,breakfast,81770.0,853.05,11681,81770.0,972.58,"Двухместная студия с французским балконом с видом на патио (двуспальная кровать) (тип кровати может измениться, французский балкон)",1,9.0,250.0,5580,Сочи,394.0,2026-09-27 07:57:15.264,4.0,,,awarded-hotel,Сочи,январь,sochi_january.xlsx,7,11681.42857142857,5-10 км,8-9,10
"улица Советская, д.42, Сочи",2027-01-02,2027-01-09,Сочи,Россия,RUB,0.18978913,True,False,False,manhattan_hotel_19,True,False,Hotel,43.586666,39.72481,13746290,,46252.0,6607,Отель Манхэттен,Manhattan Hotel,,,,482.52,46252.0,550.13,RUB,True,2027-01-01T21:00:00Z,False,nomeal,46252.0,482.52,6607,46252.0,550.13,Двухместный номер Стандарт бюджетный без окна (двуспальная кровать) (без окна),1,9.0,80.0,5580,Сочи,67.0,2026-09-27 07:57:15.265,3.0,,,,Сочи,январь,sochi_january.xlsx,7,6607.428571428572,0-2 км,8-9,10
"улица Черноморская, д. 6, Сочи",2027-01-02,2027-01-09,Сочи,Россия,RUB,1.9299929,True,False,True,apartamentyi_alfa_v_zhk_marina_park,True,False,Hotel,43.569946,39.733826,9995282,,48712.0,6959,Альфа Апартаменты,Alpha Apartments,,,,508.18,48712.0,579.39,RUB,True,2026-12-25T04:00:00Z,False,nomeal,48712.0,508.18,6959,48712.0,579.39,Номер 0616 с балконом (двуспальная кровать и диван),1,8.9,260.0,5580,Сочи,63.0,2026-09-27 07:57:15.265,,,,awarded-hotel,Сочи,январь,sochi_january.xlsx,7,6958.857142857143,0-2 км,8-9,10
"улица Ленина, д.56, Сочи",2027-01-02,2027-01-09,Сочи,Россия,RUB,23.30225,True,False,False,avsteria_guest_house,True,False,Guesthouse,43.430622,39.918068,13290695,,23691.0,3384,Гостевой дом Австерия,Avsteriya Guest House,,,,247.15,23691.0,281.78,RUB,True,2026-12-19T11:00:00Z,False,nomeal,23691.0,247.15,3384,23691.0,281.78,Двухместный номер Standard (2 отдельные кровати),1,8.5,134.0,5580,Сочи,28.0,2026-09-27 07:57:17.564,,,,,Сочи,январь,sochi_january.xlsx,7,3384.4285714285716,20+ км,8-9,10
"проспект Континентальный, 6, Сириус",2027-01-02,2027-01-09,Сириус,Россия,RUB,28.759169,True,True,False,hotel_sochi_park_hotel_2,True,False,Hotel,43.403206,39.976383,10479044,,62941.0,8992,Отель Сочи Парк Отель,Hotel Sochi Park Hotel,,,1832.0,656.62,62941.0,748.63,RUB,True,2027-01-01T09:00:00Z,True,breakfast,62941.0,656.62,8992,62941.0,748.63,Четырёхместный номер Стандарт с балконом (2 двухъярусные кровати),1,8.3,5673.0,965858884,Сириус,2418.0,2026-09-27 07:57:17.564,3.0,3.8,5038.0,,Сочи,январь,sochi_january.xlsx,7,8991.57142857143,20+ км,8-9,10
"ул. Голубая, д. 1а, Сириус",2027-01-02,2027-01-09,Сириус,Россия,RUB,26.128433,True,True,False,mantera_resort_congress,True,False,Hotel,43.409676,39.938362,11201577,,138960.0,19851,"Mantera Resort & Congress, Сочи","Mantera Resort & Congress, Sochi",,,1832.0,1449.68,138960.0,1652.81,RUB,True,2027-01-01T12:00:00Z,True,breakfast,138960.0,1449.68,19851,138960.0,1652.81,"Двухместный номер Стандарт для маломобильных гостей с балконом и с видом на море (двуспальная кровать) (тип кровати может измениться, для гостей с ограниченными возможностями)",1,9.1,2171.0,965858884,Сириус,508.0,2026-09-27 07:57:17.564,5.0,4.5,1740.0,awarded-hotel,Сочи,январь,sochi_january.xlsx,7,19851.428571428572,20+ км,9+,10
"улица Ленина, д.219/34, Сочи",2027-01-02,2027-01-09,Сочи,Россия,RUB,19.387678,True,True,False,portobello_sochi_hotel,False,False,Hotel,43.466393,39.89897,9078379,,36400.0,5200,Отель Портобелло Сочи,Portobello Sochi Hotel,,,,379.74,36400.0,432.95,RUB,True,2027-01-01T11:00:00Z,True,breakfast,36400.0,379.74,5200,36400.0,432.95,Двухместный номер Standard с красивым видом из окна (2 отдельные кровати),1,9.1,396.0,5580,Сочи,81.0,2026-09-27 07:57:17.564,3.0,4.6,242.0,awarded-hotel,Сочи,январь,sochi_january.xlsx,7,5200.0,10-20 км,9+,10
"улица Горького, д.39, Сочи",2027-01-02,2027-01-09,Сочи,Россия,RUB,0.35555267,True,False,False,maksim_gorkij_sochi_hotel,True,False,Hotel,43.58791,39.72599,9081362,,28000.0,4000,Отель Максим Горький,Maksim Gor'kij Hotel,,,,292.11,28000.0,333.04,RUB,True,2026-12-31T13:00:00Z,False,nomeal,28000.0,292.11,4000,28000.0,333.04,Двухместный номер без окна Economy (двуспальная кровать) (без окна),1,8.8,274.0,5580,Сочи,9.0,2026-09-27 07:57:17.564,,4.3,3.0,,Сочи,январь,sochi_january.xlsx,7,4000.0,0-2 км,8-9,6
"улица Волжская, 18/16, Сочи",2027-01-02,2027-01-09,Сочи,Россия,RUB,4.879898,True,True,False,coocoorooza_pansionat,False,False,Hotel,43.62484,39.6962,8869683,,30300.0,4329,Курортный Отель COOCOOROOZA,COOCOOROOZA  Hotel,,,,316.1,30300.0,360.39,RUB,True,2027-01-01T21:00:00Z,True,breakfast,30300.0,316.1,4329,30300.0,360.39,Двухместный номер (1 этаж) Стандарт с видом на море (2 отдельные кровати),1,9.1,218.0,5580,Сочи,50.0,2026-09-27 07:57:17.564,3.0,4.1,41.0,,Сочи,январь,sochi_january.xlsx,7,4328.571428571428,2-5 км,9+,10
"улица Орджоникидзе, д. 8А, Сочи",2027-01-02,2027-01-09,Сочи,Россия,RUB,0.8422026,True,False,True,8avenue_hotel,True,False,Hotel,43.578114,39.72555,10595288,,60552.0,8650,Отель 8Авеню 4* by Provence,8Avenue Hotel by Provence,,,1785.0,631.7,60552.0,720.21,RUB,True,2026-12-30T09:00:00Z,False,nomeal,60552.0,631.7,8650,60552.0,720.21,Двухместный номер Эконом (двуспальная кровать),1,9.2,285.0,5580,Сочи,52.0,2026-09-27 07:57:17.564,4.0,4.3,35.0,awarded-hotel,Сочи,январь,sochi_january.xlsx,7,8650.285714285714,0-2 км,9+,8
"улица Пластунская, д.44 А, Сочи",2027-01-02,2027-01-09,Сочи,Россия,RUB,2.1258097,True,True,True,otel_marianna,True,False,Hotel,43.602448,39.73532,8167091,,29029.0,4147,Отель Марианна,Marianna Hotel,,,,302.84,29029.0,345.28,RUB,True,2026-12-30T11:00:00Z,True,breakfast,29029.0,302.84,4147,29029.0,345.28,Двухместный номер Стандарт мансардный (двуспальная кровать),1,8.3,275.0,5580,Сочи,49.0,2026-09-27 07:57:17.564,,4.1,77.0,,Сочи,январь,sochi_january.xlsx,7,4147.0,2-5 км,8-9,10
"р-н Лазаревский, ул Лучезарная, д. 1А, Сочи",2027-01-02,2027-01-09,Сочи,Россия,RUB,12.875788,True,False,False,luchezarnyij_rezort_aparthotel,True,False,Resort,43.667095,39.609474,9252647,,57475.0,8211,Отель курортный Лучезарный Резорт,Luchezarny Rezort Resort Hotel,,,,599.6,57475.0,683.62,RUB,True,2027-01-01T21:00:00Z,False,nomeal,57475.0,599.6,8211,57475.0,683.62,Двухместная студия (двуспальная кровать),1,9.0,116.0,5580,Сочи,79.0,2026-09-27 07:57:17.564,4.0,,,,Сочи,январь,sochi_january.xlsx,7,8210.714285714286,10-20 км,8-9,10
"354349, Краснодарский край, ФТ Сириус, пгт. Сириус, ул. Фигурная, д. 45, Сириус",2027-01-02,2027-01-09,Сириус,Россия,RUB,30.520052,True,True,False,bridge_resort,False,False,Resort,43.39038,39.989567,7904998,,99366.0,14195,Гостиничный комплекс Bridge Resort,Bridge Resort Hotel,,,,1036.62,99366.0,1181.87,RUB,True,2026-12-31T21:00:00Z,True,breakfast,99366.0,1036.62,14195,99366.0,1181.87,Двухместный номер Стандарт (типовой корпус) (двуспальная кровать) (тип кровати может измениться),1,9.0,180.0,965858884,Сириус,690.0,2026-09-27 07:57:17.564,4.0,,,,Сочи,январь,sochi_january.xlsx,7,14195.142857142857,20+ км,8-9,10
"9 Мая улица, д.40/4, Сочи",2027-01-02,2027-01-09,Сочи,Россия,RUB,11.871129,True,False,True,astra_giardini_relax_aparthotel,True,False,Aparthotel,43.674553,39.641613,11347794,,40456.0,5779,Апарт-отель Астра Джиардини Релакс,Astra Giardini Relax Apart-hotel,,,,422.05,40456.0,481.19,RUB,True,2027-01-01T12:00:00Z,False,nomeal,40456.0,422.05,5779,40456.0,481.19,Двухместные апартаменты Standard с видом на внутренний двор (двуспальная кровать),1,8.7,30.0,5580,Сочи,100.0,2026-09-27 07:57:17.565,4.0,,,awarded-hotel,Сочи,январь,sochi_january.xlsx,7,5779.428571428572,10-20 км,8-9,10
"улица Комсомольская, д. 1, Сочи",2027-01-02,2027-01-09,Сочи,Россия,RUB,1.591928,True,True,False,zhemchug_hotel_,True,False,Hotel,43.572876,39.732502,7656521,,65678.0,9383,Отель «Жемчуг»,Zhemchug Hotel,,,,685.18,65678.0,781.18,RUB,True,2026-12-26T11:00:00Z,True,breakfast,65678.0,685.18,9383,65678.0,781.18,Двухместный номер Стандарт (двуспальная кровать),1,9.0,209.0,5580,Сочи,26.0,2026-09-27 07:57:17.565,3.0,4.1,33.0,,Сочи,январь,sochi_january.xlsx,7,9382.57142857143,0-2 км,8-9,10
"улица Гагарина, д.11/1, Сочи",2027-01-02,2027-01-09,Сочи,Россия,RUB,1.307257,True,False,True,hotel_maro_2,True,False,Hotel,43.597088,39.72044,9290824,,38082.0,5440,Отель Маро,Maro Hotel,,,,397.28,38082.0,452.95,RUB,True,2026-12-31T21:00:00Z,False,nomeal,38082.0,397.28,5440,38082.0,452.95,Двухместный номер Economy (2 отдельные кровати),1,8.9,85.0,5580,Сочи,12.0,2026-09-27 07:57:17.565,,,,,Сочи,январь,sochi_january.xlsx,7,5440.285714285715,0-2 км,8-9,10
"переулок Горького, д.16, Сочи",2027-01-02,2027-01-09,Сочи,Россия,RUB,0.40259025,True,False,False,otel_denart,True,False,Hotel,43.585423,39.72811,8285566,,52448.0,7493,Отель Денарт,Denart Hotel,,,,547.16,52448.0,623.82,RUB,True,2026-12-31T21:00:00Z,False,nomeal,52448.0,547.16,7493,52448.0,623.82,Двухместный номер Стандартный с видом на город (двуспальная кровать),1,8.8,413.0,5580,Сочи,69.0,2026-09-27 07:57:17.565,4.0,,,,Сочи,январь,sochi_january.xlsx,7,7492.571428571428,0-2 км,8-9,10
"улица Нижнеимеретинская, д.161A, Сириус",2027-01-02,2027-01-09,Сириус,Россия,RUB,29.044313,False,False,False,kavkaz_hotel,True,False,Hotel,43.396416,39.971878,7813964,,35658.0,5094,Отель Кавказ,Kavkaz Hotel,,,,372.0,35658.0,424.12,RUB,False,,False,nomeal,35658.0,372.0,5094,35658.0,424.12,Двухместный номер Стандарт Эконом (двуспальная кровать),1,7.9,248.0,965858884,Сириус,51.0,2026-09-27 07:57:17.565,,3.2,79.0,,Сочи,январь,sochi_january.xlsx,7,5094.0,20+ км,7-8,10
"улица Бытха, д.4/10А, Сочи",2027-01-02,2027-01-09,Сочи,Россия,RUB,3.4046926,True,False,True,atlantis_aparthotel,True,False,Hotel,43.566273,39.756058,13668788,,37363.0,5338,Отель Атлантис,Atlantis Hotel,,,,389.78,37363.0,444.4,RUB,True,2026-12-25T11:30:00Z,False,nomeal,37363.0,389.78,5338,37363.0,444.4,Апартаменты с видом на внутренний двор (двуспальная кровать) (кресло-кровать),1,8.6,29.0,5580,Сочи,32.0,2026-09-27 07:57:17.565,,,,,Сочи,январь,sochi_january.xlsx,7,5337.571428571428,2-5 км,8-9,10
"улица Чкалова, д.1А, Сочи",2027-01-02,2027-01-09,Сочи,Россия,RUB,18.655636,True,False,True,mio_hotel,True,False,Hotel,43.474182,39.896473,8851845,,35093.0,5013,Отель Мио,Mio Hotel,,,,366.1,35093.0,417.4,RUB,True,2026-12-26T10:30:00Z,False,nomeal,35093.0,366.1,5013,35093.0,417.4,Двухместный номер Deluxe (двуспальная кровать) (кровать king size),1,8.8,162.0,5580,Сочи,26.0,2026-09-27 07:57:17.565,3.0,,,,Сочи,январь,sochi_january.xlsx,7,5013.285714285715,10-20 км,8-9,10
"Гвардейская улица, д. 13/1, Сочи",2027-01-02,2027-01-09,Сочи,Россия,RUB,23.978422,False,False,False,inessa_guest_house_2,True,False,Guesthouse,43.423687,39.919964,10850262,,19796.5,2828,Гостевой Дом Инесса,Inessa Guest house,,,,206.52,19796.5,235.46,RUB,False,,False,nomeal,19796.5,206.52,2828,19796.5,235.46,Двухместный номер Comfort с балконом (двуспальная кровать),1,9.0,71.0,5580,Сочи,25.0,2026-09-27 07:57:17.565,,3.6,7.0,,Сочи,январь,sochi_january.xlsx,7,2828.0714285714284,20+ км,8-9,6
"р-н Хостинский внутригородской, ул Учительская, д. 5, помещ. 13, Сочи",2027-01-02,2027-01-09,Сочи,Россия,RUB,1.6825258,True,False,True,polulyuks_na_uchitelskoy_5_uk_voznesenskiy_apartments,True,False,Hostel,43.573135,39.735207,13752636,,45006.0,6429,Жилое помещение Зеркальное Сияние,Zerkalnoe Siyanie Lodging House,,,,469.52,45006.0,535.31,RUB,True,2026-12-23T12:00:00Z,False,nomeal,45006.0,469.52,6429,45006.0,535.31,Двухместный номер Comfort (двуспальная кровать),1,9.5,40.0,5580,Сочи,,2026-09-27 07:57:17.565,,,,,Сочи,январь,sochi_january.xlsx,7,6429.428571428572,0-2 км,9+,10
"р-н Хостинский, проспект Курортный, д. 84а, Сочи",2027-01-02,2027-01-09,Сочи,Россия,RUB,2.944495,True,False,False,prospekt_hotel_2,True,False,Hotel,43.565735,39.747498,11198483,,38754.0,5536,Отель Проспект,Prospekt Hotel,,,,404.3,38754.0,460.95,RUB,True,2026-12-30T21:00:00Z,False,nomeal,38754.0,404.3,5536,38754.0,460.95,Двухместный номер Стандарт эконом без окна (двуспальная кровать) (без окна),1,8.2,225.0,5580,Сочи,44.0,2026-09-27 07:57:17.565,3.0,,,,Сочи,январь,sochi_january.xlsx,7,5536.285714285715,2-5 км,8-9,10
"переулок Горный, д. 1/1, Сочи",2027-01-02,2027-01-09,Сочи,Россия,RUB,1.0502951,True,True,False,grace_nairi,True,False,Hotel,43.57869,39.73218,10441489,,58921.0,8417,Грейс Наири,Greys Nairi,,,1532.0,614.68,58921.0,700.81,RUB,True,2026-12-26T11:00:00Z,True,breakfast,58921.0,614.68,8417,58921.0,700.81,Двухместный номер (2 корпус) Стандарт с балконом (двуспальная кровать),1,9.2,420.0,5580,Сочи,45.0,2026-09-27 07:57:21.164,,,,awarded-hotel,Сочи,январь,sochi_january.xlsx,7,8417.285714285714,0-2 км,9+,10
"ул. Коммунальная 41/А стр. 1, Сочи",2027-01-02,2027-01-09,Сочи,Россия,RUB,3.3162124,True,False,False,garden_hills_hotel,True,False,Hotel,43.568768,39.757236,8753372,,28710.0,4101,Отель Гарден Хиллс Hotel by Provence,Garden Khills Hotel by Provence Hotel,,,1785.0,299.51,28710.0,341.48,RUB,True,2027-01-01T12:00:00Z,False,nomeal,28710.0,299.51,4101,28710.0,341.48,Двухместный номер Эконом (2 отдельные кровати),1,8.3,210.0,5580,Сочи,148.0,2026-09-27 07:57:21.164,3.0,,,,Сочи,январь,sochi_january.xlsx,7,4101.428571428572,2-5 км,8-9,10
"ул. Просвещения, 118б/2, Сочи",2027-01-02,2027-01-09,Сочи,Россия,RUB,21.354546,True,False,True,cosmos_adler_4_hotel_2,True,False,Hotel,43.44511,39.9041,11323735,,40950.0,5850,Cosmos Адлер Отель,Cosmos Adler Hotel,,,873.0,427.2,40950.0,487.07,RUB,True,2027-01-01T21:00:00Z,False,nomeal,40950.0,427.2,5850,40950.0,487.07,Двухместный номер Standard (2 отдельные кровати) (тип кровати может измениться),1,9.4,207.0,5580,Сочи,98.0,2026-09-27 07:57:21.165,4.0,,,awarded-hotel,Сочи,январь,sochi_january.xlsx,7,5850.0,20+ км,9+,10
"улица Голубая, д.1б/1, Сириус",2027-01-02,2027-01-09,Сириус,Россия,RUB,25.783669,True,False,True,apartamentyi_v_imeretinskom_2,True,False,Apartment,43.411705,39.935074,10000766,,58876.0,8411,Апартаменты в Имеретинском,V Imeretinskom Apartments,,,,614.22,58876.0,700.28,RUB,True,2026-12-26T12:00:00Z,False,nomeal,58876.0,614.22,8411,58876.0,700.28,Двухместные апартаменты Superior с балконом и с видом на море (двуспальная кровать и диван),1,8.3,35.0,965858884,Сириус,,2026-09-27 07:57:21.165,,,,,Сочи,январь,sochi_january.xlsx,7,8410.857142857143,20+ км,8-9,10
"улица Орджоникидзе, д.11 А, Сочи",2027-01-02,2027-01-09,Сочи,Россия,RUB,0.9315816,True,False,False,hotel_pullman_sochi_centre_2,False,False,Hotel,43.57716,39.72449,8036142,,150067.5,21438,Отель Pullman Sochi Center,Pullman Sochi Center Hotel,,,72.0,1565.56,150067.5,1784.92,RUB,True,2027-01-01T21:00:00Z,False,nomeal,150067.5,1565.56,21438,150067.5,1784.92,Двухместный номер Супериор с видом на город (двуспальная кровать) (кровать king size),1,9.3,920.0,5580,Сочи,151.0,2026-09-27 07:57:21.165,5.0,4.6,859.0,awarded-hotel,Сочи,январь,sochi_january.xlsx,7,21438.214285714286,0-2 км,9+,10
"улица Чайковского, д. 7/2, Сочи",2027-01-02,2027-01-09,Сочи,Россия,RUB,1.2939792,True,False,True,chaykovskiy_hotel,False,False,Hotel,43.597126,39.72344,10460734,,41930.0,5990,Отель Чайковский,Chaykovskiy Hotel,,,,437.43,41930.0,498.72,RUB,True,2027-01-01T21:00:00Z,False,nomeal,41930.0,437.43,5990,41930.0,498.72,Двухместный номер Стандарт без окна (двуспальная кровать) (без окна),1,8.2,96.0,5580,Сочи,35.0,2026-09-27 07:57:21.165,3.0,4.0,4.0,,Сочи,январь,sochi_january.xlsx,7,5990.0,0-2 км,8-9,10
"улица Демократическая, д.6/9, Сочи",2027-01-02,2027-01-09,Сочи,Россия,RUB,24.35299,True,True,False,greys_global_kongress_spa_hotel_2,True,False,Hotel,43.420547,39.922073,11303583,,101361.0,14480,Отель Грейс Глобал,Greys Global Hotel,,,1532.0,1057.43,101361.0,1205.6,RUB,True,2026-12-26T12:00:00Z,True,breakfast,101361.0,1057.43,14480,101361.0,1205.6,Номер Стандарт (двуспальная кровать) (кресло-кровать),1,9.2,232.0,5580,Сочи,35.0,2026-09-27 07:57:21.165,4.0,,,,Сочи,январь,sochi_january.xlsx,7,14480.142857142857,20+ км,9+,10
"район Хостинский, улица Метелева, д. 1, Сочи",2027-01-02,2027-01-09,Сочи,Россия,RUB,2.578991,True,False,True,alfa_metelyova_apartments,True,False,Hotel,43.575916,39.7523,10005435,,24901.0,3557,Альфа Апартаменты Метелева,Alfa Apartments Metelev,,,,259.78,24901.0,296.18,RUB,True,2026-12-31T21:00:00Z,False,nomeal,24901.0,259.78,3557,24901.0,296.18,Двухместная 0117: Каюта 17 (двуспальная кровать) (кабинка),1,8.9,199.0,5580,Сочи,20.0,2026-09-27 07:57:21.165,,,,,Сочи,январь,sochi_january.xlsx,7,3557.285714285714,2-5 км,8-9,10
"улица Первомайская, д.19, помещ. 6, Сочи",2027-01-02,2027-01-09,Сочи,Россия,RUB,0.30841023,True,False,False,khostel_veryhostel_tot_samyi_khostel,False,False,Hotel,43.583755,39.72611,8050974,,31469.0,4496,Отель Very Hotel,Very Hotel Hotel,,,,328.3,31469.0,374.3,RUB,True,2027-01-01T21:00:00Z,False,nomeal,31469.0,328.3,4496,31469.0,374.3,Капсула Классик (двуспальная кровать) (без окна),1,8.2,169.0,5580,Сочи,23.0,2026-09-27 07:57:21.165,,4.0,48.0,,Сочи,январь,sochi_january.xlsx,7,4495.571428571428,0-2 км,8-9,10
"ул. Черноморская, 4, Сочи",2027-01-02,2027-01-09,Сочи,Россия,RUB,1.9868071,True,False,False,hotel_vereschaginskaya_dacha_by_provence,True,False,Boutique_and_Design,43.569443,39.734013,11254582,,77781.0,11112,Бутик-отель Верещагинская Дача by Provence,Boutique Hotel Vereschaginskaya Dacha By Provence,,,,811.44,77781.0,925.14,RUB,True,2027-01-01T11:30:00Z,False,nomeal,77781.0,811.44,11112,77781.0,925.14,Двухместный номер Superior (двуспальная кровать),1,8.4,39.0,5580,Сочи,14.0,2026-09-27 07:57:21.165,5.0,,,,Сочи,январь,sochi_january.xlsx,7,11111.57142857143,0-2 км,8-9,10
"улица Гастелло, д. 24, Сочи",2027-01-02,2027-01-09,Сочи,Россия,RUB,21.890776,True,False,False,grey_khaus_apartments_2,True,True,Apartment,43.44476,39.913216,13369719,,35622.0,5089,Апартаменты Грей Хаус,Grey Khaus Apartments,,,,371.62,35622.0,423.69,RUB,True,2026-12-26T11:00:00Z,False,nomeal,35622.0,371.62,5089,35622.0,423.69,Двухместные апартаменты с балконом (двуспальная кровать),1,9.6,107.0,5580,Сочи,,2026-09-27 07:57:21.165,,,,,Сочи,январь,sochi_january.xlsx,7,5088.857142857143,20+ км,9+,10
"ул Навагинская д.14, Сочи",2027-01-02,2027-01-09,Сочи,Россия,RUB,0.2502034,True,False,True,sochi_galereia_park,False,False,Hotel,43.58747,39.72457,9763356,,45214.0,6459,Отель Сочи Галерея Парк,Sochi Galereya Park Hotel,,,,471.69,45214.0,537.78,RUB,True,2026-12-28T12:00:00Z,False,nomeal,45214.0,471.69,6459,45214.0,537.78,Двухместный номер без окна (двуспальная кровать) (без окна),1,8.4,210.0,5580,Сочи,30.0,2026-09-27 07:57:21.165,3.0,4.5,60.0,,Сочи,январь,sochi_january.xlsx,7,6459.142857142857,0-2 км,8-9,10
"улица Бамбуковая, 14 А, Сочи",2027-01-02,2027-01-09,Сочи,Россия,RUB,3.104667,True,False,False,apartotel_rezidentsiya_kaskad,True,False,Hotel,43.612434,39.712936,11227720,,28765.0,4109,Отель Резиденция Каскад,Hotel Rezidentsiya Kaskad,,,,300.09,28765.0,342.13,RUB,True,2026-12-26T09:00:00Z,False,nomeal,28765.0,300.09,4109,28765.0,342.13,Двухместный номер Стандартный (двуспальная кровать),1,8.7,120.0,5580,Сочи,22.0,2026-09-27 07:57:21.166,3.0,,,,Сочи,январь,sochi_january.xlsx,7,4109.285714285715,2-5 км,8-9,10
"улица Черноморская, д.4, Сочи",2027-01-02,2027-01-09,Сочи,Россия,RUB,2.058053,True,False,True,sea_galaxy_congress__spa_hotel,False,False,Resort,43.569218,39.735336,7927299,,60607.0,8658,Sea Galaxy Hotel Congress & Spa,Sea Galaxy Congress & Spa Hotel,,,,632.27,60607.0,720.87,RUB,True,2027-01-01T21:00:00Z,False,nomeal,60607.0,632.27,8658,60607.0,720.87,Двухместный номер Стандарт с балконом и с красивым видом из окна (двуспальная кровать),1,9.2,354.0,5580,Сочи,341.0,2026-09-27 07:57:21.166,4.0,,,,Сочи,январь,sochi_january.xlsx,7,8658.142857142857,2-5 км,9+,10
"Курортный проспект, д.108 А, Сочи",2027-01-02,2027-01-09,Сочи,Россия,RUB,5.6156907,True,False,True,otel_green_club,True,False,Guesthouse,43.55346,39.77707,8099769,,27300.0,3900,Гостевой дом Грин Клаб,Grin Club Guest House,,,,284.8,27300.0,324.71,RUB,True,2026-12-30T12:00:00Z,False,nomeal,27300.0,284.8,3900,27300.0,324.71,Двухместный номер Standard (2 отдельные кровати),1,9.1,215.0,5580,Сочи,28.0,2026-09-27 07:57:21.166,,4.1,34.0,,Сочи,январь,sochi_january.xlsx,7,3900.0,5-10 км,9+,10
"улица Учительская, д. 5, Сочи",2027-01-02,2027-01-09,Сочи,Россия,RUB,1.6825258,True,False,True,apartamenty_krasnodar_aparts_v_apartotele_mirror_apartments,True,True,Apartment,43.573135,39.735207,10948048,,100426.0,14347,Апартаменты у моря рядом с Сочинским парком,U Morya ryadom s Sochinskim Parkom Apartments,,,,1047.68,100426.0,1194.48,RUB,True,2026-12-19T12:00:00Z,False,nomeal,100426.0,1047.68,14347,100426.0,1194.48,Двухместные апартаменты Standard (двуспальная кровать и диван),1,9.6,22.0,5580,Сочи,,2026-09-27 07:57:21.166,,,,,Сочи,январь,sochi_january.xlsx,7,14346.57142857143,0-2 км,9+,10
"улица Кирова, д.23, Сочи",2027-01-02,2027-01-09,Сочи,Россия,RUB,24.09545,False,False,False,sea_star_apart_adler_apartments,True,False,Hotel,43.423145,39.92131,8877049,,38266.0,5467,Отель Морская Звезда Адлер,Morskaya Zvezda Adler Hotel,,,,399.2,38266.0,455.14,RUB,False,,False,nomeal,38266.0,399.2,5467,38266.0,455.14,Двухместный номер Standard (двуспальная кровать),1,8.8,171.0,5580,Сочи,19.0,2026-09-27 07:57:21.166,,3.0,9.0,,Сочи,январь,sochi_january.xlsx,7,5466.571428571428,20+ км,8-9,10
"Ulitsa Prosveshcheniya 105A, 354364, Adler, Russia, Сочи",2027-01-02,2027-01-09,Сочи,Россия,RUB,18.310543,True,False,False,sirius_guest_house_2,True,False,Guesthouse,43.476303,39.893345,8752333,,28097.0,4014,Guest House Sirius,Guest House Sirius,,,,293.12,28097.0,334.19,RUB,True,2026-12-03T11:00:00Z,False,nomeal,28097.0,293.12,4014,28097.0,334.19,Трёхместный номер Standard с балконом,1,8.7,41.0,5580,Сочи,,2026-09-27 07:57:21.166,,,,,Сочи,январь,sochi_january.xlsx,7,4013.8571428571427,10-20 км,8-9,10
"улица Виноградная, д.116 А, Сочи",2027-01-02,2027-01-09,Сочи,Россия,RUB,3.158374,True,False,False,atmosfera_hotel_atmosfera_hotel,True,False,Hotel,43.613796,39.719654,8753343,,28168.0,4024,Отель Атмосфера,Atmosfera Hotel,,,,293.86,28168.0,335.03,RUB,True,2027-01-01T11:00:00Z,False,nomeal,28168.0,293.86,4024,28168.0,335.03,Двухместный номер Эконом (двуспальная кровать),1,8.2,36.0,5580,Сочи,15.0,2026-09-27 07:57:21.166,,,,,Сочи,январь,sochi_january.xlsx,7,4024.0,2-5 км,8-9,10
"улица Орджоникидзе, д.17, Сочи",2027-01-02,2027-01-09,Сочи,Россия,RUB,1.1315346,True,False,False,hyatt_regency_sochi,False,False,Hotel,43.57563,39.726658,7936791,,130050.0,18579,Отель GRAND KARAT SOCHI,GRAND KARAT SOCHI Hotel,,,27.0,1356.73,130050.0,1546.83,RUB,True,2027-01-01T21:00:00Z,False,nomeal,130050.0,1356.73,18579,130050.0,1546.83,Двухместный номер Стандартный (2 отдельные кровати),1,9.2,134.0,5580,Сочи,199.0,2026-09-27 07:57:21.166,5.0,,,awarded-hotel,Сочи,январь,sochi_january.xlsx,7,18578.571428571428,0-2 км,9+,10
"улица Роз, д. 36, Сочи",2027-01-02,2027-01-09,Сочи,Россия,RUB,0.48616704,True,False,False,ak_rose_del_mare_apartments,True,False,Hotel,43.589424,39.720486,9260262,,50420.0,7203,Апарт-отель Роз Дель Мар,Rose Del Mare Apartment Hotel,,,,526.0,50420.0,599.7,RUB,True,2026-12-26T12:00:00Z,False,nomeal,50420.0,526.0,7203,50420.0,599.7,Номер с диваном Улучшенный (диван),1,8.8,88.0,5580,Сочи,18.0,2026-09-27 07:57:23.166,,,,,Сочи,январь,sochi_january.xlsx,7,7202.857142857143,0-2 км,8-9,10
"улица Просвещения, д.97, Сочи",2027-01-02,2027-01-09,Сочи,Россия,RUB,18.419006,True,False,False,gostevoj_dom_versal,True,False,Hotel,43.475273,39.893883,6850542,,13500.0,1929,Меблированные комнаты Версаль 2,Versal 2 Living quarters,,,,140.84,13500.0,160.57,RUB,True,2026-11-03T11:00:00Z,False,nomeal,13500.0,140.84,1929,13500.0,160.57,Двухместный номер Standard (2 отдельные кровати),1,7.5,168.0,5580,Сочи,15.0,2026-09-27 07:57:23.166,,2.8,13.0,,Сочи,январь,sochi_january.xlsx,7,1928.5714285714287,10-20 км,7-8,10
"ул. Ленина, 173/3, Сочи",2027-01-02,2027-01-09,Сочи,Россия,RUB,20.88773,True,False,False,v_kurortnom_gorodke_guest_house,True,False,Hotel,43.450577,39.90362,10672428,,16324.0,2332,Гостиница Солнечный День,Gostinitsa Solnechnyi Den Hotel,,,,170.3,16324.0,194.16,RUB,True,2027-01-01T11:00:00Z,False,nomeal,16324.0,170.3,2332,16324.0,194.16,Двухместный номер Economy (общая ванная комната) (двухъярусная кровать),1,8.9,192.0,5580,Сочи,6.0,2026-09-27 07:57:23.167,,,,awarded-hotel,Сочи,январь,sochi_january.xlsx,7,2332.0,20+ км,8-9,10
"Морской бульвар, 1, Сириус",2027-01-02,2027-01-09,Сириус,Россия,RUB,25.85382,True,True,False,alpha_sirius_hotel,True,False,Hotel,43.411438,39.93597,10682158,,103489.0,14784,Отель Legenda Морской Курорт,Legenda Morskoy Kurort Hotel,,,,1079.63,103489.0,1230.91,RUB,True,2027-01-01T12:00:00Z,True,breakfast,103489.0,1079.63,14784,103489.0,1230.91,"Двухместный номер Для гостей с ограниченными возможностями Стандарт с балконом (двуспальная кровать) (кровать king size, для гостей с ограниченными возможностями)",1,8.2,1397.0,965858884,Сириус,1274.0,2026-09-27 07:57:23.167,4.0,4.1,1247.0,,Сочи,январь,sochi_january.xlsx,7,14784.142857142857,20+ км,8-9,10
"улица Яна Фабрициуса, 33, Сочи",2027-01-02,2027-01-09,Сочи,Россия,RUB,2.2238693,True,False,False,hotel_atrium_avenyu,True,False,Hotel,43.576794,39.747997,13921572,,70000.0,10000,Отель Атриум Авеню,Atrium Avenyu Hotel,,,,730.26,70000.0,832.59,RUB,True,2027-01-01T21:00:00Z,False,nomeal,70000.0,730.26,10000,70000.0,832.59,Двухместная Cтудия с видом на внутренний двор (двуспальная кровать),1,9.1,17.0,5580,Сочи,53.0,2026-09-27 07:57:23.167,3.0,,,,Сочи,январь,sochi_january.xlsx,7,10000.0,2-5 км,9+,10
"Морской переулок, д. 1/2, Сочи",2027-01-02,2027-01-09,Сочи,Россия,RUB,1.0118365,True,False,False,serenity_premium_apartments,True,False,Hotel,43.57639,39.723743,9768841,,35237.0,5034,Отель Серенити Премиум,Sereniti Premium Hotel,,,,367.6,35237.0,419.11,RUB,True,2026-12-26T12:00:00Z,False,nomeal,35237.0,367.6,5034,35237.0,419.11,Двухместный номер с имитацией окна Economy (двуспальная кровать),1,8.9,26.0,5580,Сочи,11.0,2026-09-27 07:57:23.167,,,,awarded-hotel,Сочи,январь,sochi_january.xlsx,7,5033.857142857143,0-2 км,8-9,10
"Олимпийский парк, переулок Берёзовый, 38, Сириус",2027-01-02,2027-01-09,Сириус,Россия,RUB,27.063097,True,False,False,guest_house_na_berezovoy_,False,False,Guesthouse,43.411026,39.957386,6509094,,19576.0,2797,Гостевой дом Башня,Bashnya Guest House,,,,204.22,19576.0,232.84,RUB,True,2026-12-28T11:00:00Z,False,nomeal,19576.0,204.22,2797,19576.0,232.84,Двухместный номер Standard с балконом (двуспальная кровать),1,8.0,187.0,965858884,Сириус,18.0,2026-09-27 07:57:23.167,,3.9,9.0,,Сочи,январь,sochi_january.xlsx,7,2796.5714285714284,20+ км,7-8,10
"улица Ленинградская, д. 7А, Дагомыс",2027-01-02,2027-01-09,Дагомыс,Россия,RUB,9.392433,True,False,True,v_dagomyse_apartments,True,False,Apartment,43.655693,39.658096,10622225,,48762.0,6966,Апартаменты в Дагомысе,V Dagomise Apartaments,,,,508.7,48762.0,579.98,RUB,True,2026-12-19T10:00:00Z,False,nomeal,48762.0,508.7,6966,48762.0,579.98,Студия с балконом и с видом на море (диван),1,9.6,33.0,965821552,Дагомыс,,2026-09-27 07:57:23.167,,,,,Сочи,январь,sochi_january.xlsx,7,6966.0,5-10 км,9+,10
"улица Просвещения, д.173, Сочи",2027-01-02,2027-01-09,Сочи,Россия,RUB,17.493555,True,False,False,zhasmin_chkalova_guest_house,True,False,Guesthouse,43.48482,39.890076,13749694,,42755.0,6108,Гостевой Дом Жасмин Чкалова,Zhasmin Chkalova Guest house,,,,446.04,42755.0,508.53,RUB,True,2027-01-01T11:00:00Z,False,nomeal,42755.0,446.04,6108,42755.0,508.53,Апартаменты Comfort с 2 комнатами с балконом и с частичным видом на море (двуспальная кровать и диван),1,9.5,21.0,5580,Сочи,,2026-09-27 07:57:23.167,,,,,Сочи,январь,sochi_january.xlsx,7,6107.857142857143,10-20 км,9+,10
"улица Богдана Хмельницкого, д. 34, Сочи",2027-01-02,2027-01-09,Сочи,Россия,RUB,23.679214,False,False,False,kompas_hotel_2,True,False,Guesthouse,43.426907,39.919373,11161657,,30507.0,4358,Гостевой дом Компас,Kompas Guest House,,,,318.26,30507.0,362.85,RUB,False,,False,nomeal,30507.0,318.26,4358,30507.0,362.85,Двухместный номер (2 отдельные кровати) (тип кровати может измениться),1,8.1,137.0,5580,Сочи,15.0,2026-09-27 07:57:23.167,,,,,Сочи,январь,sochi_january.xlsx,7,4358.142857142857,20+ км,8-9,10
"Адлерский район, улица Крамского, д. 13В, Сириус",2027-01-02,2027-01-09,Сириус,Россия,RUB,30.211159,True,False,False,mini_hotel_elion,True,False,Guesthouse,43.3924,39.986935,13312897,,32474.0,4639,Гостевой дом Элион,Elion Guest House,,,,338.78,32474.0,386.25,RUB,True,2026-12-26T10:30:00Z,False,nomeal,32474.0,338.78,4639,32474.0,386.25,Двухместный номер Классик с окном с видом в холл отеля (двуспальная кровать),1,8.8,88.0,965858884,Сириус,,2026-09-27 07:57:23.167,,,,,Сочи,январь,sochi_january.xlsx,7,4639.142857142857,20+ км,8-9,10
"Депутатская улица, 10Б/1,  помещ.19, Сочи",2027-01-02,2027-01-09,Сочи,Россия,RUB,1.8729281,True,False,True,aparthotel_metropol,True,False,Aparthotel,43.573357,39.73927,9227680,,59546.0,8507,Апарт-отель Метрополь,Metropol Apartment hotel,,,,621.2,59546.0,708.25,RUB,True,2026-12-26T13:00:00Z,False,nomeal,59546.0,621.2,8507,59546.0,708.25,Двухместная Апартаменты Студия с видом на сад (2 отдельные кровати),1,9.3,399.0,5580,Сочи,4.0,2026-09-27 07:57:23.167,,,,awarded-hotel,Сочи,январь,sochi_january.xlsx,7,8506.57142857143,0-2 км,9+,10
"Курортный проспект, д. 53 помещ. 34, Сочи",2027-01-02,2027-01-09,Сочи,Россия,RUB,1.1358603,True,False,False,studiya_v_butikotel_verdi_uk_voznesenskiy_apartments,True,False,Hostel,43.57618,39.728954,13680315,,65778.0,9397,Жилое помещение Верди,Verdi Lodging House,,,,686.22,65778.0,782.37,RUB,True,2026-12-26T12:00:00Z,False,nomeal,65778.0,686.22,9397,65778.0,782.37,Двухместная студия Deluxe (двуспальная кровать),1,9.5,40.0,5580,Сочи,,2026-09-27 07:57:23.167,,,,,Сочи,январь,sochi_january.xlsx,7,9396.857142857143,0-2 км,9+,10
"ул.Цветочная, д.19/6, Сириус",2027-01-02,2027-01-09,Сириус,Россия,RUB,25.113949,True,False,False,otel_rostov,True,False,Hotel,43.415623,39.928642,7777501,,86583.0,12369,Отель Ростов,Rostov Hotel,,,,903.26,86583.0,1029.83,RUB,True,2027-01-01T09:00:00Z,False,nomeal,86583.0,903.26,12369,86583.0,1029.83,Двухместный номер Стандарт (двуспальная кровать),1,7.8,188.0,965858884,Сириус,36.0,2026-09-27 07:57:23.168,2.0,2.7,20.0,,Сочи,январь,sochi_january.xlsx,7,12369.0,20+ км,7-8,10
"Курортный проспект, 89, Сочи",2027-01-02,2027-01-09,Сочи,Россия,RUB,3.6480525,True,False,False,swissotel_sochi_kamelia,False,False,Resort,43.56278,39.75584,7967155,,198000.0,28286,Отель Swissôtel Resort Sochi Kamelia,Hotel Swissotel Resort Sochi Kamelia,,,1509.0,2065.61,198000.0,2355.04,RUB,True,2027-01-01T21:00:00Z,False,nomeal,198000.0,2065.61,28286,198000.0,2355.04,Двухместный номер Стандартный с видом на парк (двуспальная кровать) (кровать king size),1,9.4,1535.0,5580,Сочи,203.0,2026-09-27 07:57:23.168,5.0,4.6,1467.0,awarded-hotel,Сочи,январь,sochi_january.xlsx,7,28285.714285714286,2-5 км,9+,10
"улица Победы, д.153, Сочи",2027-01-02,2027-01-09,Сочи,Россия,RUB,49.05859,True,False,False,lazium_spa_hotel,True,False,Resort,43.917507,39.320267,13866087,,51930.0,7419,Отель Лазиум Спа,Lazium Spa Hotel,,,,541.75,51930.0,617.66,RUB,True,2027-01-01T12:00:00Z,False,nomeal,51930.0,541.75,7419,51930.0,617.66,Двухместный номер Deluxe с балконом (двуспальная кровать),1,9.5,20.0,5580,Сочи,45.0,2026-09-27 07:57:23.168,3.0,,,,Сочи,январь,sochi_january.xlsx,7,7418.571428571428,20+ км,9+,10
"улица Просвещения, д. 85а, Сочи",2027-01-02,2027-01-09,Сочи,Россия,RUB,18.559027,True,False,False,rich_hotel_15,True,False,Guesthouse,43.47362,39.894173,9985918,,26614.0,3802,Гостевой дом Рич,Rich Guest House,,,,277.65,26614.0,316.55,RUB,True,2026-12-19T11:00:00Z,False,nomeal,26614.0,277.65,3802,26614.0,316.55,Двухместный номер Economy с балконом (2 отдельные кровати) (внешняя собственная ванная комната),1,7.3,22.0,5580,Сочи,24.0,2026-09-27 07:57:23.168,,,,,Сочи,январь,sochi_january.xlsx,7,3802.0,10-20 км,7-8,10
"Кубанская улица, 4Б, Сочи",2027-01-02,2027-01-09,Сочи,Россия,RUB,0.5155793,True,False,False,hotel_ambassador_50,True,False,Hotel,43.582005,39.72735,11205863,,35179.0,5026,Отель Амбассадор,Hotel Ambassador,,,,367.0,35179.0,418.42,RUB,True,2026-12-30T21:00:00Z,False,nomeal,35179.0,367.0,5026,35179.0,418.42,Двухместный номер Стандарт Бюджетный с видом во внутренний двор и на стену здания (двуспальная кровать),1,8.6,357.0,5580,Сочи,70.0,2026-09-27 07:57:23.168,3.0,,,,Сочи,январь,sochi_january.xlsx,7,5025.571428571428,0-2 км,8-9,10
"улица Просвещения, д. 104Б, Сочи",2027-01-02,2027-01-09,Сочи,Россия,RUB,22.464622,True,True,False,greys_lazur_hotel,True,False,Hotel,43.434605,39.908646,11200750,,90275.0,12896,Отель Грейс Лазурь,Greys Lazur Hotel,,,1532.0,941.78,90275.0,1073.74,RUB,True,2026-12-26T12:00:00Z,True,breakfast,90275.0,941.78,12896,90275.0,1073.74,Двухместный номер Стандарт с балконом (двуспальная кровать),1,9.3,205.0,5580,Сочи,42.0,2026-09-27 07:57:23.168,4.0,,,awarded-hotel,Сочи,январь,sochi_january.xlsx,7,12896.42857142857,20+ км,9+,10
"бульвар Надежд, д. 4/2, Сириус",2027-01-02,2027-01-09,Сириус,Россия,RUB,31.003574,True,False,True,kvartira_u_morya_4,False,False,Apartment,43.386894,39.99323,9992316,,96280.0,13754,"Комплекс апартаментов ""Apartments Premium"" (второй корпус)","Apartment complex ""Apartments Premium"" (second building)",,,,1004.43,96280.0,1145.17,RUB,True,2026-12-26T11:00:00Z,False,nomeal,96280.0,1004.43,13754,96280.0,1145.17,Апартаменты Deluxe с видом на море (терраса),1,9.9,12.0,965858884,Сириус,,2026-09-27 07:57:23.168,,,,,Сочи,январь,sochi_january.xlsx,7,13754.285714285714,20+ км,9+,10
"street Prosvesheniya, 110 A, Адлер",2027-01-02,2027-01-09,Адлер,Россия,RUB,22.270382,True,True,True,okhotnik_adler_hotel,True,False,Hotel,43.43636,39.907738,7851188,,40695.0,5814,Отель Охотник,Ohotnik Hotels,,,,424.54,40695.0,484.03,RUB,True,2027-01-01T09:00:00Z,True,breakfast,40695.0,424.54,5814,40695.0,484.03,"Двухместный номер Стандарт для людей с ограниченными возможностями (двуспальная кровать) (кровать queen size, для гостей с ограниченными возможностями)",1,8.1,355.0,299,Адлер,72.0,2026-09-27 07:57:25.362,,2.5,118.0,,Сочи,январь,sochi_january.xlsx,7,5813.571428571428,20+ км,8-9,10
"улица Ленина, д. 286-Б, Сочи",2027-01-02,2027-01-09,Сочи,Россия,RUB,18.575922,True,False,False,aelita_minihotel,True,False,Guesthouse,43.476494,39.897945,10848651,,34661.0,4952,Гостевой дом Аэлита,Aelita Guest House,,,,361.6,34661.0,412.26,RUB,True,2026-12-31T10:30:00Z,False,nomeal,34661.0,361.6,4952,34661.0,412.26,Двухместный номер Deluxe (двуспальная кровать),1,9.6,51.0,5580,Сочи,4.0,2026-09-27 07:57:25.362,,,,,Сочи,январь,sochi_january.xlsx,7,4951.571428571428,10-20 км,9+,10
"улица Крымская, д. 44а, Сочи",2027-01-02,2027-01-09,Сочи,Россия,RUB,5.6245875,True,False,False,searent_kryimskij_apartments,True,False,Aparthotel,43.631733,39.694702,9987779,,31862.0,4552,Апарт-отель СИАРЕНТ Крымский,SIARENT Krymskiy Apart-Hotel,,,,332.4,31862.0,378.97,RUB,True,2027-01-02T12:00:00Z,False,nomeal,31862.0,332.4,4552,31862.0,378.97,Апартаменты Комфорт (двуспальная кровать и диван),1,8.6,69.0,5580,Сочи,21.0,2026-09-27 07:57:25.362,,,,,Сочи,январь,sochi_january.xlsx,7,4551.714285714285,5-10 км,8-9,9
"yлица Виноградная, 244а, Сочи",2027-01-02,2027-01-09,Сочи,Россия,RUB,5.8464813,True,True,True,mariano_hotel,True,False,Hotel,43.636013,39.702858,10013643,,20544.0,2935,Отель Мариано,Mariano Hotel,,,,214.32,20544.0,244.35,RUB,True,2026-12-30T09:00:00Z,True,breakfast,20544.0,214.32,2935,20544.0,244.35,"Двухместный номер Стандарт-Эконом (1, 2 и мансардный этажи) (двуспальная кровать) (кровать queen size)",1,8.2,68.0,5580,Сочи,5.0,2026-09-27 07:57:25.362,,,,,Сочи,январь,sochi_january.xlsx,7,2934.8571428571427,5-10 км,8-9,10
"Березовый переулок, д. 34/1, Сириус",2027-01-02,2027-01-09,Сириус,Россия,RUB,27.038673,True,False,True,smart_sirius_aparthotel,True,False,Guesthouse,43.41131,39.95735,10658452,,31500.0,4500,Гостевой дом Смарт Сириус,Smart Sirius Guest House,,,,328.62,31500.0,374.67,RUB,True,2026-12-03T11:00:00Z,False,nomeal,31500.0,328.62,4500,31500.0,374.67,Двухместный номер Standard (двуспальная кровать),1,9.6,60.0,965858884,Сириус,,2026-09-27 07:57:25.362,,,,awarded-hotel,Сочи,январь,sochi_january.xlsx,7,4500.0,20+ км,9+,10
"улица Ленина, д.219/5, Сочи",2027-01-02,2027-01-09,Сочи,Россия,RUB,18.637598,True,True,False,grejs_kruiz_hotel,True,False,Hotel,43.47509,39.897278,9829023,,48415.0,6916,Спа-отель Грейс Круиз,Spa Hotel Grace Cruise,,,1532.0,505.08,48415.0,575.85,RUB,True,2026-12-26T11:00:00Z,True,breakfast,48415.0,505.08,6916,48415.0,575.85,Двухместный номер Стандарт (двуспальная кровать),1,9.2,452.0,5580,Сочи,95.0,2026-09-27 07:57:25.362,3.0,,,awarded-hotel,Сочи,январь,sochi_january.xlsx,7,6916.428571428572,10-20 км,9+,10
"улица Учительская, д.15, Сочи",2027-01-02,2027-01-09,Сочи,Россия,RUB,1.6228886,True,False,False,bergs_hotel_2,True,False,Resort,43.57461,39.736572,9974510,,85652.0,12236,Отель Bergs Spa and Сonference hotel,Bergs Spa and Сonference Hotel,,,,893.55,85652.0,1018.76,RUB,True,2027-01-02T11:00:00Z,False,nomeal,85652.0,893.55,12236,85652.0,1018.76,Двухместный номер Standard с видом на город (2 отдельные кровати),1,8.9,408.0,5580,Сочи,30.0,2026-09-27 07:57:25.362,4.0,4.0,13.0,,Сочи,январь,sochi_january.xlsx,7,12236.0,0-2 км,8-9,10
"улица Просвещения, д. 118б, Сочи",2027-01-02,2027-01-09,Сочи,Россия,RUB,21.44281,True,False,False,gostevoj_dom_fg,False,False,Hotel,43.44445,39.904728,8683028,,38789.0,5541,Отель F&G,F&G Hotel,,,,404.66,38789.0,461.36,RUB,True,2027-01-01T12:00:00Z,False,nomeal,38789.0,404.66,5541,38789.0,461.36,Двухместный номер Standard с балконом (двуспальная кровать),1,8.5,133.0,5580,Сочи,40.0,2026-09-27 07:57:25.362,3.0,3.1,7.0,,Сочи,январь,sochi_january.xlsx,7,5541.285714285715,20+ км,8-9,10
"улица Конституции СССР, д.18, Сочи",2027-01-02,2027-01-09,Сочи,Россия,RUB,0.6321394,True,False,False,arkhitektor_aparthotel,True,False,Hotel,43.590584,39.71963,10012084,,46935.0,6705,Архитектор Apart Hotel by Provence,Arkhitektor Apart Hotel by Provence,,,1785.0,489.64,46935.0,558.25,RUB,True,2027-01-01T21:00:00Z,False,nomeal,46935.0,489.64,6705,46935.0,558.25,Номер Lite Эконом,1,9.2,155.0,5580,Сочи,84.0,2026-09-27 07:57:25.362,4.0,,,awarded-hotel,Сочи,январь,sochi_january.xlsx,7,6705.0,0-2 км,9+,9
"микрорайон Адлер, улица Просвещения, д. 27А, Сочи",2027-01-02,2027-01-09,Сочи,Россия,RUB,23.346653,True,False,True,zvyozdnyij_minihotel,False,False,Hotel,43.427055,39.913376,8737354,,27123.0,3875,Меблированные комнаты Дом у моря,Dom u Morya Living quaters,,,,282.96,27123.0,322.6,RUB,True,2026-12-19T09:30:00Z,False,nomeal,27123.0,282.96,3875,27123.0,322.6,Двухместный номер Standard (двуспальная кровать) (тип кровати может измениться),1,8.6,45.0,5580,Сочи,85.0,2026-09-27 07:57:25.362,,,,,Сочи,январь,sochi_january.xlsx,7,3874.714285714286,20+ км,8-9,6
"улица Бытха, д. 30, Сочи",2027-01-02,2027-01-09,Сочи,Россия,RUB,3.8445919,True,False,True,lissabon_neolit_apart_hotel,True,False,Aparthotel,43.565937,39.762516,10370458,,41685.0,5955,Апарт-отель Лиссабон Неолит,Lissabon Neolit Aparthotel,,,1783.0,434.87,41685.0,495.81,RUB,True,2026-12-26T09:00:00Z,False,nomeal,41685.0,434.87,5955,41685.0,495.81,Двухместный номер Стандартный с балконом (2 отдельные кровати),1,8.3,374.0,5580,Сочи,92.0,2026-09-27 07:57:25.362,3.0,,,,Сочи,январь,sochi_january.xlsx,7,5955.0,2-5 км,8-9,10
"Камышовая улица, 2А, Сириус",2027-01-02,2027-01-09,Сириус,Россия,RUB,27.144472,True,False,False,guest_house_yevakholl,True,False,Guesthouse,43.410393,39.957935,13900062,,31169.0,4453,Гостевой дом Евахолл,Guest house Yevakholl,,,,325.17,31169.0,370.73,RUB,True,2027-01-01T12:00:00Z,False,nomeal,31169.0,325.17,4453,31169.0,370.73,Номер Standard (двуспальная кровать),1,10.0,1.0,965858884,Сириус,,2026-09-27 07:57:25.362,,,,,Сочи,январь,sochi_january.xlsx,7,4452.714285714285,20+ км,9+,10
"проспект Курортный, д. 31, Сочи",2027-01-02,2027-01-09,Сочи,Россия,RUB,0.54521,True,False,False,hotel_gostinichnyij_kompleks_grand_cascade,True,False,Hotel,43.580578,39.72299,13075397,,153440.0,21920,Гостиничный комплекс Гранд Каскад,Grand Kaskad Gostinichnyij kompleks,,,1804.0,1600.74,153440.0,1825.04,RUB,True,2027-01-01T21:00:00Z,False,nomeal,153440.0,1600.74,21920,153440.0,1825.04,Двухместный номер Стандартный с балконом (двуспальная кровать) (кровать queen size),1,9.6,75.0,5580,Сочи,88.0,2026-09-27 07:57:25.362,5.0,,,,Сочи,январь,sochi_january.xlsx,7,21920.0,0-2 км,9+,10
"улица Тростниковая, д. 33, Сириус",2027-01-02,2027-01-09,Сириус,Россия,RUB,27.098536,True,False,False,mantarini_guest_house,True,False,Guesthouse,43.41165,39.958897,13642852,,42000.0,6000,Гостевой дом Мантарини,Mantarini Guest House,,,,438.16,42000.0,499.55,RUB,True,2027-01-01T11:00:00Z,False,nomeal,42000.0,438.16,6000,42000.0,499.55,Двухместный номер Standard Мансарда с видом на сад (2 отдельные кровати),1,8.9,35.0,965858884,Сириус,14.0,2026-09-27 07:57:25.362,,,,,Сочи,январь,sochi_january.xlsx,7,6000.0,20+ км,8-9,10
"улица Ленина, д. 219А/1/2, Сочи",2027-01-02,2027-01-09,Сочи,Россия,RUB,18.68361,True,False,True,v_zhk_madrid_park_2_s_basseynom_apartments,True,True,Apartment,43.47383,39.896507,10521174,,82288.0,11755,Апартаменты в Жк Мадрид Парк 2 с Бассейном,V Zhk Madrid Park 2 S Basseynom Apartments,,,,858.46,82288.0,978.75,RUB,True,2026-12-19T12:00:00Z,False,nomeal,82288.0,858.46,11755,82288.0,978.75,"Апартаменты с 3 комнатами с балконом (2 отдельные кровати, двуспальная кровать и диван)",1,9.1,7.0,5580,Сочи,,2026-09-27 07:57:25.362,,,,,Сочи,январь,sochi_january.xlsx,7,11755.42857142857,10-20 км,9+,10
"Навагинская улица, 11а, Сочи",2027-01-02,2027-01-09,Сочи,Россия,RUB,0.4912394,True,False,False,south_mirror_residence,True,False,Hotel,43.589794,39.724464,9996640,,60210.0,8601,Mirror Residence Отель,Mirror Residence Hotel,,,,628.13,60210.0,716.15,RUB,True,2026-12-26T12:00:00Z,False,nomeal,60210.0,628.13,8601,60210.0,716.15,Двухместная Студия Стандарт с видом на город (2 отдельные кровати),1,8.6,134.0,5580,Сочи,76.0,2026-09-27 07:57:25.362,4.0,4.1,14.0,,Сочи,январь,sochi_january.xlsx,7,8601.42857142857,0-2 км,8-9,10
"Ландышевая улица, д.26/2, Сочи",2027-01-02,2027-01-09,Сочи,Россия,RUB,6.631228,False,False,False,migal_lodging_house,True,False,Hostel,43.639183,39.687157,13968265,,43637.0,6234,Жилое помещение Мигал,Migal Lodging house,,,,455.24,43637.0,519.02,RUB,False,,False,nomeal,43637.0,455.24,6234,43637.0,519.02,Двухместный номер Standard с балконом и с частичным видом на море (2 отдельные кровати),1,10.0,1.0,5580,Сочи,,2026-09-27 07:57:25.362,,,,,Сочи,январь,sochi_january.xlsx,7,6233.857142857143,5-10 км,9+,10
"улица Красноармейская, д.3А, Сочи",2027-01-02,2027-01-09,Сочи,Россия,RUB,1.2840234,True,False,False,aparthotel_atmosfera_rivera,True,False,Hotel,43.596554,39.718536,10008857,,46116.0,6588,"Отель ""ATMOSFERA RIVIERA""","""ATMOSFERA RIVIERA"" Hotel",,,,481.1,46116.0,548.51,RUB,True,2026-12-26T12:00:00Z,False,nomeal,46116.0,481.1,6588,46116.0,548.51,Двухместный номер Делюкс с красивым видом из окна (двуспальная кровать),1,8.9,106.0,5580,Сочи,22.0,2026-09-27 07:57:25.362,,,,,Сочи,январь,sochi_january.xlsx,7,6588.0,0-2 км,8-9,10
"Адлер переулок Бестужева, д. 1, Сочи",2027-01-02,2027-01-09,Сочи,Россия,RUB,24.427591,True,False,False,bristol_by_sun_city_hotels_hotel,False,False,Guesthouse,43.419357,39.921597,13362651,,157118.0,22445,Гостевой дом Бристоль,Bristol Guest house,,,,1639.11,157118.0,1868.78,RUB,True,2026-12-19T11:00:00Z,False,nomeal,157118.0,1639.11,22445,157118.0,1868.78,Люкс с 2 комнатами с балконом и с видом на внутренний двор (2 двуспальные кровати и 2 дивана),1,8.8,10.0,5580,Сочи,19.0,2026-09-27 07:57:25.362,,,,,Сочи,январь,sochi_january.xlsx,7,22445.428571428572,20+ км,8-9,10
"улица Навагинская, д. 3, Сочи",2027-01-02,2027-01-09,Сочи,Россия,RUB,0.15825619,True,False,False,grand_gallery_aparthotel_2,True,False,Aparthotel,43.585278,39.721165,9291778,,46425.0,6632,Отель Гранд Гэлери 3* by Provence,Grand Gallery Hotel 3* by Provence,,,1785.0,484.32,46425.0,552.19,RUB,True,2026-12-31T11:30:00Z,False,nomeal,46425.0,484.32,6632,46425.0,552.19,Двухместный номер Стандартный (двуспальная кровать),1,9.1,207.0,5580,Сочи,31.0,2026-09-27 07:57:25.362,3.0,4.3,47.0,,Сочи,январь,sochi_january.xlsx,7,6632.142857142857,0-2 км,9+,4
"проспект Олимпийский, 36/1, Сириус",2027-01-02,2027-01-09,Сириус,Россия,RUB,28.03407,True,True,True,mantera_supreme_seaside,False,False,Hotel,43.401276,39.96073,11305364,,334530.0,47790,Mantera Supreme Seaside,Mantera Supreme Seaside,,,1832.0,3489.93,334530.0,3978.95,RUB,True,2027-01-01T12:00:00Z,True,breakfast,334530.0,3489.93,47790,334530.0,3978.95,Двухместный номер Делюкс с балконом и с красивым видом из окна (двуспальная кровать),1,9.7,22.0,965858884,Сириус,400.0,2026-09-27 07:57:29.740,5.0,,,awarded-hotel,Сочи,январь,sochi_january.xlsx,7,47790.0,20+ км,9+,10
"улица Депутатская, д.10г, Сочи",2027-01-02,2027-01-09,Сочи,Россия,RUB,1.964298,True,False,False,aparthotel_montevil,True,False,Hotel,43.57221,39.739223,10010417,,82646.0,11807,Отель Монтевиль by Adamand Resort,Montevil Hotel by Adamand Resort,,,,862.19,82646.0,983.0,RUB,True,2027-01-01T11:00:00Z,False,nomeal,82646.0,862.19,11807,82646.0,983.0,Студия Classic (двуспальная кровать и диван),1,8.9,101.0,5580,Сочи,30.0,2026-09-27 07:57:29.740,,4.3,44.0,,Сочи,январь,sochi_january.xlsx,7,11806.57142857143,0-2 км,8-9,10
"улица Ленина, д.217А, Сочи",2027-01-02,2027-01-09,Сочи,Россия,RUB,19.739153,True,False,False,kurortny_mone_hotel,False,False,Hotel,43.462414,39.899776,10136929,,64224.0,9175,Отель Моне,Mone Hotel,,,,670.01,64224.0,763.89,RUB,True,2027-01-01T12:00:00Z,False,nomeal,64224.0,670.01,9175,64224.0,763.89,Двухместный номер Лайт Стандартный Цокольный этаж (двуспальная кровать),1,9.3,469.0,5580,Сочи,298.0,2026-09-27 07:57:29.740,4.0,,,awarded-hotel,Сочи,январь,sochi_january.xlsx,7,9174.857142857143,10-20 км,9+,10
"улица Кирова, д. 23, Сочи",2027-01-02,2027-01-09,Сочи,Россия,RUB,24.111568,True,False,False,liberty_fly,True,False,Hotel,43.423042,39.92145,8467932,,42000.0,6000,Отель Liberty Fly,Liberty Fly,,,,438.16,42000.0,499.55,RUB,True,2026-12-26T11:00:00Z,False,nomeal,42000.0,438.16,6000,42000.0,499.55,Двухместный номер Standard с красивым видом из окна (двуспальная кровать),1,9.2,181.0,5580,Сочи,86.0,2026-09-27 07:57:29.740,3.0,4.0,65.0,,Сочи,январь,sochi_january.xlsx,7,6000.0,20+ км,9+,10
"улица Голубая, д.1ж, Сириус",2027-01-02,2027-01-09,Сириус,Россия,RUB,25.519081,False,True,False,imeretinskiy_hotel_2,True,False,Hotel,43.413162,39.932392,13096546,,64820.0,9260,Отель Legenda морской курорт,Legenda morskoy kurort Hotel,,,,676.23,64820.0,770.98,RUB,False,,True,breakfast,64820.0,676.23,9260,64820.0,770.98,Двухместный номер Стандарт 24 кв.м. (двуспальная кровать) (кровать queen size),1,7.6,75.0,965858884,Сириус,1089.0,2026-09-27 07:57:29.740,,,,,Сочи,январь,sochi_january.xlsx,7,9260.0,20+ км,7-8,10
"Курортный проспект, д. 50, Сочи",2027-01-02,2027-01-09,Сочи,Россия,RUB,0.99478847,True,False,True,hotel_sochi,True,False,Hotel,43.57753,39.728783,10006668,,19320.0,2760,Отель Сочи,Sochi Hotel,,,,201.55,19320.0,229.79,RUB,True,2026-12-29T21:00:00Z,False,nomeal,19320.0,201.55,2760,19320.0,229.79,Двухместный номер (общая ванная комната) (2 отдельные кровати),1,8.8,246.0,5580,Сочи,78.0,2026-09-27 07:57:29.763,,,,,Сочи,январь,sochi_january.xlsx,7,2760.0,0-2 км,8-9,10
"улица Крупской 20А, Сочи",2027-01-02,2027-01-09,Сочи,Россия,RUB,23.96764,True,False,False,talasso,True,False,Guesthouse,43.423546,39.91954,9991976,,15102.0,2157,Гостевой дом Talasso,Talasso Guest House,,,,157.55,15102.0,179.63,RUB,True,2027-01-02T11:00:00Z,False,nomeal,15102.0,157.55,2157,15102.0,179.63,Двухместный номер Standard с видом на внутренний двор (двуспальная кровать),1,8.1,72.0,5580,Сочи,,2026-09-27 07:57:29.763,,,,,Сочи,январь,sochi_january.xlsx,7,2157.4285714285716,20+ км,8-9,10
"ул. Цимлянская, 2, Сочи",2027-01-02,2027-01-09,Сочи,Россия,RUB,29.921076,True,True,False,arfa_parkhotel,True,False,Hotel,43.39115,39.980015,6797747,,168000.0,24000,Арфа Парк-отель,Arfa Park-hotel,,,,1752.64,168000.0,1998.22,RUB,True,2026-12-28T11:00:00Z,True,breakfast,168000.0,1752.64,24000,168000.0,1998.22,Двухместный номер Улучшенный с видом на сад (двуспальная кровать),1,8.2,42.0,5580,Сочи,23.0,2026-09-27 07:57:29.763,5.0,,,,Сочи,январь,sochi_january.xlsx,7,24000.0,20+ км,8-9,10
"Листопадная улица, д.39, Сириус",2027-01-02,2027-01-09,Сириус,Россия,RUB,29.047878,True,False,False,bastion_guest_house_3,True,False,Guesthouse,43.404484,39.98311,13391282,,34531.0,4933,Гостевой дом Бастион,Bastion Guest house,,,,360.24,34531.0,410.72,RUB,True,2026-12-19T11:00:00Z,False,nomeal,34531.0,360.24,4933,34531.0,410.72,Двухместный номер Economy (2 отдельные кровати) (внешняя собственная ванная комната),1,9.3,48.0,965858884,Сириус,17.0,2026-09-27 07:57:29.763,,,,awarded-hotel,Сочи,январь,sochi_january.xlsx,7,4933.0,20+ км,9+,8
"Главная улица, д. 17/30А, Сочи",2027-01-02,2027-01-09,Сочи,Россия,RUB,25.121874,True,False,False,tivoli_detox_spa_resort_hotel,True,False,Hotel,43.75581,39.517582,10658296,,25920.0,3703,Cosmos Smart Сочи Тиволи Отель,Cosmos Smart Tivoli Sochi Hotel,,,873.0,270.41,25920.0,308.3,RUB,True,2027-01-01T12:00:00Z,False,nomeal,25920.0,270.41,3703,25920.0,308.3,Двухместный номер Стандарт с балконом (двуспальная кровать),1,8.4,35.0,5580,Сочи,49.0,2026-09-27 07:57:29.763,3.0,,,,Сочи,январь,sochi_january.xlsx,7,3702.8571428571427,20+ км,8-9,10
"улица Ленина, д.219 Д, Сочи",2027-01-02,2027-01-09,Сочи,Россия,RUB,18.741283,True,True,False,otel_arli,True,False,Hotel,43.47276,39.896145,8105660,,49910.0,7130,Спа-отель Грейс Арли,Arli Grace Hotel and Spa,,,1532.0,520.68,49910.0,593.64,RUB,True,2026-12-26T11:00:00Z,True,breakfast,49910.0,520.68,7130,49910.0,593.64,Двухместный номер Стандарт (Корп 3) (двуспальная кровать),1,9.3,595.0,5580,Сочи,18.0,2026-09-27 07:57:29.763,3.0,,,,Сочи,январь,sochi_january.xlsx,7,7130.0,10-20 км,9+,10
"Нижнеимеретинская улица, д.143, Сириус",2027-01-02,2027-01-09,Сириус,Россия,RUB,28.84154,True,False,True,more_rooms_v_zhk_vals55_apartments,True,True,Apartment,43.39747,39.969757,10457506,,141147.0,20164,Апартаменты More Rooms в ЖК Вальс/55,More Rooms V ZhK Vals/55 Apartments,,,,1472.5,141147.0,1678.82,RUB,True,2026-12-26T11:00:00Z,False,nomeal,141147.0,1472.5,20164,141147.0,1678.82,Апартаменты Superior с балконом (двуспальная кровать и диван),1,8.9,6.0,965858884,Сириус,,2026-09-27 07:57:29.763,,,,,Сочи,январь,sochi_january.xlsx,7,20163.85714285714,20+ км,8-9,10
"улица Просвещения, 155, Сочи",2027-01-02,2027-01-09,Сочи,Россия,RUB,17.636618,False,False,True,prestizh_hotel,True,False,Aparthotel,43.482555,39.889763,7806046,,50580.0,7226,Апарт-Отель Престиж и SPA,Prestizh I SPA Apartment hotel,,,,527.67,50580.0,601.61,RUB,False,,False,nomeal,50580.0,527.67,7226,50580.0,601.61,Двухместные апартаменты Стандарт с балконом (двуспальная кровать),1,7.6,159.0,5580,Сочи,281.0,2026-09-27 07:57:29.763,4.0,,,,Сочи,январь,sochi_january.xlsx,7,7225.714285714285,10-20 км,7-8,10
"улица Просвещения, д.150, Сочи",2027-01-02,2027-01-09,Сочи,Россия,RUB,18.307926,False,False,True,eva_hotelspa_hotel,True,False,Hotel,43.476624,39.893692,9986690,,23794.0,3399,Отель Eva,Eva Hotel,,,,248.23,23794.0,283.01,RUB,False,,False,nomeal,23794.0,248.23,3399,23794.0,283.01,Трёхместный номер с балконом (2 отдельные кровати) (кресло-кровать),1,8.7,108.0,5580,Сочи,16.0,2026-09-27 07:57:29.763,,,,,Сочи,январь,sochi_january.xlsx,7,3399.1428571428573,10-20 км,8-9,10
"улица Цветочная, д.1/1, Сириус",2027-01-02,2027-01-09,Сириус,Россия,RUB,24.905077,False,False,False,dolphin_park_guest_house,True,False,Hotel,43.41641,39.925945,13287699,,159600.0,22800,Меблированные Комнаты Дельфин Парк,Delfin park Living Quarters,,,,1665.0,159600.0,1898.31,RUB,False,,False,nomeal,159600.0,1665.0,22800,159600.0,1898.31,Двухместный номер Standard (двуспальная кровать),1,8.8,14.0,965858884,Сириус,34.0,2026-09-27 07:57:29.763,,,,,Сочи,январь,sochi_january.xlsx,7,22800.0,20+ км,8-9,10
"ул. Каспийская, 8а, Сочи",2027-01-02,2027-01-09,Сочи,Россия,RUB,26.493317,True,False,False,apartotel_morskoy_blyuz_redens,True,False,Aparthotel,43.420174,39.959972,11245727,,318504.0,45501,Апарт-отель Морской Блюз,Morskoy Blyuz Apart-Otel,,,,3322.75,318504.0,3788.33,RUB,True,2026-12-28T12:00:00Z,False,nomeal,318504.0,3322.75,45501,318504.0,3788.33,Апартаменты Комфорт,1,9.4,67.0,5580,Сочи,18.0,2026-09-27 07:57:29.763,3.0,,,awarded-hotel,Сочи,январь,sochi_january.xlsx,7,45500.57142857143,20+ км,9+,10
"улица Просвещения, д. 188, стр. 1, Сочи",2027-01-02,2027-01-09,Сочи,Россия,RUB,17.668135,True,False,False,lazur_kurortnyij_hotel,True,False,Hotel,43.483276,39.891117,9763355,,19417.0,2774,Отель Лазурь Курортный,Lazur' Kurortnij Hotel,,,,202.56,19417.0,230.95,RUB,True,2026-12-30T10:30:00Z,False,nomeal,19417.0,202.56,2774,19417.0,230.95,Трёхместный номер Economy (3 отдельные кровати),1,7.9,20.0,5580,Сочи,25.0,2026-09-27 07:57:29.763,,,,,Сочи,январь,sochi_january.xlsx,7,2773.8571428571427,10-20 км,7-8,8
"улица Просвещения, д.108/2, Сочи",2027-01-02,2027-01-09,Сочи,Россия,RUB,22.391008,True,False,False,ogonek_3,False,False,Guesthouse,43.435364,39.908447,9991431,,34633.0,4948,Гостевой дом Огонёк,Ogonek Guest House,,,,361.3,34633.0,411.93,RUB,True,2026-12-23T12:00:00Z,False,nomeal,34633.0,361.3,4948,34633.0,411.93,Двухместный номер Standard с видом на внутренний двор (двуспальная кровать),1,8.3,76.0,5580,Сочи,,2026-09-27 07:57:29.763,,,,,Сочи,январь,sochi_january.xlsx,7,4947.571428571428,20+ км,8-9,8
"улица Параллельная, д. 9, лит.3, Сочи",2027-01-02,2027-01-09,Сочи,Россия,RUB,0.95285034,True,False,False,city_hostel_siti_hostel,False,False,Hostel,43.590286,39.732918,8684535,,350000.0,50000,Хостел Сити,City Hostel,,,,3651.32,350000.0,4162.95,RUB,True,2026-12-19T11:00:00Z,False,nomeal,350000.0,3651.32,50000,350000.0,4162.95,Шестиместный семейный номер Standard (общая ванная комната),1,9.0,151.0,5580,Сочи,10.0,2026-09-27 07:57:29.763,,4.5,12.0,,Сочи,январь,sochi_january.xlsx,7,50000.0,0-2 км,8-9,10
"улица Ульянова, д.11, Сочи",2027-01-02,2027-01-09,Сочи,Россия,RUB,23.742115,True,False,False,river_guest_house_5,True,False,Guesthouse,43.425045,39.917656,13815794,,31862.0,4552,Гостевой дом Элизиум,Elizium Guest house,,,,332.4,31862.0,378.97,RUB,True,2027-01-01T12:00:00Z,False,nomeal,31862.0,332.4,4552,31862.0,378.97,Номер Economy (двуспальная кровать),1,10.0,2.0,5580,Сочи,,2026-09-27 07:57:29.763,,,,,Сочи,январь,sochi_january.xlsx,7,4551.714285714285,20+ км,9+,10
"ул. Ленина, д. 219, помещ. 1815-1817, Сочи",2027-01-02,2027-01-09,Сочи,Россия,RUB,18.67055,True,True,False,pansionat_fregat,True,False,Hotel,43.472515,39.894657,6443737,,63129.0,9018,"LAVICON Отель Фрегат, Адлер","Lavicon Fregat Hotel, Adler",,,,658.58,63129.0,750.87,RUB,True,2026-12-31T11:30:00Z,True,breakfast,63129.0,658.58,9018,63129.0,750.87,Двухместный номер Standard Superior с видом на город (двуспальная кровать) (тип кровати может измениться),1,9.5,10.0,5580,Сочи,497.0,2026-09-27 07:57:31.320,4.0,,,,Сочи,январь,sochi_january.xlsx,7,9018.42857142857,10-20 км,9+,10
"улица Навагинская, д.11Б, Сочи",2027-01-02,2027-01-09,Сочи,Россия,RUB,0.41231212,True,False,False,memfis_apart_s_kukhney_na_ulnavaginskaya_apartments,True,False,Apartment,43.58911,39.724186,13745410,,56105.0,8015,Апартаменты Мемфис Апарт с кухней на ул.Навагинская,Memfis Apart S Kukhney Na Ul.Navaginskaya Apartments,,,,585.31,56105.0,667.32,RUB,True,2027-01-01T12:00:00Z,False,nomeal,56105.0,585.31,8015,56105.0,667.32,Апартаменты c 1 комнатой (двуспальная кровать и диван),1,9.1,2.0,5580,Сочи,,2026-09-27 07:57:31.320,,,,,Сочи,январь,sochi_january.xlsx,7,8015.0,0-2 км,9+,5
"Нижнеимеретинская улица, д.141, Сириус",2027-01-02,2027-01-09,Сириус,Россия,RUB,28.823017,True,False,False,riffos_hotel,False,False,Hotel,43.39727,39.969135,13393581,,91000.0,13000,Гостиница Риффос,Gostinica Riffos Hotel,,,,949.34,91000.0,1082.37,RUB,True,2026-12-26T11:00:00Z,False,nomeal,91000.0,949.34,13000,91000.0,1082.37,Двухместный номер Superior с балконом (двуспальная кровать и диван) (кровать queen size),1,9.0,101.0,965858884,Сириус,58.0,2026-09-27 07:57:31.320,4.0,,,,Сочи,январь,sochi_january.xlsx,7,13000.0,20+ км,8-9,10
"улица Бестужева, д.1 Б, Сочи",2027-01-02,2027-01-09,Сочи,Россия,RUB,24.494707,True,False,False,paradiz_hotel_2,True,False,Hotel,43.418995,39.92229,7725078,,45698.0,6528,Отель Парадиз,Paradiz Hotel,,,,476.74,45698.0,543.54,RUB,True,2026-12-19T11:00:00Z,False,nomeal,45698.0,476.74,6528,45698.0,543.54,Двухместный номер Superior с балконом (двуспальная кровать) (тип кровати может измениться),1,9.0,183.0,5580,Сочи,15.0,2026-09-27 07:57:31.320,,4.0,22.0,,Сочи,январь,sochi_january.xlsx,7,6528.285714285715,20+ км,8-9,10
"ул. Нижне-Имеретинская бухта, уч. №33, Сириус",2027-01-02,2027-01-09,Сириус,Россия,RUB,28.54733,False,False,False,sofanna_guest_house,False,False,Guesthouse,43.40019,39.968403,13870125,,53335.0,7619,Гостевой дом Софанна,Sofanna Guest house,,,,556.41,53335.0,634.37,RUB,False,,False,nomeal,53335.0,556.41,7619,53335.0,634.37,Номер Standard с балконом и с видом на внутренний двор (двуспальная кровать),1,9.7,5.0,965858884,Сириус,,2026-09-27 07:57:31.320,,,,,Сочи,январь,sochi_january.xlsx,7,7619.285714285715,20+ км,9+,10
"пер. Павлова, 11 А, Сочи",2027-01-02,2027-01-09,Сочи,Россия,RUB,47.909584,True,False,True,boutique_hotel_ayvazovskiy,True,False,Hotel,43.915195,39.338512,13114250,,56281.0,8040,Апарт-отель Айвазовский,Apartment hotel Ayvazovskiy,,,,587.14,56281.0,669.41,RUB,True,2027-01-01T12:00:00Z,False,nomeal,56281.0,587.14,8040,56281.0,669.41,Двухместный номер Deluxe (двуспальная кровать),1,9.7,45.0,5580,Сочи,10.0,2026-09-27 07:57:31.320,,,,awarded-hotel,Сочи,январь,sochi_january.xlsx,7,8040.142857142857,20+ км,9+,10
"улица Хуторская, д.71, Сириус",2027-01-02,2027-01-09,Сириус,Россия,RUB,27.472315,False,False,True,sunset_apartment_1_4,False,False,Apartment,43.411133,39.964752,13430579,,50980.0,7283,Апартаменты Sunset 1,Sunset Apartment 1,,,,531.84,50980.0,606.36,RUB,False,,False,nomeal,50980.0,531.84,7283,50980.0,606.36,Студия (двуспальная кровать),1,7.5,21.0,965858884,Сириус,,2026-09-27 07:57:31.320,,,,,Сочи,январь,sochi_january.xlsx,7,7282.857142857143,20+ км,7-8,10
"улица Островского, д.47, Сочи",2027-01-02,2027-01-09,Сочи,Россия,RUB,0.44926414,True,False,True,moe_more_hotel,False,False,Aparthotel,43.589508,39.723644,8879443,,32878.0,4697,Апарт-отель Мое Море,Moe More Aparthotel,,,,342.99,32878.0,391.06,RUB,True,2026-12-19T12:00:00Z,False,nomeal,32878.0,342.99,4697,32878.0,391.06,Двухместный номер Standard (двуспальная кровать),1,9.3,106.0,5580,Сочи,12.0,2026-09-27 07:57:31.320,,4.0,2.0,,Сочи,январь,sochi_january.xlsx,7,4696.857142857143,0-2 км,9+,10
"ул. Общинная, 7, Сочи",2027-01-02,2027-01-09,Сочи,Россия,RUB,28.580832,True,True,True,soprano_3,False,False,Hotel,43.399837,39.9685,9932514,,42797.0,6114,Отель Сопрано,Soprano Hotel,,,,446.47,42797.0,509.03,RUB,True,2027-01-01T21:00:00Z,True,breakfast,42797.0,446.47,6114,42797.0,509.03,Двухместный номер Standard (двуспальная кровать),1,9.3,243.0,5580,Сочи,25.0,2026-09-27 07:57:31.320,,4.3,27.0,awarded-hotel,Сочи,январь,sochi_january.xlsx,7,6113.857142857143,20+ км,9+,10
"улица Яна Фабрициуса, д.7, Сочи",2027-01-02,2027-01-09,Сочи,Россия,RUB,2.4505084,True,False,False,atmosfera_park_hotel,True,False,Aparthotel,43.570866,39.745903,9229084,,36036.0,5148,Отель Атмосфера Парк,Atmosfera Park Hotel,,,,375.94,36036.0,428.62,RUB,True,2026-12-26T12:00:00Z,False,nomeal,36036.0,375.94,5148,36036.0,428.62,Двухместные апартаменты Standard (двуспальная кровать),1,8.1,127.0,5580,Сочи,55.0,2026-09-27 07:57:31.320,,,,,Сочи,январь,sochi_january.xlsx,7,5148.0,2-5 км,8-9,10
"улица Просвещения, 4А, Адлер",2027-01-02,2027-01-09,Адлер,Россия,RUB,24.0028,True,False,False,oganessea,False,False,Guesthouse,43.422924,39.919224,10000345,,32200.0,4600,Грейс Рица,Grejs Ritsa,,,1532.0,335.92,32200.0,382.99,RUB,True,2026-12-26T11:00:00Z,False,nomeal,32200.0,335.92,4600,32200.0,382.99,Двухместный номер Стандарт с балконом (2 отдельные кровати) (тип кровати может измениться),1,9.0,351.0,299,Адлер,37.0,2026-09-27 07:57:31.320,,4.2,19.0,awarded-hotel,Сочи,январь,sochi_january.xlsx,7,4600.0,20+ км,8-9,8
"переулок Богдана Хмельницкого 18, Сочи",2027-01-02,2027-01-09,Сочи,Россия,RUB,23.618282,True,False,False,gostevoj_dom_larisa,True,False,Guesthouse,43.426685,39.917896,8268756,,35420.0,5060,Гостевой дом VIVA Лариса,VIVA Larisa Guest House,,,,369.51,35420.0,421.29,RUB,True,2027-01-01T11:00:00Z,False,nomeal,35420.0,369.51,5060,35420.0,421.29,Двухместный номер Стандарт (2 отдельные кровати) (тип кровати может измениться),1,7.1,74.0,5580,Сочи,19.0,2026-09-27 07:57:31.320,,3.0,13.0,,Сочи,январь,sochi_january.xlsx,7,5060.0,20+ км,7-8,10
"улица Урицкого, д.16/2, Сириус",2027-01-02,2027-01-09,Сириус,Россия,RUB,30.160334,True,False,False,sevan,False,False,Hotel,43.39095,39.983997,10013929,,30511.0,4359,Гостиница Севан,Sevan Hotel,,,,318.3,30511.0,362.9,RUB,True,2026-12-19T10:30:00Z,False,nomeal,30511.0,318.3,4359,30511.0,362.9,Двухместный номер Стандарт (двуспальная кровать) (тип кровати может измениться),1,8.3,71.0,965858884,Сириус,26.0,2026-09-27 07:57:31.320,,,,,Сочи,январь,sochi_january.xlsx,7,4358.714285714285,20+ км,8-9,10
"Листопадная улица, 34, Сириус",2027-01-02,2027-01-09,Сириус,Россия,RUB,29.030256,False,False,False,guest_house_melissa_2,True,False,Guesthouse,43.40495,39.98342,13315835,,31850.0,4550,Гостевой дом Мелисса,Guest house Melissa,,,,332.27,31850.0,378.83,RUB,False,,False,nomeal,31850.0,332.27,4550,31850.0,378.83,Двухместный номер Economy (двуспальная кровать) (внешняя собственная ванная комната),1,9.1,33.0,965858884,Сириус,,2026-09-27 07:57:31.320,,,,,Сочи,январь,sochi_january.xlsx,7,4550.0,20+ км,9+,10
"улица Интернациональная, д. 3а, Адлер",2027-01-02,2027-01-09,Адлер,Россия,RUB,24.462276,True,False,False,oazis_nadezhdy_hotel,True,False,Hotel,43.420074,39.923386,11024238,,27706.0,3958,Меблированные комнаты Оазис Надежды,Oazis Nadezhdy Living Quaters,,,,289.04,27706.0,329.54,RUB,True,2026-12-19T11:00:00Z,False,nomeal,27706.0,289.04,3958,27706.0,329.54,Двухместный номер Standard (двуспальная кровать),1,6.6,34.0,299,Адлер,71.0,2026-09-27 07:57:31.320,,,,,Сочи,январь,sochi_january.xlsx,7,3958.0,20+ км,<7,10
"улица Тростниковая, д. 67, Сириус",2027-01-02,2027-01-09,Сириус,Россия,RUB,27.40496,True,False,True,shokolad_guest_house_6,True,False,Guesthouse,43.410896,39.963245,10370465,,47740.0,6820,Гостевой Дом Шоколад,Shokolad Guest House,,,,498.04,47740.0,567.83,RUB,True,2026-12-19T11:00:00Z,False,nomeal,47740.0,498.04,6820,47740.0,567.83,Двухместный номер Standard (2 отдельные кровати),1,9.2,75.0,965858884,Сириус,,2026-09-27 07:57:31.320,,,,,Сочи,январь,sochi_january.xlsx,7,6820.0,20+ км,9+,10
"улица Южных культур, д.5, Сириус",2027-01-02,2027-01-09,Сириус,Россия,RUB,25.130716,True,False,True,zhk_solnechnyij13_apartments,True,True,Apartment,43.41584,39.9293,9763603,,112918.0,16131,Апартаменты У Моря С Бассейном в ЖК Солнечный апр12,U Morya S Basseinom v ZhK Solnechnyij apt12 Apartment,,,,1178.0,112918.0,1343.06,RUB,True,2026-12-26T11:00:00Z,False,nomeal,112918.0,1178.0,16131,112918.0,1343.06,Апартаменты Premium (2 двуспальные кровати и диван),1,9.8,3.0,965858884,Сириус,,2026-09-27 07:57:31.320,,,,,Сочи,январь,sochi_january.xlsx,7,16131.142857142857,20+ км,9+,10
"улица Парусная, д.19, Сириус",2027-01-02,2027-01-09,Сириус,Россия,RUB,26.64645,True,False,True,imeretinskiy_on_parusnaya_19_apartments,False,False,Apartment,43.40644,39.943012,10009976,,70000.0,10000,Апартаменты Imeretinskiy on Parusnaya 19,Imeretinskiy On Parusnaya 19 Apartments,,,,730.26,70000.0,832.59,RUB,True,2026-12-26T12:00:00Z,False,nomeal,70000.0,730.26,10000,70000.0,832.59,Апартаменты c 1 комнатой с балконом и с видом на море (двуспальная кровать и диван),1,9.0,22.0,965858884,Сириус,,2026-09-27 07:57:31.320,,,,,Сочи,январь,sochi_january.xlsx,7,10000.0,20+ км,8-9,10
"улица 65 Лет Победы, д. 65, корп. 1, Сириус",2027-01-02,2027-01-09,Сириус,Россия,RUB,29.46486,True,False,True,olympic_apartments_3,False,False,Aparthotel,43.395668,39.97832,9991783,,86583.0,12369,Комплекс апартаментов  Apartments Premium (первый корпус),Apartment complex  Apartments Premium (first building),,,,903.26,86583.0,1029.83,RUB,True,2026-12-26T11:00:00Z,False,nomeal,86583.0,903.26,12369,86583.0,1029.83,Апартаменты однокомнатные,1,9.3,84.0,965858884,Сириус,,2026-09-27 07:57:31.320,,,,awarded-hotel,Сочи,январь,sochi_january.xlsx,7,12369.0,20+ км,9+,10
"улица Павлика Морозова, д.64, Сочи",2027-01-02,2027-01-09,Сочи,Россия,RUB,23.37247,True,False,False,anastasiya_2,True,False,Guesthouse,43.429485,39.917637,8878148,,17402.0,2486,Гостевой дом Анастасия,Anastasiya Guest House,,,,181.54,17402.0,206.98,RUB,True,2027-01-01T11:00:00Z,False,nomeal,17402.0,181.54,2486,17402.0,206.98,Двухместный номер Economy (общая ванная комната) (2 отдельные кровати),1,8.0,76.0,5580,Сочи,22.0,2026-09-27 07:57:31.320,,,,,Сочи,январь,sochi_january.xlsx,7,2486.0,20+ км,7-8,10
"улица Цветочная, д. 15/20, Адлер",2027-01-02,2027-01-09,Адлер,Россия,RUB,25.16209,True,False,True,u_morya_na_tsvetochnoj_156_apartments,True,True,Apartment,43.418095,39.933353,9763442,,65869.0,9410,Апартаменты у моря на Цветочной 156,U Morya Na Tsvetochnoj 156 Apartments,,,,687.17,65869.0,783.46,RUB,True,2026-12-26T11:00:00Z,False,nomeal,65869.0,687.17,9410,65869.0,783.46,Апартаменты Premium (двуспальная кровать и диван),1,0.0,,299,Адлер,,2026-09-27 07:57:32.962,,,,,Сочи,январь,sochi_january.xlsx,7,9409.857142857143,20+ км,,9
"улица Навагинская, д.3/4А, Сочи",2027-01-02,2027-01-09,Сочи,Россия,RUB,0.20118852,True,False,True,sunny_sochi_hostel,True,False,Hostel,43.58478,39.720806,9994616,,21879.0,3126,Хостел Солнечный Сочи,Solnechnyj Sochi Hostel,,,,228.25,21879.0,260.23,RUB,True,2027-01-01T11:00:00Z,False,nomeal,21879.0,228.25,3126,21879.0,260.23,Двухместный номер Economy (двуспальная кровать) (без окна),1,9.6,118.0,5580,Сочи,10.0,2026-09-27 07:57:32.963,,,,awarded-hotel,Сочи,январь,sochi_january.xlsx,7,3125.5714285714284,0-2 км,9+,10
"улица Весёлая, д. 36 А, Сириус",2027-01-02,2027-01-09,Сириус,Россия,RUB,29.008566,True,False,False,kristall_guest_house_8,True,False,Guesthouse,43.40712,39.985886,13341898,,26250.0,3750,Гостевой дом Кристалл,Kristall Guest house,,,,273.85,26250.0,312.22,RUB,True,2026-12-19T11:00:00Z,False,nomeal,26250.0,273.85,3750,26250.0,312.22,Двухместный номер (2 отдельные кровати),1,9.3,30.0,965858884,Сириус,38.0,2026-09-27 07:57:32.963,,,,,Сочи,январь,sochi_january.xlsx,7,3750.0,20+ км,9+,10
"Курортный проспект, д.19/4, Сочи",2027-01-02,2027-01-09,Сочи,Россия,RUB,0.4240289,True,False,False,miniotel_helix,False,False,Mini-hotel,43.58184,39.721542,8870700,,50400.0,7200,Мини-Отель Helix,Helix Mini-Hotel,,,,525.79,50400.0,599.46,RUB,True,2026-12-26T11:00:00Z,False,nomeal,50400.0,525.79,7200,50400.0,599.46,Двухместный номер Улучшенный (двуспальная кровать),1,9.3,332.0,5580,Сочи,15.0,2026-09-27 07:57:32.963,3.0,4.2,18.0,awarded-hotel,Сочи,январь,sochi_january.xlsx,7,7200.0,0-2 км,9+,10
"улица Просвещения, д.109 Г, Сочи",2027-01-02,2027-01-09,Сочи,Россия,RUB,18.185665,True,False,True,reskator,True,False,Hotel,43.476933,39.892044,8741828,,27300.0,3900,Reskator Hotel,Reskator Living quarters,,,,284.8,27300.0,324.71,RUB,True,2026-12-26T11:00:00Z,False,nomeal,27300.0,284.8,3900,27300.0,324.71,Трёхместный номер Standard рядом с пляжем (двуспальная кровать и односпальная кровать),1,8.8,93.0,5580,Сочи,26.0,2026-09-27 07:57:32.963,,,,,Сочи,январь,sochi_january.xlsx,7,3900.0,10-20 км,8-9,9
"улица Тюльпанов, д.10 лит Д, Сириус",2027-01-02,2027-01-09,Сириус,Россия,RUB,24.86704,True,False,False,morskoy_yakor_guest_house,True,False,Guesthouse,43.42114,39.932518,10666727,,41544.0,5935,Гостевой дом Морской Якорь,Morskoy Yakor Guest house,,,,433.4,41544.0,494.13,RUB,True,2026-12-28T11:00:00Z,False,nomeal,41544.0,433.4,5935,41544.0,494.13,Трёхместный номер Superior (двуспальная кровать и односпальная кровать),1,9.6,83.0,965858884,Сириус,,2026-09-27 07:57:32.963,,,,awarded-hotel,Сочи,январь,sochi_january.xlsx,7,5934.857142857143,20+ км,9+,10
"ул. Молодежная, 34, Сочи",2027-01-02,2027-01-09,Сочи,Россия,RUB,21.463028,False,False,False,grant_3,False,False,Hotel,43.733986,39.552387,9226618,,8448.0,1207,Меблированные комнаты Грант,Grant Living Quarters,,,,88.13,8448.0,100.48,RUB,False,,False,nomeal,8448.0,88.13,1207,8448.0,100.48,Трёхместный номер Эконом (общая ванная комната) (двуспальная кровать и односпальная кровать),1,9.3,27.0,5580,Сочи,,2026-09-27 07:57:32.963,,,,,Сочи,январь,sochi_january.xlsx,7,1206.857142857143,20+ км,9+,10
"Курортный Проспект, 50, Сочи",2027-01-02,2027-01-09,Сочи,Россия,RUB,1.0576504,True,False,True,gostinichnyi_kompleks_sochimagnoliia,True,False,Hotel,43.577232,39.72966,6519761,,42391.0,6056,Отель Магнолия,Magnoliya Hotel,,,,442.24,42391.0,504.2,RUB,True,2026-12-29T21:00:00Z,False,nomeal,42391.0,442.24,6056,42391.0,504.2,Двухместный номер Стандартный с балконом и с видом на город (двуспальная кровать),1,8.8,335.0,5580,Сочи,177.0,2026-09-27 07:57:32.963,3.0,4.0,149.0,,Сочи,январь,sochi_january.xlsx,7,6055.857142857143,0-2 км,8-9,10
"Курортный проспект, д. 75, Сочи",2027-01-02,2027-01-09,Сочи,Россия,RUB,1.9694349,True,False,False,svetlana_district_by_the_sea_apartaments_3,False,False,Apartment,43.56983,39.73459,13433199,,56525.0,8075,Апартаменты Комфорт Svetlana District by the Sea 3,Komfort Svetlana District by the Sea 3 Apartments,,,,589.69,56525.0,672.32,RUB,True,2026-12-30T12:00:00Z,False,nomeal,56525.0,589.69,8075,56525.0,672.32,Трёхместные апартаменты Comfort (двуспальная кровать) (кресло-кровать),1,8.3,16.0,5580,Сочи,,2026-09-27 07:57:32.963,,,,,Сочи,январь,sochi_january.xlsx,7,8075.0,0-2 км,8-9,10
"Виноградная улица, 2/3В, Сочи",2027-01-02,2027-01-09,Сочи,Россия,RUB,1.1952624,False,False,True,apartotel_rivyera_park_alfa_apartamenty,True,False,Apartment,43.595654,39.718273,11255614,,64615.0,9231,Апартаменты Ривьера Парк,Apartments Riviera Park,,,,674.09,64615.0,768.54,RUB,False,,False,nomeal,64615.0,674.09,9231,64615.0,768.54,Двухместные апартаменты Comfort с 2 комнатами с видом на город (двуспальная кровать и диван),1,9.6,13.0,5580,Сочи,,2026-09-27 07:57:32.963,,,,,Сочи,январь,sochi_january.xlsx,7,9230.714285714286,0-2 км,9+,10
"улица Нагорный тупик, д.13Б, Сириус",2027-01-02,2027-01-09,Сириус,Россия,RUB,25.1985,False,False,False,near_the_sea_apartments_2,False,False,Hostel,43.41639,39.93142,10862545,,29611.0,4230,Жилое помещение Рядом с Морем,Near the Sea,,,,308.91,29611.0,352.2,RUB,False,,False,nomeal,29611.0,308.91,4230,29611.0,352.2,Двухместная студия Comfort (двуспальная кровать и диван),1,9.4,118.0,965858884,Сириус,,2026-09-27 07:57:32.963,,,,awarded-hotel,Сочи,январь,sochi_january.xlsx,7,4230.142857142857,20+ км,9+,10
"улица Азовская, д.11Б/1, Сочи",2027-01-02,2027-01-09,Сочи,Россия,RUB,16.997698,True,False,False,guest_house_elling_solnechniy,True,False,Hotel,43.701015,39.584568,6639334,,13864.0,1981,Меблированные комнаты Эллинг Солнечный,Elling Solnechniy Living quarters,,,,144.63,13864.0,164.9,RUB,True,2026-12-03T10:00:00Z,False,nomeal,13864.0,144.63,1981,13864.0,164.9,Апартаменты эконом-класса с видом на сад (двуспальная кровать),1,8.5,45.0,5580,Сочи,4.0,2026-09-27 07:57:32.963,,,,,Сочи,январь,sochi_january.xlsx,7,1980.5714285714287,10-20 км,8-9,10
"улица 65 лет Победы, д. 65, Сириус",2027-01-02,2027-01-09,Сириус,Россия,RUB,29.470766,False,False,True,sea_side_apartments_8,False,False,Apartment,43.395298,39.9779,9993149,,138533.0,19790,Апартаменты Море гор,More gor Apartments,,,,1445.23,138533.0,1647.73,RUB,False,,False,nomeal,138533.0,1445.23,19790,138533.0,1647.73,Апартаменты Superior,1,9.2,48.0,965858884,Сириус,,2026-09-27 07:57:32.963,,,,awarded-hotel,Сочи,январь,sochi_january.xlsx,7,19790.428571428572,20+ км,9+,7
"улица Бзугу, д.10, Сочи",2027-01-02,2027-01-09,Сочи,Россия,RUB,3.61573,True,False,True,porto_apart_hotel_aparthotel,True,False,Hotel,43.561882,39.75403,11294731,,48913.0,6988,Порто Апарт Отель,Porto Apart Hotel,,,,510.28,48913.0,581.78,RUB,True,2026-12-28T11:00:00Z,False,nomeal,48913.0,510.28,6988,48913.0,581.78,Двухместные апартаменты Superior с видом на море (двуспальная кровать и диван),1,9.2,13.0,5580,Сочи,28.0,2026-09-27 07:57:32.963,,,,,Сочи,январь,sochi_january.xlsx,7,6987.571428571428,2-5 км,9+,10
"улица Изумрудная, 38/1, Сочи",2027-01-02,2027-01-09,Сочи,Россия,RUB,20.479254,True,False,False,resort_villa_dalila,True,False,Hotel,43.458984,39.90795,13128484,,34896.0,4985,Отель Вилла Далила,Villa Dalila Hotel,,,,364.05,34896.0,415.06,RUB,True,2026-12-31T21:00:00Z,False,nomeal,34896.0,364.05,4985,34896.0,415.06,Двухместные апартаменты Comfort (двуспальная кровать и диван),1,8.2,43.0,5580,Сочи,28.0,2026-09-27 07:57:32.963,3.0,,,,Сочи,январь,sochi_january.xlsx,7,4985.142857142857,20+ км,8-9,10
"улица Общинная, д.49, Сириус",2027-01-02,2027-01-09,Сириус,Россия,RUB,29.008734,True,False,False,aqua_minihotel,False,False,Guesthouse,43.398136,39.97371,11292300,,350000.0,50000,Гостевой дом Аква,Aqua Guest House,,,,3651.32,350000.0,4162.95,RUB,True,2026-12-03T11:00:00Z,False,nomeal,350000.0,3651.32,50000,350000.0,4162.95,Двухместные апартаменты с 2 комнатами с балконом (двуспальная кровать и диван) (кухня),1,9.3,66.0,965858884,Сириус,,2026-09-27 07:57:32.963,,,,awarded-hotel,Сочи,январь,sochi_january.xlsx,7,50000.0,20+ км,9+,10
"улица Тюльпанов, дом 1А, Сириус",2027-01-02,2027-01-09,Сириус,Россия,RUB,24.76658,True,False,False,grejs_vremena_goda,False,False,Guesthouse,43.422592,39.932846,9081975,,42798.0,6114,Гостевой дом Времена Года,Vremena Goda Guest house,,,,446.48,42798.0,509.05,RUB,True,2026-12-31T21:00:00Z,False,nomeal,42798.0,446.48,6114,42798.0,509.05,Двухместный номер Standard с балконом (двуспальная кровать) (тип кровати может измениться),1,9.3,257.0,965858884,Сириус,23.0,2026-09-27 07:57:32.963,,4.2,66.0,awarded-hotel,Сочи,январь,sochi_january.xlsx,7,6114.0,20+ км,9+,10
"улица Станиславского, д. 15, Сириус",2027-01-02,2027-01-09,Сириус,Россия,RUB,24.598467,True,False,False,madlen_guest_house_2,False,False,Guesthouse,43.422283,39.929314,13109429,,19394.0,2771,Гостевой дом Мадлен,Madlen Guest House,,,,202.33,19394.0,230.67,RUB,True,2027-01-01T11:00:00Z,False,nomeal,19394.0,202.33,2771,19394.0,230.67,Двухместный номер Classic (двуспальная кровать),1,8.4,51.0,965858884,Сириус,15.0,2026-09-27 07:57:32.963,,,,,Сочи,январь,sochi_january.xlsx,7,2770.5714285714284,20+ км,8-9,4
"улица Просвещения, д.138А, Сочи",2027-01-02,2027-01-09,Сочи,Россия,RUB,18.46887,True,False,False,marta_hotel_2,False,False,Resort,43.47512,39.894524,11199679,,14529.0,2076,Гостевой Дом Марта,Marta Guest House,,,,151.57,14529.0,172.81,RUB,True,2026-12-30T09:00:00Z,False,nomeal,14529.0,151.57,2076,14529.0,172.81,Двухместный номер Classic (2 отдельные кровати),1,8.6,442.0,5580,Сочи,16.0,2026-09-27 07:57:32.963,,2.9,10.0,,Сочи,январь,sochi_january.xlsx,7,2075.5714285714284,10-20 км,8-9,10
"улица Железнодорожная, д.9, Сочи",2027-01-02,2027-01-09,Сочи,Россия,RUB,14.369967,True,False,False,breez_hotel,False,False,Hotel,43.508953,39.866932,7777376,,28000.0,4000,Отель Бриз,Briz Hotel,,,,292.11,28000.0,333.04,RUB,True,2027-01-01T11:00:00Z,False,nomeal,28000.0,292.11,4000,28000.0,333.04,Полулюкс с 2 комнатами рядом с пляжем (двуспальная кровать и диван),1,8.2,62.0,5580,Сочи,13.0,2026-09-27 07:57:32.963,,2.4,15.0,,Сочи,январь,sochi_january.xlsx,7,4000.0,10-20 км,8-9,3
"улица Кирова, д.95, Сочи",2027-01-02,2027-01-09,Сочи,Россия,RUB,23.894526,True,False,False,v_tsentre_adlera_flat_5,False,False,Apartment,43.4286,39.925873,13674285,,50045.0,7149,Квартира в центре Адлера,V Tsentre Adlera Flat,,,,522.09,50045.0,595.24,RUB,True,2027-01-01T12:00:00Z,False,nomeal,50045.0,522.09,7149,50045.0,595.24,Апартаменты (двуспальная кровать и диван),1,9.5,6.0,5580,Сочи,,2026-09-27 07:57:34.863,,,,,Сочи,январь,sochi_january.xlsx,7,7149.285714285715,20+ км,9+,10
"улица Таврическая, д.7, корп.3, Сириус",2027-01-02,2027-01-09,Сириус,Россия,RUB,30.43187,False,False,True,artlayt_okolo_morya_apartments,True,False,Apartment,43.390343,39.987957,13315834,,118445.0,16921,Апартаменты АртЛайт около Моря,Artlayt Okolo Morya Apartments,,,,1235.66,118445.0,1408.8,RUB,False,,False,nomeal,118445.0,1235.66,16921,118445.0,1408.8,Апартаменты с балконом (двуспальная кровать и диван),1,9.8,4.0,965858884,Сириус,,2026-09-27 07:57:34.863,,,,,Сочи,январь,sochi_january.xlsx,7,16920.714285714286,20+ км,9+,10
"улица Старонасыпная, д.1, Сочи",2027-01-02,2027-01-09,Сочи,Россия,RUB,24.094397,True,False,True,center_plaza_aparthotel,False,False,Hotel,43.427547,39.927948,8878656,,55440.0,7920,Center Plaza,Center Plaza,,,,578.37,55440.0,659.41,RUB,True,2026-12-26T11:00:00Z,False,nomeal,55440.0,578.37,7920,55440.0,659.41,Двухместный Апартаменты Лофт Двухуровневые (двуспальная кровать и диван),1,8.1,43.0,5580,Сочи,23.0,2026-09-27 07:57:34.863,,,,,Сочи,январь,sochi_january.xlsx,7,7920.0,20+ км,8-9,7
"улица Красная, д.41А, Сочи",2027-01-02,2027-01-09,Сочи,Россия,RUB,1.0216261,True,False,True,the_white_residence_guest_house,False,False,Guesthouse,43.581097,39.734264,10134309,,85892.0,12270,Гостевой дом The White Residence,The White Residence Guest House,,,,896.06,85892.0,1021.61,RUB,True,2026-12-30T11:00:00Z,False,nomeal,85892.0,896.06,12270,85892.0,1021.61,Двухместный номер Deluxe (двуспальная кровать),1,9.6,54.0,5580,Сочи,13.0,2026-09-27 07:57:34.863,,5.0,4.0,,Сочи,январь,sochi_january.xlsx,7,12270.285714285714,0-2 км,9+,10
"улица Карла Маркса, д.12, Сочи",2027-01-02,2027-01-09,Сочи,Россия,RUB,24.24946,True,False,False,imperiya_hotel_4,True,False,Guesthouse,43.42104,39.9209,11163350,,50918.0,7274,Гостевой дом Империя,Imperiya Guest House,,,,531.19,50918.0,605.63,RUB,True,2027-01-01T11:00:00Z,False,nomeal,50918.0,531.19,7274,50918.0,605.63,Двухместный номер Standard (2 отдельные кровати) (тип кровати может измениться),1,8.0,111.0,5580,Сочи,41.0,2026-09-27 07:57:34.863,,3.8,37.0,,Сочи,январь,sochi_january.xlsx,7,7274.0,20+ км,7-8,10
"улица Станиславского, д.24/1, Сочи",2027-01-02,2027-01-09,Сочи,Россия,RUB,24.670368,True,False,True,guest_house_yana_4,True,False,Guesthouse,43.42133,39.929195,13125944,,26487.0,3784,Гостевой дом Яна,Guest house Yana,,,,276.32,26487.0,315.04,RUB,True,2026-12-26T12:00:00Z,False,nomeal,26487.0,276.32,3784,26487.0,315.04,Двухместный номер Standard с видом на реку (двуспальная кровать),1,9.0,188.0,5580,Сочи,15.0,2026-09-27 07:57:34.863,,,,,Сочи,январь,sochi_january.xlsx,7,3783.8571428571427,20+ км,8-9,10
"улица Депутатская, д.12/10Б, Сочи",2027-01-02,2027-01-09,Сочи,Россия,RUB,1.7404636,False,False,False,delsochi,True,False,Hotel,43.575825,39.74013,8747326,,20707.0,2958,Меблированные комнаты Delsochi,Delsochi Living Quaters,,,,216.02,20707.0,246.29,RUB,False,,False,nomeal,20707.0,216.02,2958,20707.0,246.29,Двухместный номер с видом на внутренний двор (двуспальная кровать) (внешняя собственная ванная комната),1,8.3,128.0,5580,Сочи,,2026-09-27 07:57:34.863,,,,,Сочи,январь,sochi_january.xlsx,7,2958.1428571428573,0-2 км,8-9,10
"улица Станиславского, д.23, Сириус",2027-01-02,2027-01-09,Сириус,Россия,RUB,24.767488,True,False,False,gostinitsa_marmaris,False,False,Guesthouse,43.420143,39.929184,6509929,,29612.0,4230,Гостевой дом Мармарис,Marmaris Guest House,,,,308.92,29612.0,352.21,RUB,True,2026-12-18T21:00:00Z,False,nomeal,29612.0,308.92,4230,29612.0,352.21,Двухместный номер Бюджетный (двуспальная кровать),1,8.7,135.0,965858884,Сириус,29.0,2026-09-27 07:57:34.863,,4.1,26.0,,Сочи,январь,sochi_january.xlsx,7,4230.285714285715,20+ км,8-9,10
"улица Ульянова, д.16, Сочи",2027-01-02,2027-01-09,Сочи,Россия,RUB,23.79798,True,False,False,atlant_hotel_2,False,False,Hotel,43.42485,39.9184,8165749,,54896.0,7842,Отель Атлант,Atlant Hotel,,,,572.69,54896.0,652.94,RUB,True,2027-01-01T12:00:00Z,False,nomeal,54896.0,572.69,7842,54896.0,652.94,Двухместный Номер корпус Атлант Стандарт Мансарда (двуспальная кровать),1,9.1,213.0,5580,Сочи,6.0,2026-09-27 07:57:34.863,3.0,4.5,65.0,,Сочи,январь,sochi_january.xlsx,7,7842.285714285715,20+ км,9+,10
"ул. 65 лет победы, д. 8, Сириус",2027-01-02,2027-01-09,Сириус,Россия,RUB,28.66456,True,True,False,guest_house_tiadel,False,False,Guesthouse,43.398357,39.96786,13431161,,71955.0,10279,Гостевой дом Тиадель,Tiadele Guest House,,,,750.66,71955.0,855.84,RUB,True,2027-01-01T20:00:00Z,True,breakfast,71955.0,750.66,10279,71955.0,855.84,Двухместный номер Стандарт на 1 этаже (двуспальная кровать),1,9.4,153.0,965858884,Сириус,10.0,2026-09-27 07:57:34.863,,,,,Сочи,январь,sochi_january.xlsx,7,10279.285714285714,20+ км,9+,10
"улица Ленина, д.298Б/6, Сочи",2027-01-02,2027-01-09,Сочи,Россия,RUB,17.946,True,False,True,uyutnaya_kvartira_u_morya_ot_progosti_apartments,True,True,Apartment,43.482735,39.89498,10442651,,64980.0,9283,Квартира Двухкомнатная у моря,Dvukhkomnatnaya U Morya Flat,,,,677.89,64980.0,772.88,RUB,True,2026-12-19T12:00:00Z,False,nomeal,64980.0,677.89,9283,64980.0,772.88,Апартаменты с 2 комнатами (двуспальная кровать и диван) (кресло-кровать),1,9.6,2.0,5580,Сочи,,2026-09-27 07:57:34.863,,,,,Сочи,январь,sochi_january.xlsx,7,9282.857142857143,10-20 км,9+,10
"Краснодарский Край, г.о. город-курорт Сочи, г Сочи, р-н Хостинский, ул Новороссийское шоссе, д. 17/1, к. 7, Сочи",2027-01-02,2027-01-09,Сочи,Россия,RUB,8.470779,True,True,False,ozdorovitelnyi_kompleks_sputnik,False,False,Hotel,43.539143,39.80664,7861161,,215460.0,30780,Курортный отель Alean Family Sputnik,Alean Family Sputnik Hotel,,,1835.0,2247.75,215460.0,2562.71,RUB,True,2026-12-19T12:00:00Z,True,ultra-all-inclusive,215460.0,2247.75,30780,215460.0,2562.71,Двухместный номер Стандарт c 1 комнатой с балконом (двуспальная кровать),1,8.9,1511.0,5580,Сочи,271.0,2026-09-27 07:57:34.863,4.0,4.6,1490.0,awarded-hotel,Сочи,январь,sochi_january.xlsx,7,30780.0,5-10 км,8-9,10
"Тоннельная улица, д.23 Б, Сочи",2027-01-02,2027-01-09,Сочи,Россия,RUB,0.61234945,True,False,False,vostok_guest_house_2,False,False,Guesthouse,43.586945,39.730446,9079349,,38454.0,5493,Гостевой дом Vostok,Vostok Guest house,,,,401.17,38454.0,457.38,RUB,True,2026-12-31T10:30:00Z,False,nomeal,38454.0,401.17,5493,38454.0,457.38,Двухместный номер Standard (2 отдельные кровати),1,8.5,58.0,5580,Сочи,,2026-09-27 07:57:34.863,,,,,Сочи,январь,sochi_january.xlsx,7,5493.428571428572,0-2 км,8-9,10
"р-н Хостинский, улица Депутатская, д. 9/3, Сочи",2027-01-02,2027-01-09,Сочи,Россия,RUB,2.0300994,True,False,False,room_hotel_2,False,False,Hotel,43.5707,39.73793,9989996,,35334.0,5048,Отель RoomHotel,Room Hotel,,,,368.62,35334.0,420.27,RUB,True,2027-01-01T10:30:00Z,False,nomeal,35334.0,368.62,5048,35334.0,420.27,Двухместный номер Стандарт (двуспальная кровать),1,8.2,44.0,5580,Сочи,27.0,2026-09-27 07:57:34.863,3.0,,,,Сочи,январь,sochi_january.xlsx,7,5047.714285714285,2-5 км,8-9,9
"улица Несебрская, д.14, Сочи",2027-01-02,2027-01-09,Сочи,Россия,RUB,0.44719478,True,False,True,apartamentyi_na_nesebrskoj,True,True,Apartment,43.583427,39.718334,8486835,,118861.0,16980,Квартира на Несебрской,Na Nesebrskoy Flat,,,,1240.0,118861.0,1413.75,RUB,True,2026-12-26T11:00:00Z,False,nomeal,118861.0,1240.0,16980,118861.0,1413.75,Двухместные апартаменты Deluxe с балконом и с красивым видом из окна (двуспальная кровать и диван),1,9.4,13.0,5580,Сочи,,2026-09-27 07:57:34.863,,,,,Сочи,январь,sochi_january.xlsx,7,16980.14285714286,0-2 км,9+,10
"переулок Кувшинок, д. 7, корп. 1, Сириус",2027-01-02,2027-01-09,Сириус,Россия,RUB,27.115147,True,False,True,na_kuvshinok_7k1_22_flat,False,True,Apartment,43.41406,39.962517,13390067,,27706.0,3958,Квартира на Кувшинок 7к1 22,Na Kuvshinok 7k1 22 Flat,,,,289.04,27706.0,329.54,RUB,True,2026-12-03T11:00:00Z,False,nomeal,27706.0,289.04,3958,27706.0,329.54,"Двухместные апартаменты c 1 комнатой с балконом (двуспальная кровать) (кровать queen size, внешняя собственная ванная комната)",1,9.8,2.0,965858884,Сириус,,2026-09-27 07:57:34.863,,,,,Сочи,январь,sochi_january.xlsx,7,3958.0,20+ км,9+,10
"Перепелиный переулок, д.31, Сириус",2027-01-02,2027-01-09,Сириус,Россия,RUB,27.111609,False,False,False,asteriya_sirius_boutiquehotel,True,False,Guesthouse,43.411865,39.959427,10517672,,59057.0,8437,Гостевой дом Астерия Сириус,Asteriya Sirius Guest House,,,,616.1,59057.0,702.43,RUB,False,,False,nomeal,59057.0,616.1,8437,59057.0,702.43,Двухместные апартаменты Стандартные (двуспальная кровать),1,9.6,114.0,965858884,Сириус,15.0,2026-09-27 07:57:34.863,,,,awarded-hotel,Сочи,январь,sochi_january.xlsx,7,8436.714285714286,20+ км,9+,10
"Весёлое, улица Мира, д.20В, Сочи",2027-01-02,2027-01-09,Сочи,Россия,RUB,29.803888,True,False,False,alfa_aparthotel_2,False,False,Aparthotel,43.410458,40.00328,10012091,,44974.0,6425,Апарт-отель Альфа,Alfa Apart-Hotel,,,,469.18,44974.0,534.93,RUB,True,2026-12-13T10:30:00Z,False,nomeal,44974.0,469.18,6425,44974.0,534.93,Апартаменты Standard (двуспальная кровать),1,8.4,8.0,5580,Сочи,15.0,2026-09-27 07:57:34.863,3.0,,,,Сочи,январь,sochi_january.xlsx,7,6424.857142857143,20+ км,8-9,10
"улица Кирова, д.95, Сочи",2027-01-02,2027-01-09,Сочи,Россия,RUB,23.894526,True,False,True,mirror_family_4_hotel,True,False,Hotel,43.4286,39.925873,10485615,,59760.0,8537,Отель Mirror Family,Mirror Family Hotel,,,,623.44,59760.0,710.79,RUB,True,2027-01-01T12:00:00Z,False,nomeal,59760.0,623.44,8537,59760.0,710.79,Двухместный номер Стандартный (двуспальная кровать),1,7.8,134.0,5580,Сочи,137.0,2026-09-27 07:57:34.863,4.0,4.0,5.0,,Сочи,январь,sochi_january.xlsx,7,8537.142857142857,20+ км,7-8,10
"улица Павлика Морозова, 80, Сочи",2027-01-02,2027-01-09,Сочи,Россия,RUB,23.219187,True,False,False,grant_hotel_3,True,False,Guesthouse,43.430344,39.91611,9244859,,35514.0,5073,Гостевой дом Грант,Grant Guest House,,,,370.49,35514.0,422.41,RUB,True,2027-01-01T11:00:00Z,False,nomeal,35514.0,370.49,5073,35514.0,422.41,Двухместный номер Standard (двуспальная кровать),1,8.3,55.0,5580,Сочи,32.0,2026-09-27 07:57:34.863,,3.0,2.0,,Сочи,январь,sochi_january.xlsx,7,5073.428571428572,20+ км,8-9,10
"улица Войкова, д.34, Сочи",2027-01-02,2027-01-09,Сочи,Россия,RUB,0.2837227,True,False,True,tasmana_apartments,False,False,Apartment,43.583244,39.724804,10005699,,77630.0,11090,"Апартаменты M Apartments, Tasmana",Tasmana Apartment,,,,809.86,77630.0,923.34,RUB,True,2026-12-03T12:00:00Z,False,nomeal,77630.0,809.86,11090,77630.0,923.34,Апартаменты с балконом и с красивым видом из окна (двуспальная кровать и диван),1,9.3,42.0,5580,Сочи,,2026-09-27 07:57:36.663,,,,,Сочи,январь,sochi_january.xlsx,7,11090.0,0-2 км,9+,9
"р-н Хостинский, проспект Курортный, д. 70, Сочи",2027-01-02,2027-01-09,Сочи,Россия,RUB,2.12898,True,False,False,hotel_il_punto_by_provence_2,True,False,Hotel,43.5701,39.738873,13175491,,48754.0,6965,Отель IL Punto,IL Punto Hotel,,,,508.62,48754.0,579.89,RUB,True,2027-01-01T11:30:00Z,False,nomeal,48754.0,508.62,6965,48754.0,579.89,Двухместная студия Панорама Парк (двуспальная кровать) (кровать queen size),1,9.0,81.0,5580,Сочи,30.0,2026-09-27 07:57:36.663,3.0,,,awarded-hotel,Сочи,январь,sochi_january.xlsx,7,6964.857142857143,2-5 км,8-9,10
"Бульвар Надежд, д.42, Сочи",2027-01-02,2027-01-09,Сочи,Россия,RUB,30.677614,False,False,False,gostinitsa_ekaterininskij_kvartal_hotel,False,False,Hotel,43.390553,39.992573,11247607,,25200.0,3600,Отель Екатерининский Квартал,Gostinitsa Ekaterininskij Kvartal Hotel,,,,262.9,25200.0,299.73,RUB,False,,False,nomeal,25200.0,262.9,3600,25200.0,299.73,Двухместный номер Стандарт Эконом (2 отдельные кровати),1,8.1,2202.0,5580,Сочи,1232.0,2026-09-27 07:57:36.663,3.0,3.6,2069.0,,Сочи,январь,sochi_january.xlsx,7,3600.0,20+ км,8-9,10
"улица Станиславского, д.38, Сириус",2027-01-02,2027-01-09,Сириус,Россия,RUB,24.76964,True,False,False,zhemchuzhina_zarechyya_guest_house,True,False,Guesthouse,43.419773,39.928658,13872376,,45006.0,6429,Гостевой дом Жемчужина заречья,Zhemchuzhina Zarechyya Guest house,,,,469.52,45006.0,535.31,RUB,True,2026-12-26T11:00:00Z,False,nomeal,45006.0,469.52,6429,45006.0,535.31,Номер Superior с балконом и с видом на горы (двуспальная кровать и односпальная кровать),1,8.4,11.0,965858884,Сириус,,2026-09-27 07:57:36.663,,,,,Сочи,январь,sochi_january.xlsx,7,6429.428571428572,20+ км,8-9,10
"Павлика Морозова, д. 80/1, Сочи",2027-01-02,2027-01-09,Сочи,Россия,RUB,23.23626,True,False,False,grant_guest_house,False,False,Guesthouse,43.43023,39.916252,9290827,,24799.0,3543,Гостевой дом Грант 2,Grant 2 Guest House,,,,258.71,24799.0,294.96,RUB,True,2027-01-01T10:30:00Z,False,nomeal,24799.0,258.71,3543,24799.0,294.96,Трёхместный номер Comfort (двуспальная кровать),1,6.6,9.0,5580,Сочи,,2026-09-27 07:57:36.663,,,,,Сочи,январь,sochi_january.xlsx,7,3542.714285714286,20+ км,<7,10
"улица Роз, д. 61, Сочи",2027-01-02,2027-01-09,Сочи,Россия,RUB,0.6937059,True,False,True,apartamentyi_dvuhkomnatnyie_na_roz_61,True,True,Apartment,43.5916,39.721375,10008973,,56102.0,8015,Квартира Уютная в Тихом Центре на Роз 61 10 Минут до Моря,Uyutnaya v Tihom Centre na Roz 61 10 Minut do Morya Flat,,,,585.28,56102.0,667.29,RUB,True,2026-12-23T11:00:00Z,False,nomeal,56102.0,585.28,8015,56102.0,667.29,Двухместные апартаменты с 2 комнатами (двуспальная кровать),1,10.0,38.0,5580,Сочи,,2026-09-27 07:57:36.663,,,,,Сочи,январь,sochi_january.xlsx,7,8014.571428571428,0-2 км,9+,10
"улица 8 Марта, д.20А, Сочи",2027-01-02,2027-01-09,Сочи,Россия,RUB,23.309027,True,False,False,gavana_hotel,True,False,Guesthouse,43.428474,39.914898,7387315,,16489.0,2356,Гостевой дом Гавана,Havana Guest House,,,,172.02,16489.0,196.12,RUB,True,2026-12-28T10:30:00Z,False,nomeal,16489.0,172.02,2356,16489.0,196.12,Двухместный номер Стандартный (2 отдельные кровати),1,8.1,196.0,5580,Сочи,27.0,2026-09-27 07:57:36.663,,3.7,40.0,,Сочи,январь,sochi_january.xlsx,7,2355.5714285714284,20+ км,8-9,10
"переулок Богдана Хмельницкого, д. 11, Сочи",2027-01-02,2027-01-09,Сочи,Россия,RUB,23.618963,True,False,False,light_house_12,False,False,Guesthouse,43.4261,39.917,10329422,,20852.0,2979,Гостевой дом Семейный,Semejnyj Guest House,,,,217.54,20852.0,248.02,RUB,True,2026-12-30T10:30:00Z,False,nomeal,20852.0,217.54,2979,20852.0,248.02,Двухместный номер Standard с балконом (двуспальная кровать),1,8.9,69.0,5580,Сочи,49.0,2026-09-27 07:57:36.663,,4.3,7.0,,Сочи,январь,sochi_january.xlsx,7,2978.8571428571427,20+ км,8-9,10
"улица Просвещения, 101А, Сочи",2027-01-02,2027-01-09,Сочи,Россия,RUB,18.377287,False,False,False,astoria_67,False,False,Guesthouse,43.475636,39.893635,9991979,,11617.0,1660,Гостевой дом Астория,Astoria Guest House,,,,121.19,11617.0,138.17,RUB,False,,False,nomeal,11617.0,121.19,1660,11617.0,138.17,Номер Standard рядом с пляжем,1,6.5,110.0,5580,Сочи,82.0,2026-09-27 07:57:36.663,,,,,Сочи,январь,sochi_january.xlsx,7,1659.5714285714287,10-20 км,<7,6
"Лазурная улица, д.14, Сочи",2027-01-02,2027-01-09,Сочи,Россия,RUB,18.526903,True,False,False,dzhulyetta_hotel,True,False,Guesthouse,43.47524,39.89563,13679836,,17420.0,2489,Гостевой дом Джульетта,Dzhulyetta Guest house,,,,181.73,17420.0,207.2,RUB,True,2027-01-01T11:00:00Z,False,nomeal,17420.0,181.73,2489,17420.0,207.2,Двухместный семейный номер Стандарт с балконом и с видом на внутренний двор (2 отдельные кровати),1,8.7,57.0,5580,Сочи,6.0,2026-09-27 07:57:36.663,,,,,Сочи,январь,sochi_january.xlsx,7,2488.5714285714284,10-20 км,8-9,10
"пос. Дагомыс, улица Ленинградская, д.21/3, Дагомыс",2027-01-02,2027-01-09,Дагомыс,Россия,RUB,9.366859,True,False,False,rio_8,False,False,Guesthouse,43.653847,39.654987,6648235,,24385.0,3484,Гостевой дом Рио,Rio Guest House,,,,254.39,24385.0,290.04,RUB,True,2027-01-01T11:00:00Z,False,nomeal,24385.0,254.39,3484,24385.0,290.04,Двухместный номер Стандартный (2 отдельные кровати) (тип кровати может измениться),1,7.6,44.0,965821552,Дагомыс,24.0,2026-09-27 07:57:36.663,,5.0,1.0,,Сочи,январь,sochi_january.xlsx,7,3483.5714285714284,5-10 км,7-8,10
"улица Пирогова, д.2/3, Сочи",2027-01-02,2027-01-09,Сочи,Россия,RUB,2.4182851,True,True,False,radugaprestizh_hotel,True,False,Hotel,43.60688,39.71762,7672110,,40042.0,5720,Отель Радуга-Престиж,Raduga-Prestizh Hotel,,,,417.73,40042.0,476.27,RUB,True,2027-01-01T21:00:00Z,True,breakfast,40042.0,417.73,5720,40042.0,476.27,Двухместный номер Standard (двуспальная кровать),1,8.6,204.0,5580,Сочи,12.0,2026-09-27 07:57:36.663,3.0,4.2,79.0,,Сочи,январь,sochi_january.xlsx,7,5720.285714285715,2-5 км,8-9,5
"Староклубная улица, д.1, Сириус",2027-01-02,2027-01-09,Сириус,Россия,RUB,29.620115,True,False,False,svetlana_hotel_5,False,False,Guesthouse,43.395336,39.980606,11153832,,16615.0,2374,Гостевой Дом Светлана,Svetlana Guest House,,,,173.33,16615.0,197.62,RUB,True,2026-12-19T11:00:00Z,False,nomeal,16615.0,173.33,2374,16615.0,197.62,Двухместный номер Standard (2 отдельные кровати),1,7.9,35.0,965858884,Сириус,56.0,2026-09-27 07:57:36.663,,3.3,3.0,,Сочи,январь,sochi_january.xlsx,7,2373.5714285714284,20+ км,7-8,6
"Курортный проспект, д. 92/5, Сочи",2027-01-02,2027-01-09,Сочи,Россия,RUB,4.0321836,True,False,True,ideal_khauz_apartments_9,False,False,Apartment,43.56246,39.761826,13385397,,69266.0,9895,Апартаменты Идеал Хауз 9,Ideal Khauz 9 Apartments,,,,722.61,69266.0,823.86,RUB,True,2026-12-13T11:00:00Z,False,nomeal,69266.0,722.61,9895,69266.0,823.86,Четырёхместная студия с балконом (двуспальная кровать и диван),1,8.7,6.0,5580,Сочи,,2026-09-27 07:57:36.663,,,,,Сочи,январь,sochi_january.xlsx,7,9895.142857142857,2-5 км,8-9,10
"улица Ленина, д. 217А, Сочи",2027-01-02,2027-01-09,Сочи,Россия,RUB,19.739153,True,False,False,mone_apartments,True,False,Hostel,43.462414,39.899776,10215226,,75184.0,10741,Жилое Помещение в Отеле с Всесезонным Бассейном,V Otele s Vsesezonnym Basseynom Lodging House,,,,784.35,75184.0,894.25,RUB,True,2026-12-19T11:00:00Z,False,nomeal,75184.0,784.35,10741,75184.0,894.25,Номер Улучшенный семейный (двуспальная кровать),1,9.4,39.0,5580,Сочи,,2026-09-27 07:57:36.664,,,,awarded-hotel,Сочи,январь,sochi_january.xlsx,7,10740.57142857143,10-20 км,9+,10
"улица 65 лет Победы, д.48, Сириус",2027-01-02,2027-01-09,Сириус,Россия,RUB,29.084103,False,False,False,marmelad_guest_house,False,False,Guesthouse,43.3972,39.97372,13749839,,36849.0,5264,Гостевой дом Мармелад,Marmelad Guest house,,,,384.42,36849.0,438.29,RUB,False,,False,nomeal,36849.0,384.42,5264,36849.0,438.29,Люкс с видом на внутренний двор (двуспальная кровать),1,9.8,4.0,965858884,Сириус,,2026-09-27 07:57:36.664,,,,,Сочи,январь,sochi_january.xlsx,7,5264.142857142857,20+ км,9+,7
"улица Субтропическая, д. 5, Сириус",2027-01-02,2027-01-09,Сириус,Россия,RUB,27.322433,True,False,True,simsim_na_subtropicheskoy_apartments,False,True,Apartment,43.41434,39.966496,10516005,,35875.0,5125,Апартаменты Sezam 11,Sezam 11 Apartments,,,,374.26,35875.0,426.7,RUB,True,2026-12-19T12:00:00Z,False,nomeal,35875.0,374.26,5125,35875.0,426.7,Апартаменты с красивым видом из окна (двуспальная кровать и диван),1,9.3,4.0,965858884,Сириус,,2026-09-27 07:57:36.664,,,,,Сочи,январь,sochi_january.xlsx,7,5125.0,20+ км,9+,6
"улица Навагинская, д.11, Сочи",2027-01-02,2027-01-09,Сочи,Россия,RUB,0.5543563,True,False,True,mirror_s_vidom_na_navaginskuyu_apartments,True,False,Apartment,43.59023,39.725235,13662330,,63171.0,9024,Апартаменты Palma House с Видом на Навагинскую,Palma House S Vidom Na Navaginskuyu Apartments,,,,659.02,63171.0,751.36,RUB,True,2026-12-10T14:00:00Z,False,nomeal,63171.0,659.02,9024,63171.0,751.36,Двухместные апартаменты c 1 комнатой с красивым видом из окна (двуспальная кровать и диван),1,10.0,1.0,5580,Сочи,,2026-09-27 07:57:36.664,,,,,Сочи,январь,sochi_january.xlsx,7,9024.42857142857,0-2 км,9+,10
"переулок Кувшинок, д. 28, Сириус",2027-01-02,2027-01-09,Сириус,Россия,RUB,27.211388,False,False,False,sofia_guest_house_6,False,False,Cottages_and_Houses,43.411865,39.961185,11173936,,31585.0,4512,Sofiya (Sirius),Sofiya (Sirius),,,,329.51,31585.0,375.68,RUB,False,,False,nomeal,31585.0,329.51,4512,31585.0,375.68,Двухместные апартаменты (2 отдельные кровати),1,9.6,25.0,965858884,Сириус,8.0,2026-09-27 07:57:36.664,,5.0,1.0,,Сочи,январь,sochi_january.xlsx,7,4512.142857142857,20+ км,9+,10
"улица Ленина, д. 219/31А, Сочи",2027-01-02,2027-01-09,Сочи,Россия,RUB,19.292816,True,False,False,grejs_kaliforniya_4_hotel,True,False,Hotel,43.466885,39.897995,9768372,,72450.0,10350,Отель Грейс Калифорния 3*,Grejs Kaliforniya 3* Hotel,,,1532.0,755.82,72450.0,861.73,RUB,True,2026-12-26T11:00:00Z,False,nomeal,72450.0,755.82,10350,72450.0,861.73,Двухместный номер Standard (2 отдельные кровати),1,9.5,196.0,5580,Сочи,41.0,2026-09-27 07:57:36.664,3.0,,,awarded-hotel,Сочи,январь,sochi_january.xlsx,7,10350.0,10-20 км,9+,8
"район Адлерский, улица Карла Маркса, д. 1, Сочи",2027-01-02,2027-01-09,Сочи,Россия,RUB,24.180204,True,False,False,fregat_1_hotel,True,False,Hotel,43.42083,39.919254,6292926,,35831.0,5119,Отель Фрегат,Fregat Hotel,,,,373.8,35831.0,426.18,RUB,True,2026-12-26T11:00:00Z,False,nomeal,35831.0,373.8,5119,35831.0,426.18,Двухместный номер Комфорт (двуспальная кровать),1,7.5,74.0,5580,Сочи,16.0,2026-09-27 07:57:49.257,,3.9,27.0,,Сочи,январь,sochi_january.xlsx,7,5118.714285714285,20+ км,7-8,10
"улица Попова, д.11, Сириус",2027-01-02,2027-01-09,Сириус,Россия,RUB,29.989765,True,False,False,letniy_briz_guest_house,True,False,Guesthouse,43.392765,39.983536,13302364,,129679.0,18526,Гостевой дом Летний Бриз,Letniy Briz Guest house,,,,1352.86,129679.0,1542.42,RUB,True,2027-01-01T11:00:00Z,False,nomeal,129679.0,1352.86,18526,129679.0,1542.42,Двухместный номер Economy (общая ванная комната) (2 отдельные кровати),1,8.3,11.0,965858884,Сириус,,2026-09-27 07:57:49.258,,,,,Сочи,январь,sochi_january.xlsx,7,18525.571428571428,20+ км,8-9,7
"микрорайон Мамайка, Крымская улица, 83А, Сочи",2027-01-02,2027-01-09,Сочи,Россия,RUB,5.2811627,True,False,True,cuba_hotel_minihotel,True,False,Hotel,43.62807,39.693974,10829905,,34589.0,4941,Отель Куба,Cuba Hotel,,,,360.84,34589.0,411.41,RUB,True,2026-12-26T11:00:00Z,False,nomeal,34589.0,360.84,4941,34589.0,411.41,Двухместный номер Standard (двуспальная кровать),1,9.3,22.0,5580,Сочи,17.0,2026-09-27 07:57:49.258,,,,,Сочи,январь,sochi_january.xlsx,7,4941.285714285715,5-10 км,9+,10
"улица Черноморская, д.6, Сочи",2027-01-02,2027-01-09,Сочи,Россия,RUB,1.9393249,True,False,True,chernomorskaya_6_apartments,True,True,Apartment,43.569897,39.733948,11157408,,82257.0,11751,Апартаменты в Центре Сочи на Первой Береговой Линии,V Tsentre Sochi na Pervoy Beregovoy Linii Apartments,,,,858.13,82257.0,978.38,RUB,True,2026-12-26T12:00:00Z,False,nomeal,82257.0,858.13,11751,82257.0,978.38,Апартаменты с балконом и с красивым видом из окна (двуспальная кровать и диван),1,9.8,4.0,5580,Сочи,,2026-09-27 07:57:49.262,,,,,Сочи,январь,sochi_january.xlsx,7,11751.0,0-2 км,9+,10
"улица Миндальная, д.22/2, Сочи",2027-01-02,2027-01-09,Сочи,Россия,RUB,27.582352,True,False,True,mondrian_boutique_hotel,True,False,Guesthouse,43.41808,39.97578,13364128,,147000.0,21000,Гостевой дом Бутик-Отель Мондриан,Boutique-Hotel Mondrian Guest house,,,,1533.56,147000.0,1748.44,RUB,True,2026-12-30T12:00:00Z,False,nomeal,147000.0,1533.56,21000,147000.0,1748.44,Двухместный номер Standard с балконом и с видом на внутренний двор (двуспальная кровать),1,10.0,20.0,5580,Сочи,,2026-09-27 07:57:49.262,,,,,Сочи,январь,sochi_january.xlsx,7,21000.0,20+ км,9+,10
"улица Виноградная, д.216А, Сочи",2027-01-02,2027-01-09,Сочи,Россия,RUB,5.342191,True,False,False,vinograd_aparthotel,True,False,Hotel,43.63312,39.71417,11200449,,28665.0,4095,Отель Виноград,Vinograd Hotel,,,,299.04,28665.0,340.95,RUB,True,2027-01-01T21:00:00Z,False,nomeal,28665.0,299.04,4095,28665.0,340.95,Двухместная Студия с мини-кухней Эконом (двуспальная кровать) (кухня),1,8.7,66.0,5580,Сочи,12.0,2026-09-27 07:57:49.262,,,,,Сочи,январь,sochi_january.xlsx,7,4095.0,5-10 км,8-9,10
"улица Ленина, д. 286/5, Сочи",2027-01-02,2027-01-09,Сочи,Россия,RUB,18.609818,False,False,False,guest_house_violetta,True,False,Guesthouse,43.4762,39.89815,9086562,,12950.0,1850,Гостевой дом Семья,Semya Guest house,,,,135.1,12950.0,154.03,RUB,False,,False,nomeal,12950.0,135.1,1850,12950.0,154.03,Двухместный люкс (двуспальная кровать),1,9.3,50.0,5580,Сочи,,2026-09-27 07:57:49.262,,,,,Сочи,январь,sochi_january.xlsx,7,1850.0,10-20 км,9+,10
"улица Лучезарная, д.18Ак17, Сочи",2027-01-02,2027-01-09,Сочи,Россия,RUB,12.963316,True,False,False,ozdorovitelny_kompleks_divny_hotel_2,False,False,Hotel,43.669662,39.611526,11029486,,22915.0,3274,Отель Оздоровительный Комплекс Дивный,Ozdorovitelny Kompleks Divny Hotel,,,,239.06,22915.0,272.55,RUB,True,2027-01-01T11:30:00Z,False,nomeal,22915.0,239.06,3274,22915.0,272.55,Двухместный номер Standard (коттедж) (2 отдельные кровати),1,7.9,238.0,5580,Сочи,167.0,2026-09-27 07:57:49.262,3.0,3.5,184.0,,Сочи,январь,sochi_january.xlsx,7,3273.5714285714284,10-20 км,7-8,10
"улица Акаций, д.34/3, Сириус",2027-01-02,2027-01-09,Сириус,Россия,RUB,30.134323,True,False,False,morent_0707k3552_na_akatsiy_34_apartments,True,True,Apartment,43.40145,39.997677,10212950,,34910.0,4987,Апартаменты Морент с дизайнерским ремонтом в ЖК «Фрукты»,Morent s dizaynerskim remontom v ZHK Frukty Apartments,,,,364.19,34910.0,415.22,RUB,True,2026-12-19T12:00:00Z,False,nomeal,34910.0,364.19,4987,34910.0,415.22,Апартаменты с балконом и с красивым видом из окна (диван),1,9.6,7.0,965858884,Сириус,,2026-09-27 07:57:49.262,,,,,Сочи,январь,sochi_january.xlsx,7,4987.142857142857,20+ км,9+,10
"улица Куйбышева, д. 35А, Сочи",2027-01-02,2027-01-09,Сочи,Россия,RUB,23.133976,False,False,False,novoe_vremia_hotel_,True,False,Guesthouse,43.432335,39.917557,6496558,,16923.5,2418,Гостевой дом Новое Время,Novoe Vremya Guest House,,,,176.55,16923.5,201.29,RUB,False,,False,nomeal,16923.5,176.55,2418,16923.5,201.29,Двухместный номер Classic Мансарда (2 отдельные кровати),1,8.3,64.0,5580,Сочи,31.0,2026-09-27 07:57:49.262,,1.5,4.0,,Сочи,январь,sochi_january.xlsx,7,2417.6428571428573,20+ км,8-9,5
"улица Ружейная, д.49/1, Сириус",2027-01-02,2027-01-09,Сириус,Россия,RUB,27.275255,True,False,False,deus_guest_house,True,False,Hotel,43.412533,39.963226,13284745,,131250.0,18750,Меблированные комнаты Deus,Deus Guest Living quarters,,,,1369.25,131250.0,1561.11,RUB,True,2026-12-19T11:00:00Z,False,nomeal,131250.0,1369.25,18750,131250.0,1561.11,Двухместный номер Standard (двуспальная кровать),1,8.9,11.0,965858884,Сириус,18.0,2026-09-27 07:57:49.262,,,,,Сочи,январь,sochi_january.xlsx,7,18750.0,20+ км,8-9,8
"улица Роз, д. 36, Сочи",2027-01-02,2027-01-09,Сочи,Россия,RUB,0.48654884,True,False,False,rosedel_mare_apartments,False,False,Hostel,43.589428,39.720486,10622460,,38096.0,5442,Апартаменты Rose-Del Mare,Rose-Del Mare Apartments,,,,397.43,38096.0,453.12,RUB,True,2027-01-01T11:00:00Z,False,nomeal,38096.0,397.43,5442,38096.0,453.12,Двухместные апартаменты (2 отдельные кровати),1,9.6,226.0,5580,Сочи,,2026-09-27 07:57:49.262,,,,awarded-hotel,Сочи,январь,sochi_january.xlsx,7,5442.285714285715,0-2 км,9+,10
"улица Ленина, д. 219/25В, Сочи",2027-01-02,2027-01-09,Сочи,Россия,RUB,18.873121,True,False,False,zolotoy_delfin_hotel,True,False,Hotel,43.4702,39.895138,8585110,,54364.0,7766,Отель Золотой Дельфин,Zolotoy Delfin Hotel,,,,567.14,54364.0,646.61,RUB,True,2026-12-19T11:00:00Z,False,nomeal,54364.0,567.14,7766,54364.0,646.61,Двухместный номер Standard с балконом (2 отдельные кровати),1,9.1,92.0,5580,Сочи,31.0,2026-09-27 07:57:49.262,4.0,4.1,37.0,,Сочи,январь,sochi_january.xlsx,7,7766.285714285715,10-20 км,9+,10
"переулок Марсовый, д. 15/1, Сириус",2027-01-02,2027-01-09,Сириус,Россия,RUB,26.940674,False,False,False,gostevoy_dom_guest_house_2,False,False,Guesthouse,43.412495,39.957287,10517668,,21279.0,3040,Гостевой дом Модерато,Moderato Guest house,,,,221.99,21279.0,253.1,RUB,False,,False,nomeal,21279.0,221.99,3040,21279.0,253.1,Апартаменты c 1 комнатой с видом на сад (2 отдельные кровати),1,8.6,4.0,965858884,Сириус,,2026-09-27 07:57:49.262,,,,,Сочи,январь,sochi_january.xlsx,7,3039.8571428571427,20+ км,8-9,10
"улица Парусная, д. 27, Сириус",2027-01-02,2027-01-09,Сириус,Россия,RUB,26.478367,True,False,True,apartamenty_s_vidom_na_more_605_parusnaya_27,False,False,Apartment,43.407433,39.941414,10040764,,122500.0,17500,Апартаменты 605 на улице Парусная 27,605 Na Ulitse Parusnaya 27 Apartments,,,,1277.96,122500.0,1457.03,RUB,True,2026-12-03T12:00:00Z,False,nomeal,122500.0,1277.96,17500,122500.0,1457.03,Двухместные апартаменты с балконом и с видом на море (двуспальная кровать и диван) (кровать queen size),1,9.7,2.0,965858884,Сириус,,2026-09-27 07:57:49.262,,,,,Сочи,январь,sochi_january.xlsx,7,17500.0,20+ км,9+,10
"Морской переулок,  д.1/2, Сочи",2027-01-02,2027-01-09,Сочи,Россия,RUB,1.01146,False,False,False,morskoy_apart,True,False,Resort,43.576393,39.723755,10003527,,68162.0,9737,Гостиница Морской Резорт,Morskoy Resort Hotel,,,,711.09,68162.0,810.73,RUB,False,,False,nomeal,68162.0,711.09,9737,68162.0,810.73,Двухместные апартаменты Бизнес без окна (двуспальная кровать) (без окна),1,9.6,36.0,5580,Сочи,6.0,2026-09-27 07:57:49.262,,,,,Сочи,январь,sochi_january.xlsx,7,9737.42857142857,0-2 км,9+,10
"улица Прибрежная, д.16, Сочи",2027-01-02,2027-01-09,Сочи,Россия,RUB,18.351978,True,False,False,orhideya_hotel,True,False,Guesthouse,43.47554,39.893097,8745955,,41415.0,5916,Орхидея,Orhideya,,,,432.06,41415.0,492.6,RUB,True,2026-12-19T11:00:00Z,False,nomeal,41415.0,432.06,5916,41415.0,492.6,Двухместный номер Standard с балконом и с красивым видом из окна (двуспальная кровать),1,8.3,2.0,5580,Сочи,135.0,2026-09-27 07:57:49.262,,,,,Сочи,январь,sochi_january.xlsx,7,5916.428571428572,10-20 км,8-9,10
"улица Листопадная, д.7, Сириус",2027-01-02,2027-01-09,Сириус,Россия,RUB,29.304653,False,False,False,magnoliya_guest_house_5,True,False,Guesthouse,43.403526,39.98625,13100065,,62198.0,8885,Гостевой дом Магнолия,Magnoliya Guest House,,,,648.87,62198.0,739.79,RUB,False,,False,nomeal,62198.0,648.87,8885,62198.0,739.79,Апартаменты Standard с красивым видом из окна (кухня),1,9.0,21.0,965858884,Сириус,,2026-09-27 07:57:49.262,,,,,Сочи,январь,sochi_january.xlsx,7,8885.42857142857,20+ км,8-9,10
"улица Чайковского, д. 34, Сочи",2027-01-02,2027-01-09,Сочи,Россия,RUB,0.68301153,True,False,True,artapart_aparthotel,True,False,Aparthotel,43.589813,39.717087,8879668,,67776.0,9682,Апарт-Отель АРТапарт,ARTapart Apart-Hotel,,,,707.06,67776.0,806.14,RUB,True,2026-12-30T11:00:00Z,False,nomeal,67776.0,707.06,9682,67776.0,806.14,Двухместный номер с красивым видом из окна (двуспальная кровать),1,9.1,19.0,5580,Сочи,7.0,2026-09-27 07:57:49.262,,,,,Сочи,январь,sochi_january.xlsx,7,9682.285714285714,0-2 км,9+,10
"улица Чкалова, д.5Б, Сочи",2027-01-02,2027-01-09,Сочи,Россия,RUB,18.600405,True,True,False,otel_olimpiia_adler,True,False,Guesthouse,43.47484,39.89636,8160166,,31158.0,4451,Гостевой дом Олимпия,Olimpiya Guest House,,,,325.05,31158.0,370.6,RUB,True,2027-01-01T11:00:00Z,True,breakfast,31158.0,325.05,4451,31158.0,370.6,Двухместный номер Standard с балконом (2 отдельные кровати),1,9.3,148.0,5580,Сочи,37.0,2026-09-27 07:57:49.262,,4.5,22.0,awarded-hotel,Сочи,январь,sochi_january.xlsx,7,4451.142857142857,10-20 км,9+,10
"переулок Рахманинова, д. 41/9, Сочи",2027-01-02,2027-01-09,Сочи,Россия,RUB,2.7966092,True,False,False,astoriya_hotel_4,True,False,Hotel,43.609303,39.711887,11023837,,48048.0,6864,Отель Сенатор,Senator Hotel,,,1783.0,501.25,48048.0,571.49,RUB,True,2026-12-26T09:00:00Z,False,nomeal,48048.0,501.25,6864,48048.0,571.49,Трёхместный номер Standard (двуспальная кровать и односпальная кровать),1,8.5,178.0,5580,Сочи,54.0,2026-09-27 07:57:51.381,4.0,,,,Сочи,январь,sochi_january.xlsx,7,6864.0,2-5 км,8-9,10
"пгт Дагомыс, ул Ленинградская, д 21/3, Дагомыс",2027-01-02,2027-01-09,Дагомыс,Россия,RUB,9.364813,True,False,False,sea_key_cea_key_rio_guest_house,False,False,Guesthouse,43.65382,39.65498,13917076,,25098.0,3585,Sea key (Сеа кеy) Гостевой дом Рио,Sea key (Cea key) Rio Guest House,,,,261.83,25098.0,298.52,RUB,True,2026-12-31T10:30:00Z,False,nomeal,25098.0,261.83,3585,25098.0,298.52,Двухместный номер Standard (двуспальная кровать) (в главном здании),1,0.0,,965821552,Дагомыс,,2026-09-27 07:57:51.381,,,,,Сочи,январь,sochi_january.xlsx,7,3585.4285714285716,5-10 км,,10
"ул. Коммунистическая д.8, Сочи",2027-01-02,2027-01-09,Сочи,Россия,RUB,49.26641,True,False,True,delfin_hotel_10,False,False,Hotel,43.918922,39.31857,8853718,,19387.0,2770,Отель Дельфин,Delfin Hotel,,,,202.25,19387.0,230.59,RUB,True,2026-12-03T11:00:00Z,False,nomeal,19387.0,202.25,2770,19387.0,230.59,Двухместный номер Стандарт (2 отдельные кровати),1,8.8,56.0,5580,Сочи,57.0,2026-09-27 07:57:51.381,3.0,3.8,21.0,,Сочи,январь,sochi_january.xlsx,7,2769.5714285714284,20+ км,8-9,10
"Сухумское шоссе, 34/5, Сочи",2027-01-02,2027-01-09,Сочи,Россия,RUB,15.047593,True,False,False,florans_guest_house,True,False,Guesthouse,43.506245,39.874615,10470343,,38454.0,5493,Гостевой дом Флоранс,Florans Guest House,,,,401.17,38454.0,457.38,RUB,True,2026-12-19T11:00:00Z,False,nomeal,38454.0,401.17,5493,38454.0,457.38,Двухместный номер Superior с балконом и с частичным видом на море (2 отдельные кровати),1,9.8,34.0,5580,Сочи,,2026-09-27 07:57:51.381,,,,,Сочи,январь,sochi_january.xlsx,7,5493.428571428572,10-20 км,9+,10
"улица Чкалова, д.31, Сочи",2027-01-02,2027-01-09,Сочи,Россия,RUB,18.236797,True,True,True,ekodom_adler_3_hotels_and_spa,True,False,Hotel,43.478455,39.894722,9228014,,62404.0,8915,Отель Экодом Адлер,Hotel Ekodom Adler,,,,651.02,62404.0,742.24,RUB,True,2027-01-01T20:30:00Z,True,breakfast,62404.0,651.02,8915,62404.0,742.24,"Двухместный номер Стандарт, Корпус А c 1 комнатой с балконом (двуспальная кровать)",1,8.6,125.0,5580,Сочи,128.0,2026-09-27 07:57:51.381,4.0,,,,Сочи,январь,sochi_january.xlsx,7,8914.857142857143,10-20 км,8-9,10
"Ул. Камышовая 5, Сочи",2027-01-02,2027-01-09,Сочи,Россия,RUB,26.911192,True,False,False,mirniy_aparthotel,False,False,Guesthouse,43.411133,39.95483,8267221,,72100.0,10300,Гостевой дом Sunsay Life,Sunsay Life Guest House,,,,752.17,72100.0,857.57,RUB,True,2026-12-26T12:00:00Z,False,nomeal,72100.0,752.17,10300,72100.0,857.57,Апартаменты Deluxe,1,9.3,59.0,5580,Сочи,24.0,2026-09-27 07:57:51.381,,4.1,27.0,,Сочи,январь,sochi_january.xlsx,7,10300.0,20+ км,9+,10
"улица Таврическая, д.7/3, Сириус",2027-01-02,2027-01-09,Сириус,Россия,RUB,30.43187,True,False,False,red_apartments_art_layt_siti_apartament_kharden_apartments,False,True,Apartment,43.390343,39.987957,13109863,,89416.0,12774,Апартаменты Red Apartments Арт Лайт Сити апартамент Харден,Red Apartments Art Layt Siti Kharden Apartments,,,,932.82,89416.0,1063.53,RUB,True,2026-12-19T12:00:00Z,False,nomeal,89416.0,932.82,12774,89416.0,1063.53,Апартаменты Standard с балконом и с видом на город (двуспальная кровать и диван),1,0.0,,965858884,Сириус,,2026-09-27 07:57:51.381,,,,,Сочи,январь,sochi_january.xlsx,7,12773.714285714286,20+ км,,9
"улица Учительская, д.7, Сочи",2027-01-02,2027-01-09,Сочи,Россия,RUB,1.6478062,True,False,False,sharden_apartments,False,False,Hostel,43.57363,39.735413,9987174,,27497.0,3928,Жилое помещение Учительская 7,Uchitelskaya 7 Lodging House,,,,286.86,27497.0,327.05,RUB,True,2027-01-01T09:00:00Z,False,nomeal,27497.0,286.86,3928,27497.0,327.05,Студия с диваном Standard (диван),1,9.0,120.0,5580,Сочи,,2026-09-27 07:57:51.381,,4.3,12.0,,Сочи,январь,sochi_january.xlsx,7,3928.1428571428573,0-2 км,8-9,10
"улица Ленина, д.217А, Сочи",2027-01-02,2027-01-09,Сочи,Россия,RUB,19.739153,True,False,True,polulyuks_v_ak_mane_s_basseynom_uk_voznesenskiy_apartments,True,False,Apartment,43.462414,39.899776,13710532,,83119.0,11874,Апартаменты Полулюкс с бассейном УК Вознесенский,Polulyuks S Basseynom Uk Voznesenskiy Apartments,,,,867.13,83119.0,988.63,RUB,True,2026-12-23T12:00:00Z,False,nomeal,83119.0,867.13,11874,83119.0,988.63,Апартаменты с 2 комнатами с балконом (двуспальная кровать и диван),1,9.8,10.0,5580,Сочи,,2026-09-27 07:57:51.381,,,,,Сочи,январь,sochi_january.xlsx,7,11874.142857142857,10-20 км,9+,10
"улица Жемчужная, д.6/5, Сочи",2027-01-02,2027-01-09,Сочи,Россия,RUB,22.678293,True,False,False,_0x354af,False,False,Guesthouse,43.437733,39.91724,6712799,,16272.0,2325,Гостевой дом Замок на Жемчужной,Zamok na Zhemchuzhnoy Guest House,,,,169.76,16272.0,193.54,RUB,True,2026-12-19T10:30:00Z,False,nomeal,16272.0,169.76,2325,16272.0,193.54,Двухместный номер Economy (общая ванная комната) (двуспальная кровать),1,7.8,47.0,5580,Сочи,,2026-09-27 07:57:51.381,,,,,Сочи,январь,sochi_january.xlsx,7,2324.5714285714284,20+ км,7-8,10
"улица Ленинградская, д.45В, Дагомыс",2027-01-02,2027-01-09,Дагомыс,Россия,RUB,9.118978,True,False,False,vdokhnovenie_guest_house,False,False,Hotel,43.65135,39.65549,13299201,,33274.0,4753,Меблированные комнаты Вдохновение,Vdokhnovenie Living Quarters,,,,347.13,33274.0,395.77,RUB,True,2026-12-19T11:00:00Z,False,nomeal,33274.0,347.13,4753,33274.0,395.77,Двухместный номер Superior с 2 комнатами с балконом (двуспальная кровать и диван) (тип кровати может измениться),1,9.6,8.0,965821552,Дагомыс,,2026-09-27 07:57:51.382,,,,,Сочи,январь,sochi_january.xlsx,7,4753.428571428572,5-10 км,9+,6
"улица Просвещения, д.194, Сочи",2027-01-02,2027-01-09,Сочи,Россия,RUB,17.56513,True,False,False,rafael_guest_house,False,False,Guesthouse,43.484386,39.89073,6308053,,19394.0,2771,Гостевой Дом Рафаэль,Rafael Guest house,,,,202.33,19394.0,230.67,RUB,True,2027-01-01T11:00:00Z,False,nomeal,19394.0,202.33,2771,19394.0,230.67,Двухместный номер Standard с балконом (2 отдельные кровати),1,10.0,1.0,5580,Сочи,8.0,2026-09-27 07:57:51.382,,,,,Сочи,январь,sochi_january.xlsx,7,2770.5714285714284,10-20 км,9+,10
"улица Чайковского, д. 34, Сочи",2027-01-02,2027-01-09,Сочи,Россия,RUB,0.674482,True,False,False,lux_apartamentyi_merilin_monroe_v_tsentre_sochi,True,True,Apartment,43.58979,39.717205,9996113,,49911.0,7130,Апартаменты Lux Merilin Monroe,Lux Merilin Monroe Apartments,,,,520.69,49911.0,593.65,RUB,True,2026-12-30T11:00:00Z,False,nomeal,49911.0,520.69,7130,49911.0,593.65,Люкс с красивым видом из окна (двуспальная кровать),1,8.3,19.0,5580,Сочи,,2026-09-27 07:57:51.382,,,,,Сочи,январь,sochi_january.xlsx,7,7130.142857142857,0-2 км,8-9,10
"Садоводческое товарищество Отдых, д.14, Сочи",2027-01-02,2027-01-09,Сочи,Россия,RUB,7.418771,True,False,True,s_basseynom_mansardoy_i_vidom_na_gory_private_house,True,True,Cottages_and_Houses,43.650455,39.70189,11022623,,213736.0,30534,Частный Дом с Бассейном Мансардой и Видом на Горы,S Basseynom Mansardoy I Vidom Na Gory Private house,,,,2229.77,213736.0,2542.21,RUB,True,2026-12-23T12:00:00Z,False,nomeal,213736.0,2229.77,30534,213736.0,2542.21,Шестиместный коттедж (3 двуспальные кровати и диван),1,9.8,1.0,5580,Сочи,,2026-09-27 07:57:51.382,,,,,Сочи,январь,sochi_january.xlsx,7,30533.714285714286,5-10 км,9+,10
"улица Декабристов, д. 193/3, Сочи",2027-01-02,2027-01-09,Сочи,Россия,RUB,14.017275,True,False,True,seashell_apartamentyi,False,False,Guesthouse,43.677917,39.60451,9991637,,49000.0,7000,Гостевой дом Ракушка,Rakushka Guest House,,,,511.19,49000.0,582.81,RUB,True,2026-12-19T11:00:00Z,False,nomeal,49000.0,511.19,7000,49000.0,582.81,Студия с балконом и с красивым видом из окна (двуспальная кровать),1,9.5,20.0,5580,Сочи,,2026-09-27 07:57:51.382,,,,,Сочи,январь,sochi_january.xlsx,7,7000.0,10-20 км,9+,10
"Перелётная улица, д. 24, Сириус",2027-01-02,2027-01-09,Сириус,Россия,RUB,27.231411,True,False,True,morekvartir_v_siriuse_panoramnye_okna_1015_minut_do_morya_beskontaktnoye_zaselenie_apartments,True,False,Apartment,43.411892,39.961575,13943408,,63820.0,9117,Апартаменты Мореквартир в Сириусе Панорамные окна 10–15 минут до моря| Бесконтактное заселение,Morekvartir V Siriuse Panoramnye Okna 10-15 Minut Do Morya| Beskontaktnoye Zaselenie Apartments,,,,665.79,63820.0,759.08,RUB,True,2026-12-28T12:00:00Z,False,nomeal,63820.0,665.79,9117,63820.0,759.08,Студия (двуспальная кровать и диван),1,0.0,,965858884,Сириус,,2026-09-27 07:57:51.464,,,,,Сочи,январь,sochi_january.xlsx,7,9117.142857142857,20+ км,,10
"улица Виноградная, д.33/3, Сочи",2027-01-02,2027-01-09,Сочи,Россия,RUB,2.085949,True,True,False,chajka_butikhotel,False,False,Hotel,43.6006,39.707745,9079383,,110561.0,15794,Отель Полет Чайки,Polet Chaiki Hotel,,,,1153.41,110561.0,1315.03,RUB,True,2026-12-19T12:00:00Z,True,breakfast,110561.0,1153.41,15794,110561.0,1315.03,Двухместный номер Superior (двуспальная кровать) (тип кровати может измениться),1,9.4,116.0,5580,Сочи,37.0,2026-09-27 07:57:51.464,4.0,3.6,51.0,,Сочи,январь,sochi_january.xlsx,7,15794.42857142857,2-5 км,9+,10
"улица Богдана Хмельницкого, д.68, Сочи",2027-01-02,2027-01-09,Сочи,Россия,RUB,23.319382,True,False,False,malekon,True,False,Hotel,43.429024,39.915943,7814879,,43863.0,6266,Отель Малекон 3* by Provence,Hotel Malekon 3* by Provence,,,1785.0,457.59,43863.0,521.71,RUB,True,2027-01-01T09:00:00Z,False,nomeal,43863.0,457.59,6266,43863.0,521.71,Двухместный номер Эконом (без окна) (двуспальная кровать) (без окна),1,9.2,167.0,5580,Сочи,39.0,2026-09-27 07:57:51.464,3.0,,,,Сочи,январь,sochi_january.xlsx,7,6266.142857142857,20+ км,9+,10
"улица Ленина, д. 221/8, Адлер",2027-01-02,2027-01-09,Адлер,Россия,RUB,17.73385,True,False,True,azalea_yanais,True,False,Hotel,43.484104,39.893127,11314212,,31862.0,4552,Отель Янаис,Yanais Hotel,,,,332.4,31862.0,378.97,RUB,True,2027-01-01T10:30:00Z,False,nomeal,31862.0,332.4,4552,31862.0,378.97,Двухместный номер Стандарт (двуспальная кровать) (тип кровати может измениться),1,7.2,111.0,299,Адлер,42.0,2026-09-27 07:57:51.464,,3.8,43.0,,Сочи,январь,sochi_january.xlsx,7,4551.714285714285,10-20 км,7-8,6
"улица Диброва, д.8, Сириус",2027-01-02,2027-01-09,Сириус,Россия,RUB,30.528378,False,False,False,semeyniy_kvartal_hotel,False,False,Hotel,43.39318,39.993557,11346721,,28200.0,4029,Отель Семейный Квартал,Semeyniy kvartal Hotel,,,,294.19,28200.0,335.41,RUB,False,,False,nomeal,28200.0,294.19,4029,28200.0,335.41,Трёхместный номер (3 отдельные кровати),1,6.9,761.0,965858884,Сириус,1244.0,2026-09-27 07:57:51.464,3.0,3.6,621.0,,Сочи,январь,sochi_january.xlsx,7,4028.5714285714284,20+ км,<7,10
"улица Голубая, д.11, Сириус",2027-01-02,2027-01-09,Сириус,Россия,RUB,26.783777,True,False,False,morskoy_kvartal_red_apartments_apartments,False,True,Apartment,43.40537,39.943913,10292828,,159951.0,22850,Апартаменты Red Apartments Морской Квартал Посейдон,Red Apartments Morskoy Kvartal Poseidon Apartments,,,,1668.67,159951.0,1902.48,RUB,True,2026-12-19T12:00:00Z,False,nomeal,159951.0,1668.67,22850,159951.0,1902.48,Апартаменты с балконом и с красивым видом из окна (двухъярусная кровать и диван),1,0.0,,965858884,Сириус,,2026-09-27 07:57:57.704,,,,,Сочи,январь,sochi_january.xlsx,7,22850.14285714286,20+ км,,10
"улица Просвещения, 115/1, Сочи",2027-01-02,2027-01-09,Сочи,Россия,RUB,18.148884,True,False,True,hotel_chayka_4,True,False,Guesthouse,43.477875,39.892582,11236596,,131250.0,18750,Гостевой дом Чайка,Сhayka Guest House,,,,1369.25,131250.0,1561.11,RUB,True,2026-12-26T11:00:00Z,False,nomeal,131250.0,1369.25,18750,131250.0,1561.11,Двухместный номер Standard с балконом (2 отдельные кровати),1,8.4,63.0,5580,Сочи,15.0,2026-09-27 07:57:57.704,,,,,Сочи,январь,sochi_january.xlsx,7,18750.0,10-20 км,8-9,10
"улица Пирогова, д.5/10, Сочи",2027-01-02,2027-01-09,Сочи,Россия,RUB,2.4578352,True,False,True,santorini_apartment_hotel,False,False,Apartment,43.60412,39.706657,13362186,,103899.0,14843,Апартаменты Санторини,Santorini Apartment,,,,1083.91,103899.0,1235.79,RUB,True,2026-12-18T11:00:00Z,False,nomeal,103899.0,1083.91,14843,103899.0,1235.79,Люкс Superior с балконом,1,9.9,3.0,5580,Сочи,,2026-09-27 07:57:57.704,,,,,Сочи,январь,sochi_january.xlsx,7,14842.714285714286,2-5 км,9+,10
"ул. Войкова, д. 16/23, Сочи",2027-01-02,2027-01-09,Сочи,Россия,RUB,0.48411143,True,False,False,apartotel_emerald,True,False,Aparthotel,43.581142,39.722603,10153352,,85303.0,12186,Апарт-отель Эмеральд 4* by Provence,Аpart-hotel Emerald 4* by Provence,,,1785.0,889.91,85303.0,1014.61,RUB,True,2026-12-30T09:00:00Z,False,nomeal,85303.0,889.91,12186,85303.0,1014.61,Двухместные апартаменты Классик (двуспальная кровать),1,9.2,92.0,5580,Сочи,36.0,2026-09-27 07:57:57.704,4.0,,,,Сочи,январь,sochi_january.xlsx,7,12186.142857142857,0-2 км,9+,8
"Курортный проспект, д.59, Сочи",2027-01-02,2027-01-09,Сочи,Россия,RUB,1.2269249,True,False,True,barselona_park_apartments_1,True,False,Apartment,43.575657,39.73006,13433087,,81932.0,11705,Апартамент Уютный Семейный в Центре города у моря,Uyutny Semeiny v Centre Goroda u Morya Apartment,,,,854.74,81932.0,974.51,RUB,True,2026-12-04T07:00:00Z,False,nomeal,81932.0,854.74,11705,81932.0,974.51,Двухместный семейный люкс с красивым видом из окна (двуспальная кровать и диван),1,8.0,1.0,5580,Сочи,,2026-09-27 07:57:57.704,,,,,Сочи,январь,sochi_january.xlsx,7,11704.57142857143,0-2 км,7-8,10
"ул. Эвкалиптовая, д. 26, Сочи",2027-01-02,2027-01-09,Сочи,Россия,RUB,47.31136,True,False,False,hotel_monarch_6,True,False,Guesthouse,43.90957,39.340866,9992011,,20420.0,2917,Гостевой дом Монарх,Monarch Guest house,,,,213.03,20420.0,242.88,RUB,True,2026-12-19T11:00:00Z,False,nomeal,20420.0,213.03,2917,20420.0,242.88,Двухместный номер Standard (2 отдельные кровати),1,9.1,43.0,5580,Сочи,,2026-09-27 07:57:57.704,,,,,Сочи,январь,sochi_january.xlsx,7,2917.1428571428573,20+ км,9+,10
"Курортный проспект, д.86, Сочи",2027-01-02,2027-01-09,Сочи,Россия,RUB,2.8810601,False,False,False,luciano_hotel_spa_sochi_hotel,False,False,Hotel,43.56718,39.74846,11161658,,170132.0,24305,Отель Luciano Hotel & Spa Sochi,Luciano Hotel & Spa Sochi Hotel,,,,1774.88,170132.0,2023.57,RUB,False,,False,nomeal,170132.0,1774.88,24305,170132.0,2023.57,Двухместный номер Стандарт для людей с особыми потребностями (2 отдельные кровати) (для гостей с ограниченными возможностями),1,9.5,39.0,5580,Сочи,104.0,2026-09-27 07:57:57.704,5.0,,,awarded-hotel,Сочи,январь,sochi_january.xlsx,7,24304.571428571428,2-5 км,9+,10
"улица Володарского, д.6к3, Сочи",2027-01-02,2027-01-09,Сочи,Россия,RUB,14.328588,True,False,False,marine_garden_by_m2_grupp_standart_city_dvukhkomnatny_3_korpus_192_apartments,True,False,Apartment,43.517086,39.873936,13950965,,45923.0,6560,Апартаменты Marine Garden by М2 Групп Стандарт City двухкомнатный 3 корпус 192,Marine Garden by M2 Grupp Standart City Dvukhkomnatny 3 Korpus 192 Apartments,,,,479.08,45923.0,546.21,RUB,True,2027-01-01T11:00:00Z,False,nomeal,45923.0,479.08,6560,45923.0,546.21,Двухместные апартаменты с 2 комнатами с балконом (двуспальная кровать и диван),1,9.4,1.0,5580,Сочи,,2026-09-27 07:57:57.704,,,,,Сочи,январь,sochi_january.xlsx,7,6560.428571428572,10-20 км,9+,10
"Парусная улица, д.13, Сириус",2027-01-02,2027-01-09,Сириус,Россия,RUB,26.789825,True,False,True,apartamentyi_imeretinskiy_on_parusnaya_13,False,False,Apartment,43.405678,39.944504,10000826,,69266.0,9895,Апартаменты Imeretinskiy on Parusnaya 13,Imeretinskiy On Parusnaya 13 Apartments,,,,722.61,69266.0,823.86,RUB,True,2026-12-19T12:00:00Z,False,nomeal,69266.0,722.61,9895,69266.0,823.86,Апартаменты Superior с балконом и с видом на море,1,8.8,12.0,965858884,Сириус,,2026-09-27 07:57:57.704,,,,,Сочи,январь,sochi_january.xlsx,7,9895.142857142857,20+ км,8-9,10
"Туристская улица, 1, Сочи",2027-01-02,2027-01-09,Сочи,Россия,RUB,53.916615,True,False,False,apartment_hotel_rentasfera_ashe_platinum,False,False,Aparthotel,43.952206,39.28314,13225829,,50532.0,7219,Апарт-отель РентаСфера Аше Платинум,RentaSfera Ashe Platinum Apart-hotel,,,,527.17,50532.0,601.03,RUB,True,2026-12-31T21:00:00Z,False,nomeal,50532.0,527.17,7219,50532.0,601.03,Студия Deluxe с балконом (двуспальная кровать),1,8.8,7.0,5580,Сочи,28.0,2026-09-27 07:57:57.704,,,,,Сочи,январь,sochi_january.xlsx,7,7218.857142857143,20+ км,8-9,10
